DeviceTimeStamp,temperature,current,voltage
2019-06-27 09:45:00,0.0,0.0,234.8798594847775
2019-06-27 10:00:00,0.0,0.0,236.192037470726
2019-06-27 10:15:00,0.0,0.0,237.50421545667447
2019-06-27 10:30:00,0.0,0.0,238.81639344262294
2019-06-27 10:45:00,0.0,0.0,240.12857142857143
2019-06-27 11:00:00,0.0,0.0,241.3
2019-06-27 11:15:00,0.0,0.0,240.96999999999997
2019-06-27 11:30:00,19.428571428571427,0.0,240.0142857142857
2019-06-27 11:45:00,34.0,0.0,239.73333333333335
2019-06-27 12:00:00,34.0,0.0,239.85833333333335
2019-06-27 12:15:00,34.0,0.0,239.475
2019-06-27 12:30:00,34.0,0.0,240.48000000000002
2019-06-27 12:45:00,34.0,0.0,240.3692307692308
2019-06-27 13:00:00,34.0,0.0,240.82000000000002
2019-06-27 13:15:00,34.0,0.0,239.6
2019-06-27 13:30:00,34.0,0.0,238.0
2019-06-27 13:45:00,34.46666666666667,0.0,238.48
2019-06-27 14:00:00,35.0,0.0,238.92666666666668
2019-06-27 14:15:00,35.0,0.0,237.36666666666667
2019-06-27 14:30:00,35.0,0.0,236.97692307692307
2019-06-27 14:45:00,35.0,0.0,236.4923076923077
2019-06-27 15:00:00,35.0,0.0,237.09
2019-06-27 15:15:00,35.0,0.0,237.33076923076925
2019-06-27 15:30:00,30.0,0.0,236.91428571428574
2019-06-27 15:45:00,30.039473684210527,0.0,236.9404135338346
2019-06-27 16:00:00,30.07894736842105,0.0,236.9665413533835
2019-06-27 16:15:00,30.11842105263158,0.0,236.99266917293235
2019-06-27 16:30:00,30.157894736842106,0.0,237.0187969924812
2019-06-28 09:30:00,32.8421052631579,0.0,238.79548872180453
2019-06-28 09:45:00,32.88157894736842,0.0,238.8216165413534
2019-06-28 10:00:00,32.921052631578945,0.0,238.84774436090225
2019-06-28 10:15:00,32.96052631578947,0.0,238.87387218045114
2019-06-28 10:30:00,33.0,0.0,238.9
2019-06-28 10:45:00,34.0,0.0,238.73999999999998
2019-06-28 11:00:00,34.0,0.0,238.3
2019-06-28 11:15:00,34.0,0.0,237.75
2019-06-28 11:30:00,34.0,0.0,237.9725
2019-06-28 11:45:00,34.0,0.0,238.195
2019-06-28 12:00:00,34.0,0.0,238.41750000000002
2019-06-28 12:15:00,34.0,0.0,238.64000000000001
2019-06-28 12:30:00,34.0,0.0,238.55555555555554
2019-06-28 12:45:00,34.0,0.0,238.77333333333334
2019-06-28 13:00:00,34.0,0.0,241.08571428571426
2019-06-28 13:15:00,34.0,0.0,241.4466666666667
2019-06-28 13:30:00,34.46666666666667,0.0,241.15333333333334
2019-06-28 13:45:00,34.93333333333333,0.0,239.38
2019-06-28 14:00:00,34.857142857142854,0.0,236.94285714285712
2019-06-28 14:15:00,35.0,0.0,236.73333333333332
2019-06-28 14:30:00,35.0,0.0,236.44666666666666
2019-06-28 14:45:00,35.0,0.0,237.75333333333336
2019-06-28 15:00:00,35.0,0.0,237.65333333333334
2019-06-28 15:15:00,34.733333333333334,0.0,237.97333333333333
2019-06-28 15:30:00,35.0,0.0,238.15333333333334
2019-06-28 15:45:00,35.0,0.0,238.44
2019-06-28 16:00:00,35.0,0.0,238.60666666666665
2019-06-28 16:15:00,35.0,0.0,239.2866666666667
2019-06-28 16:30:00,35.0,0.0,239.51333333333332
2019-06-28 16:45:00,35.0,0.0,239.66
2019-06-28 17:00:00,35.0,0.0,240.28
2019-06-28 17:15:00,34.86666666666667,0.0,240.47333333333333
2019-06-28 17:30:00,34.06666666666667,0.0,240.39333333333335
2019-06-28 17:45:00,34.0,0.0,240.51999999999998
2019-06-28 18:00:00,33.96969696969697,0.0,240.53939393939393
2019-06-28 18:15:00,33.93939393939394,0.0,240.55878787878785
2019-06-28 18:30:00,33.90909090909091,0.0,240.5781818181818
2019-06-28 18:45:00,33.878787878787875,0.0,240.59757575757573
2019-06-29 09:15:00,32.121212121212125,0.0,241.72242424242424
2019-06-29 09:30:00,32.09090909090909,0.0,241.74181818181816
2019-06-29 09:45:00,32.06060606060606,0.0,241.7612121212121
2019-06-29 10:00:00,32.03030303030303,0.0,241.78060606060603
2019-06-29 10:15:00,32.0,0.0,241.79999999999998
2019-06-29 10:30:00,32.333333333333336,0.0,241.63333333333333
2019-06-29 10:45:00,32.666666666666664,0.0,241.4666666666667
2019-06-29 11:00:00,33.0,0.0,241.30000000000004
2019-06-29 11:15:00,33.0,0.0,240.75384615384615
2019-06-29 11:30:00,33.0,0.0,240.1769230769231
2019-06-29 11:45:00,33.0,0.0,239.93571428571428
2019-06-29 12:00:00,33.0,0.0,240.4
2019-06-29 12:15:00,33.0,0.0,240.65555555555557
2019-06-29 12:30:00,33.0,0.0,241.4
2019-06-29 12:45:00,28.875,0.0,242.675
2019-06-29 13:00:00,33.0,0.0,244.31428571428572
2019-06-29 13:15:00,33.0,0.0,244.85
2019-06-29 13:30:00,33.0,0.0,243.8083333333333
2019-06-29 13:45:00,33.0,0.0,244.22666666666666
2019-06-29 14:00:00,33.0,0.0,244.30666666666667
2019-06-29 14:15:00,33.0,0.0,243.45333333333335
2019-06-29 14:30:00,33.0,0.0,242.96666666666667
2019-06-29 14:45:00,33.0,0.0,242.23999999999998
2019-06-29 15:00:00,33.0,0.0,242.88666666666668
2019-06-29 15:15:00,33.0,0.0,242.33333333333334
2019-06-29 15:30:00,33.0,0.0,242.64
2019-06-29 15:45:00,33.0,0.0,243.65333333333334
2019-06-29 16:00:00,33.0,0.0,244.34
2019-06-29 16:15:00,32.93333333333333,0.0,244.94
2019-06-29 16:30:00,33.0,0.0,245.06666666666666
2019-06-29 16:45:00,33.0,0.0,244.73333333333332
2019-06-29 17:00:00,32.13333333333333,0.0,245.00666666666666
2019-06-29 17:15:00,32.5,0.0,244.35000000000002
2019-06-29 17:30:00,32.47941176470588,0.0,242.91264705882355
2019-06-29 17:45:00,32.45882352941177,0.0,241.47529411764708
2019-06-29 18:00:00,32.438235294117646,0.0,240.0379411764706
2019-06-29 18:15:00,32.417647058823526,0.0,238.60058823529414
2019-07-01 12:15:00,29.0,0.2666666666666667,163.26666666666668
2019-07-01 12:30:00,29.0,0.4,244.9
2019-07-01 12:45:00,29.11111111111111,0.35555555555555557,245.06666666666666
2019-07-01 13:00:00,29.22222222222222,0.3111111111111111,245.23333333333335
2019-07-01 13:15:00,29.333333333333332,0.26666666666666666,245.4
2019-07-01 13:30:00,29.444444444444443,0.22222222222222224,245.56666666666666
2019-07-01 13:45:00,29.555555555555557,0.17777777777777778,245.73333333333335
2019-07-01 14:00:00,29.666666666666668,0.1333333333333333,245.9
2019-07-01 14:15:00,29.77777777777778,0.08888888888888885,246.06666666666666
2019-07-01 14:30:00,29.88888888888889,0.04444444444444445,246.23333333333335
2019-07-01 14:45:00,30.0,0.0,246.4
2019-07-01 15:00:00,30.0,0.0,246.475
2019-07-01 15:15:00,30.0,0.0,246.55
2019-07-01 15:30:00,30.0,0.0,246.625
2019-07-01 15:45:00,30.0,0.0,246.7
2019-07-01 16:00:00,30.0,0.0,246.775
2019-07-01 16:15:00,30.0,0.0,246.85
2019-07-01 16:30:00,30.0,0.0,246.925
2019-07-01 16:45:00,30.0,0.0,247.0
2019-07-01 17:00:00,30.0,0.0,247.05
2019-07-01 17:15:00,30.0,0.0,247.1
2019-07-01 17:30:00,30.0,0.0,246.3
2019-07-01 17:45:00,30.0,0.0,247.10000000000002
2019-07-01 18:00:00,30.0,0.0,247.9
2019-07-01 18:15:00,29.96923076923077,0.0,247.8353846153846
2019-07-01 18:30:00,29.93846153846154,0.0,247.77076923076925
2019-07-01 18:45:00,29.907692307692308,0.0,247.70615384615385
2019-07-01 19:00:00,29.876923076923077,0.0,247.64153846153846
2019-07-02 09:15:00,28.123076923076923,0.0,243.95846153846153
2019-07-02 09:30:00,28.092307692307692,0.0,243.89384615384614
2019-07-02 09:45:00,28.06153846153846,0.0,243.82923076923075
2019-07-02 10:00:00,28.03076923076923,0.0,243.76461538461538
2019-07-02 10:15:00,28.0,0.0,243.7
2019-07-02 10:30:00,28.0,0.0,243.13333333333333
2019-07-02 10:45:00,28.0,0.0,242.56666666666666
2019-07-02 11:00:00,28.0,0.0,242.0
2019-07-02 11:15:00,28.2,0.0,242.18
2019-07-02 11:30:00,28.4,0.0,242.36
2019-07-02 11:45:00,28.6,0.0,242.54
2019-07-02 12:00:00,28.8,0.0,242.72
2019-07-02 12:15:00,29.0,0.0,242.9
2019-07-02 12:30:00,29.0,0.0,242.65
2019-07-02 12:45:00,29.0,0.0,242.4
2019-07-02 13:00:00,29.0,0.0,244.4
2019-07-02 13:15:00,29.0,0.0,244.85
2019-07-02 13:30:00,29.0,0.0,245.3
2019-07-02 13:45:00,29.0,0.0,245.60000000000002
2019-07-02 14:00:00,29.0,0.0,245.9
2019-07-02 14:15:00,29.0,0.0,244.5
2019-07-02 14:30:00,29.0,0.0,244.475
2019-07-02 14:45:00,29.0,0.0,244.45
2019-07-02 15:00:00,29.0,0.0,244.425
2019-07-02 15:15:00,29.0,0.0,244.4
2019-07-02 15:30:00,29.0,0.0,244.3
2019-07-02 15:45:00,29.0,0.0,244.8
2019-07-02 16:00:00,29.0,0.0,244.4
2019-07-02 16:15:00,14.5,0.0,244.45
2019-07-02 16:30:00,0.0,0.0,244.5
2019-07-02 16:45:00,0.3815789473684211,0.0,244.46052631578948
2019-07-02 17:00:00,0.7631578947368421,0.0,244.42105263157896
2019-07-02 17:15:00,1.144736842105263,0.0,244.3815789473684
2019-07-02 17:30:00,1.5263157894736843,0.0,244.3421052631579
2019-07-03 10:30:00,27.473684210526315,0.0,241.6578947368421
2019-07-03 10:45:00,27.855263157894736,0.0,241.6184210526316
2019-07-03 11:00:00,28.236842105263158,0.0,241.57894736842104
2019-07-03 11:15:00,28.61842105263158,0.0,241.53947368421052
2019-07-03 11:30:00,29.0,0.0,241.5
2019-07-03 11:45:00,29.25,0.0,241.975
2019-07-03 12:00:00,29.5,0.0,242.45
2019-07-03 12:15:00,29.75,0.0,242.92499999999998
2019-07-03 12:30:00,30.0,0.0,243.39999999999998
2019-07-03 12:45:00,30.0,0.0,244.76666666666665
2019-07-03 13:00:00,30.0,0.0,246.46666666666667
2019-07-03 13:15:00,30.0,0.0,245.7
2019-07-03 13:30:00,30.0,0.0,246.36666666666667
2019-07-03 13:45:00,30.0,0.0,247.14999999999998
2019-07-03 14:00:00,30.0,0.0,246.9333333333333
2019-07-03 14:15:00,30.0,0.0,245.5
2019-07-03 14:30:00,30.0,0.0,244.95
2019-07-03 14:45:00,30.0,0.0,244.55
2019-07-03 15:00:00,30.0,0.0,245.2
2019-07-03 15:15:00,30.0,0.0,245.83333333333331
2019-07-03 15:30:00,30.0,0.0,246.46666666666667
2019-07-03 15:45:00,30.0,0.0,246.05
2019-07-03 16:00:00,30.0,0.0,246.4333333333333
2019-07-03 16:15:00,30.0,0.0,245.53333333333333
2019-07-03 16:30:00,31.0,0.0,246.1
2019-07-03 16:45:00,31.0,0.0,245.6
2019-07-03 17:00:00,31.0,0.0,245.1
2019-07-03 17:15:00,31.0,0.0,245.2
2019-07-03 17:30:00,31.0,0.0,245.1
2019-07-03 17:45:00,30.97222222222222,0.0,245.025
2019-07-03 18:00:00,30.944444444444443,0.0,244.95
2019-07-03 18:15:00,30.916666666666668,0.0,244.875
2019-07-03 18:30:00,30.88888888888889,0.0,244.79999999999998
2019-07-04 10:30:00,29.11111111111111,0.0,240.0
2019-07-04 10:45:00,29.083333333333332,0.0,239.92499999999998
2019-07-04 11:00:00,29.055555555555557,0.0,239.85
2019-07-04 11:15:00,29.02777777777778,0.0,239.77499999999998
2019-07-04 11:30:00,29.0,0.0,239.7
2019-07-04 11:45:00,30.0,0.0,239.925
2019-07-04 12:00:00,30.0,0.0,240.60000000000002
2019-07-04 12:15:00,30.0,0.0,241.2
2019-07-04 12:30:00,30.0,0.0,242.325
2019-07-04 12:45:00,30.0,0.0,243.45
2019-07-04 13:00:00,30.0,0.0,244.575
2019-07-04 13:15:00,30.0,0.0,245.7
2019-07-04 13:30:00,30.0,0.0,243.71818181818182
2019-07-04 13:45:00,30.0,0.0,243.75
2019-07-04 14:00:00,30.0,0.0,243.3
2019-07-04 14:15:00,31.0,0.0,243.0
2019-07-04 14:30:00,31.0,0.0,242.5
2019-07-04 14:45:00,31.0,0.0,243.9
2019-07-04 15:00:00,31.0,0.0,241.5
2019-07-04 15:15:00,31.0,0.0,242.6
2019-07-04 15:30:00,31.0,0.0,242.1
2019-07-04 15:45:00,31.0,0.0,244.2
2019-07-04 16:00:00,31.0,0.0,243.4
2019-07-04 16:15:00,31.0,0.0,243.2
2019-07-04 16:30:00,31.0,0.0,241.9
2019-07-04 16:45:00,31.0,0.0,244.9
2019-07-04 17:00:00,31.0,0.1,245.64999999999998
2019-07-04 17:15:00,31.0,0.2,246.8
2019-07-04 17:30:00,31.0,0.2,245.25
2019-07-04 17:45:00,31.0,0.2,243.7
2019-07-04 18:00:00,31.0,0.2,244.9
2019-07-04 18:15:00,31.0,0.2,244.9
2019-07-04 18:30:00,31.0,0.2,244.8
2019-07-04 18:45:00,31.0,0.2,246.7
2019-07-04 19:00:00,31.0,0.2,244.7
2019-07-04 19:15:00,30.0,0.2,244.3
2019-07-04 19:30:00,30.0,0.2,244.8
2019-07-04 19:45:00,30.0,0.2,245.4
2019-07-04 20:00:00,30.0,0.2,248.4
2019-07-04 20:15:00,30.0,0.2,249.1
2019-07-04 20:30:00,30.0,0.2,250.8
2019-07-04 20:45:00,30.0,0.2,251.8
2019-07-04 21:00:00,30.0,0.2,252.2
2019-07-04 21:15:00,30.0,0.2,252.8
2019-07-04 21:30:00,30.0,0.2,252.7
2019-07-04 21:45:00,30.0,0.2,253.1
2019-07-04 22:00:00,30.0,0.2,252.6
2019-07-04 22:15:00,30.0,0.2,252.1
2019-07-04 22:30:00,30.0,0.2,252.9
2019-07-04 22:45:00,30.0,0.2,253.6
2019-07-04 23:00:00,29.0,0.2,254.6
2019-07-04 23:15:00,29.0,0.2,255.4
2019-07-04 23:30:00,29.0,0.2,255.0
2019-07-04 23:45:00,29.0,0.2,256.2
2019-07-05 00:00:00,29.0,0.2,256.2
2019-07-05 00:15:00,29.0,0.2,255.7
2019-07-05 00:30:00,29.0,0.2,256.6
2019-07-05 00:45:00,29.0,0.2,256.5
2019-07-05 01:00:00,29.0,0.2,256.7
2019-07-05 01:15:00,29.0,0.2,257.4
2019-07-05 01:30:00,29.0,0.2,257.4
2019-07-05 01:45:00,29.0,0.2,257.3
2019-07-05 02:00:00,29.0,0.2,257.8
2019-07-05 02:15:00,29.0,0.2,256.8
2019-07-05 02:30:00,29.0,0.2,258.0
2019-07-05 02:45:00,29.0,0.2,258.0
2019-07-05 03:00:00,29.0,0.2,257.8
2019-07-05 03:15:00,29.0,0.2,258.8
2019-07-05 03:30:00,29.0,0.2,257.9
2019-07-05 03:45:00,29.0,0.2,258.0
2019-07-05 04:00:00,29.0,0.2,256.8
2019-07-05 04:15:00,29.0,0.2,256.7
2019-07-05 04:30:00,29.0,0.2,257.7
2019-07-05 04:45:00,29.0,0.2,256.8
2019-07-05 05:00:00,29.0,0.2,257.3
2019-07-05 05:15:00,29.0,0.2,256.1
2019-07-05 05:30:00,29.0,0.2,255.5
2019-07-05 05:45:00,29.0,0.2,253.9
2019-07-05 06:00:00,29.0,0.2,251.7
2019-07-05 06:15:00,29.0,0.2,251.3
2019-07-05 06:30:00,29.0,0.2,249.0
2019-07-05 06:45:00,29.0,0.2,249.2
2019-07-05 07:00:00,29.0,0.2,247.9
2019-07-05 07:15:00,29.0,0.2,248.3
2019-07-05 07:30:00,29.0,0.2,248.0
2019-07-05 07:45:00,29.0,0.2,248.2
2019-07-05 08:00:00,29.0,0.2,249.3
2019-07-05 08:15:00,29.0,0.2,249.6
2019-07-05 08:30:00,29.0,0.2,249.7
2019-07-05 08:45:00,29.0,0.2,249.3
2019-07-05 09:00:00,29.0,0.2,249.7
2019-07-05 09:15:00,29.0,0.2,247.5
2019-07-05 09:30:00,29.0,0.2,246.5
2019-07-05 09:45:00,29.0,0.2,245.0
2019-07-05 10:00:00,29.0,0.2,243.9
2019-07-05 10:15:00,29.0,0.2,243.1
2019-07-05 10:30:00,29.0,0.2,245.1
2019-07-05 10:45:00,29.0,0.2,244.65
2019-07-05 11:00:00,29.0,0.2,243.375
2019-07-05 11:15:00,29.0,0.2,242.1
2019-07-05 11:30:00,29.666666666666668,0.20000000000000004,241.33333333333334
2019-07-05 11:45:00,30.0,0.2,240.8
2019-07-05 12:00:00,30.0,0.2,239.9
2019-07-05 12:15:00,30.0,0.2,239.7
2019-07-05 12:30:00,30.0,0.2,237.8
2019-07-05 12:45:00,30.0,0.2,237.8
2019-07-05 13:00:00,30.0,0.2,238.4
2019-07-05 13:15:00,30.0,0.0,241.7
2019-07-05 13:30:00,30.0,0.0,242.7
2019-07-05 13:45:00,30.0,0.0,242.0
2019-07-05 14:00:00,30.0,0.0,243.7
2019-07-05 14:15:00,30.0,0.0,243.2
2019-07-05 14:30:00,29.5,0.0,243.85
2019-07-05 14:45:00,29.0,0.0,244.5
2019-07-05 15:00:00,29.0,0.0,246.4
2019-07-05 15:15:00,29.0,0.0,247.6
2019-07-05 15:30:00,29.0,0.0,248.1
2019-07-05 15:45:00,29.0,0.0,247.1
2019-07-05 16:00:00,29.0,0.0,248.0
2019-07-05 16:15:00,29.0,0.0,248.4
2019-07-05 16:30:00,29.0,0.0,246.6
2019-07-05 16:45:00,29.0,0.0,246.1
2019-07-05 17:00:00,29.0,0.0,247.15
2019-07-05 17:15:00,29.0,0.0,246.2
2019-07-05 17:30:00,29.0,0.0,244.6
2019-07-05 17:45:00,29.0,0.0,246.1
2019-07-05 18:00:00,29.0,0.0,246.9
2019-07-05 18:15:00,29.0,0.0,246.3
2019-07-05 18:30:00,29.0,0.0,246.3
2019-07-05 18:45:00,29.0,0.0,247.8
2019-07-05 19:00:00,29.0,0.0,247.3
2019-07-05 19:15:00,29.0,0.0,247.3
2019-07-05 19:30:00,29.0,0.0,247.4
2019-07-05 19:45:00,29.0,0.0,249.1
2019-07-05 20:00:00,29.0,0.0,247.0
2019-07-05 20:15:00,29.0,0.0,247.5
2019-07-05 20:30:00,29.0,0.0,248.3
2019-07-05 20:45:00,29.0,0.0,248.4
2019-07-05 21:00:00,29.0,0.0,248.9
2019-07-05 21:15:00,29.0,0.0,249.5
2019-07-05 21:30:00,29.0,0.0,249.4
2019-07-05 21:45:00,29.0,0.0,250.2
2019-07-05 22:00:00,29.0,0.0,250.5
2019-07-05 22:15:00,29.0,0.0,251.3
2019-07-05 22:30:00,29.0,0.0,252.5
2019-07-05 22:45:00,29.0,0.0,255.7
2019-07-05 23:00:00,29.0,0.0,257.0
2019-07-05 23:15:00,29.0,0.0,253.8
2019-07-05 23:30:00,29.0,0.0,257.7
2019-07-05 23:45:00,29.0,0.0,258.6
2019-07-06 00:00:00,29.0,0.0,259.0
2019-07-06 00:15:00,29.0,0.0,259.0
2019-07-06 00:30:00,29.0,0.0,258.7
2019-07-06 00:45:00,29.0,0.0,258.9
2019-07-06 01:00:00,28.0,0.0,259.2
2019-07-06 01:15:00,28.0,0.0,259.4
2019-07-06 01:30:00,28.0,0.0,259.3
2019-07-06 01:45:00,28.0,0.0,259.6
2019-07-06 02:00:00,28.0,0.0,259.6
2019-07-06 02:15:00,28.0,0.0,259.8
2019-07-06 02:30:00,28.0,0.0,257.4
2019-07-06 02:45:00,28.0,0.0,260.3
2019-07-06 03:00:00,28.0,0.0,260.7
2019-07-06 03:15:00,28.0,0.0,260.1
2019-07-06 03:30:00,28.0,0.0,261.2
2019-07-06 03:45:00,28.0,0.0,260.6
2019-07-06 04:00:00,28.0,0.0,260.2
2019-07-06 04:15:00,28.0,0.0,259.7
2019-07-06 04:30:00,28.0,0.0,259.8
2019-07-06 04:45:00,28.0,0.0,259.6
2019-07-06 05:00:00,28.0,0.0,259.5
2019-07-06 05:15:00,28.0,0.0,257.8
2019-07-06 05:30:00,28.0,0.0,253.9
2019-07-06 05:45:00,28.0,0.0,255.5
2019-07-06 06:00:00,28.0,0.0,254.5
2019-07-06 06:15:00,28.0,0.0,251.8
2019-07-06 06:30:00,28.0,0.0,250.6
2019-07-06 06:45:00,28.0,0.0,250.5
2019-07-06 07:00:00,28.0,0.0,250.5
2019-07-06 07:15:00,28.0,0.0,250.8
2019-07-06 07:30:00,28.0,0.0,249.6
2019-07-06 07:45:00,28.0,0.0,250.4
2019-07-06 08:00:00,28.0,0.0,248.2
2019-07-06 08:15:00,28.0,0.0,251.2
2019-07-06 08:30:00,28.0,0.0,248.8
2019-07-06 08:45:00,28.0,0.0,248.5
2019-07-06 09:00:00,28.0,0.0,250.8
2019-07-06 09:15:00,28.0,0.0,250.2
2019-07-06 09:30:00,28.0,0.0,246.3
2019-07-06 09:45:00,28.0,0.0,246.3
2019-07-06 10:00:00,28.0,0.0,245.8
2019-07-06 10:15:00,28.0,0.0,245.9
2019-07-06 10:30:00,28.0,0.0,244.8
2019-07-06 10:45:00,28.0,0.0,243.5
2019-07-06 11:00:00,29.0,0.0,243.7
2019-07-06 11:15:00,29.0,0.0,243.1
2019-07-06 11:30:00,29.0,0.0,244.2
2019-07-06 11:45:00,29.0,0.0,242.8
2019-07-06 12:00:00,29.0,0.0,242.5
2019-07-06 12:15:00,29.0,0.0,244.5
2019-07-06 12:30:00,29.0,0.2,244.6
2019-07-06 12:45:00,29.0,0.2,244.3
2019-07-06 13:00:00,29.0,0.2,246.2
2019-07-06 13:15:00,29.0,0.2,246.7
2019-07-06 13:30:00,29.0,0.2,247.2
2019-07-06 13:45:00,29.0,0.2,247.7
2019-07-06 14:00:00,29.0,0.2,248.2
2019-07-06 14:15:00,29.0,0.2,248.7
2019-07-06 14:30:00,30.0,0.2,248.7
2019-07-06 14:45:00,30.0,0.2,248.6
2019-07-06 15:00:00,30.0,0.2,247.5
2019-07-06 15:15:00,30.0,0.2,247.55
2019-07-06 15:30:00,30.0,0.2,247.6
2019-07-06 15:45:00,30.0,0.2,246.1
2019-07-06 16:00:00,30.0,0.2,248.2
2019-07-06 16:15:00,30.0,0.2,248.8
2019-07-06 16:30:00,30.0,0.2,249.0
2019-07-06 16:45:00,30.0,0.2,247.6
2019-07-06 17:00:00,30.0,0.2,248.9
2019-07-06 17:15:00,30.0,0.2,247.3
2019-07-06 17:30:00,30.0,0.2,247.3
2019-07-06 17:45:00,30.0,0.2,247.3
2019-07-06 18:00:00,29.993865030674847,0.2,247.2674846625767
2019-07-06 18:15:00,29.987730061349694,0.2,247.23496932515337
2019-07-06 18:30:00,29.98159509202454,0.2,247.20245398773008
2019-07-06 18:45:00,29.975460122699385,0.2,247.16993865030676
2019-07-08 09:30:00,29.024539877300615,0.2,242.13006134969325
2019-07-08 09:45:00,29.01840490797546,0.2,242.09754601226993
2019-07-08 10:00:00,29.012269938650306,0.2,242.06503067484664
2019-07-08 10:15:00,29.006134969325153,0.2,242.03251533742332
2019-07-08 10:30:00,29.0,0.2,242.0
2019-07-08 10:45:00,29.0,0.2,241.6
2019-07-08 11:00:00,30.0,0.2,241.8
2019-07-08 11:15:00,30.0,0.2,242.5
2019-07-08 11:30:00,30.0,0.2,241.4
2019-07-08 11:45:00,30.0,0.0,242.375
2019-07-08 12:00:00,30.0,0.2,241.5
2019-07-08 12:15:00,30.0,0.2,241.55
2019-07-08 12:30:00,30.0,0.2,242.05
2019-07-08 12:45:00,30.666666666666668,0.20000000000000004,241.23333333333335
2019-07-08 13:00:00,31.0,0.2,244.0
2019-07-08 13:15:00,31.0,0.2,244.05
2019-07-08 13:30:00,31.0,0.2,243.6
2019-07-08 13:45:00,31.0,0.20000000000000004,243.73333333333335
2019-07-08 14:00:00,31.0,0.2,244.41428571428574
2019-07-08 14:15:00,31.0,0.2,243.42857142857142
2019-07-08 14:30:00,31.0,0.2,244.1
2019-07-08 14:45:00,32.0,0.2,244.0
2019-07-08 15:00:00,32.0,0.2,243.55
2019-07-08 15:15:00,32.0,0.2,243.1
2019-07-08 15:30:00,32.006437768240346,0.20193133047210302,243.07875536480685
2019-07-08 15:45:00,32.012875536480685,0.20386266094420602,243.05751072961374
2019-07-08 16:00:00,32.01931330472103,0.20579399141630902,243.0362660944206
2019-07-08 16:15:00,32.02575107296137,0.20772532188841203,243.01502145922746
2019-07-13 10:45:00,34.97424892703862,1.092274678111588,233.28497854077253
2019-07-13 11:00:00,34.98068669527897,1.094206008583691,233.2637339055794
2019-07-13 11:15:00,34.987124463519315,1.096137339055794,233.24248927038624
2019-07-13 11:30:00,34.993562231759654,1.0980686695278972,233.22124463519313
2019-07-13 11:45:00,35.0,1.1,233.2
2019-07-13 12:00:00,35.0,108.5,233.4
2019-07-13 12:15:00,34.0,155.3,233.3
2019-07-13 12:30:00,34.0,143.8,232.5
2019-07-13 12:45:00,33.0,150.0,232.4
2019-07-13 13:00:00,33.0,148.3,232.2
2019-07-13 13:15:00,33.0,136.1,232.1
2019-07-13 13:30:00,33.0,132.1,232.4
2019-07-13 13:45:00,33.0,124.9,232.8
2019-07-13 14:00:00,33.0,114.0,232.6
2019-07-13 14:15:00,34.0,126.8,230.7
2019-07-13 14:30:00,33.0,131.3,232.3
2019-07-13 14:45:00,33.0,127.8,232.3
2019-07-13 15:00:00,32.0,121.4,233.2
2019-07-13 15:15:00,31.0,111.3,233.2
2019-07-13 15:30:00,31.0,106.6,234.0
2019-07-13 15:45:00,28.0,147.8,233.4
2019-07-13 16:00:00,26.0,156.0,234.3
2019-07-13 16:15:00,25.0,138.0,237.05
2019-07-13 16:30:00,25.0,118.6,237.8
2019-07-13 16:45:00,25.0,119.25,237.8
2019-07-13 17:00:00,25.0,111.6,237.7
2019-07-13 17:15:00,25.0,112.0,236.9
2019-07-13 17:30:00,25.0,112.6,236.1
2019-07-13 17:45:00,25.0,123.6,235.0
2019-07-13 18:00:00,25.0,120.5,234.6
2019-07-13 18:15:00,25.0,130.9,234.5
2019-07-13 18:30:00,25.0,129.9,237.4
2019-07-13 18:45:00,24.0,118.9,233.2
2019-07-13 19:00:00,24.0,119.6,234.8
2019-07-13 19:15:00,24.0,113.5,235.5
2019-07-13 19:30:00,24.0,103.6,236.5
2019-07-13 19:45:00,24.0,102.19999999999999,236.25
2019-07-13 20:00:00,24.0,100.8,236.0
2019-07-13 20:15:00,24.0,93.7,236.1
2019-07-13 20:30:00,24.0,85.4,236.6
2019-07-13 20:45:00,24.0,97.5,236.6
2019-07-13 21:00:00,24.0,72.9,236.3
2019-07-13 21:15:00,24.0,73.4,237.9
2019-07-13 21:30:00,24.0,80.6,237.7
2019-07-13 21:45:00,24.0,78.8,238.8
2019-07-13 22:00:00,24.0,89.4,237.4
2019-07-13 22:15:00,24.0,71.2,237.6
2019-07-13 22:30:00,24.0,66.6,238.3
2019-07-13 22:45:00,24.0,69.9,238.6
2019-07-13 23:00:00,24.0,68.6,240.3
2019-07-13 23:15:00,24.0,58.5,240.4
2019-07-13 23:30:00,24.0,67.5,240.8
2019-07-13 23:45:00,24.0,70.3,240.2
2019-07-14 00:00:00,24.0,66.4,241.0
2019-07-14 00:15:00,24.0,58.0,241.9
2019-07-14 00:30:00,24.0,53.7,241.2
2019-07-14 00:45:00,24.0,47.9,240.8
2019-07-14 01:00:00,24.0,52.4,241.5
2019-07-14 01:15:00,24.0,57.9,241.4
2019-07-14 01:30:00,24.0,55.3,242.2
2019-07-14 01:45:00,24.0,55.5,241.9
2019-07-14 02:00:00,24.0,54.6,242.1
2019-07-14 02:15:00,24.0,50.9,242.7
2019-07-14 02:30:00,24.0,52.6,242.6
2019-07-14 02:45:00,24.03030303030303,54.803030303030305,242.4181818181818
2019-07-14 03:00:00,24.060606060606062,57.00606060606061,242.23636363636362
2019-07-14 03:15:00,24.09090909090909,59.20909090909091,242.05454545454546
2019-07-14 03:30:00,24.12121212121212,61.412121212121214,241.87272727272727
2019-07-14 09:45:00,24.87878787878788,116.48787878787878,237.3272727272727
2019-07-14 10:00:00,24.90909090909091,118.69090909090909,237.14545454545453
2019-07-14 10:15:00,24.939393939393938,120.89393939393938,236.96363636363637
2019-07-14 10:30:00,24.96969696969697,123.0969696969697,236.78181818181818
2019-07-14 10:45:00,25.0,125.3,236.6
2019-07-14 11:00:00,25.0,137.1,235.8
2019-07-14 11:15:00,25.0,109.2,232.5
2019-07-14 11:30:00,25.0,120.8,234.2
2019-07-14 11:45:00,25.0,82.4,234.9
2019-07-14 12:00:00,25.0,97.0,237.5
2019-07-14 12:15:00,25.5,97.4,237.6
2019-07-14 12:30:00,26.0,97.8,237.7
2019-07-14 12:45:00,25.0,84.0,237.2
2019-07-14 13:00:00,26.0,91.2,237.2
2019-07-14 13:15:00,26.0,84.9,238.0
2019-07-14 13:30:00,26.0,80.0,237.9
2019-07-14 13:45:00,26.0,75.2,235.7
2019-07-14 14:00:00,26.0,86.0,236.9
2019-07-14 14:15:00,26.0,78.6,235.1
2019-07-14 14:30:00,26.0,75.4,236.1
2019-07-14 14:45:00,27.0,72.3,234.0
2019-07-14 15:00:00,27.0,71.7,233.8
2019-07-14 15:15:00,28.0,76.7,234.8
2019-07-14 15:30:00,28.0,68.3,234.7
2019-07-14 15:45:00,29.0,68.8,234.6
2019-07-14 16:00:00,29.0,69.4,235.2
2019-07-14 16:15:00,29.0,72.6,236.3
2019-07-14 16:30:00,29.0,64.2,235.8
2019-07-14 16:45:00,29.0,72.3,236.8
2019-07-14 17:00:00,28.0,70.6,235.6
2019-07-14 17:15:00,28.0,86.4,235.4
2019-07-14 17:30:00,28.0,80.8,235.4
2019-07-14 17:45:00,27.0,79.2,235.7
2019-07-14 18:00:00,27.0,81.0,236.1
2019-07-14 18:15:00,27.0,75.3,234.6
2019-07-14 18:30:00,27.0,78.1,233.2
2019-07-14 18:45:00,26.0,81.7,230.9
2019-07-14 19:00:00,26.0,87.7,231.4
2019-07-14 19:15:00,26.0,90.0,232.3
2019-07-14 19:30:00,26.0,82.3,233.0
2019-07-14 19:45:00,26.0,101.5,233.0
2019-07-14 20:00:00,26.0,81.4,234.9
2019-07-14 20:15:00,26.0,89.4,234.7
2019-07-14 20:30:00,26.0,79.0,233.4
2019-07-14 20:45:00,26.0,80.6,234.2
2019-07-14 21:00:00,26.0,76.4,235.2
2019-07-14 21:15:00,26.0,82.2,236.5
2019-07-14 21:30:00,25.0,91.4,237.3
2019-07-14 21:45:00,25.0,85.0,237.3
2019-07-14 22:00:00,25.0,86.7,237.6
2019-07-14 22:15:00,25.0,78.3,237.6
2019-07-14 22:30:00,25.0,82.1,237.3
2019-07-14 22:45:00,25.0,72.7,238.1
2019-07-14 23:00:00,25.0,66.4,238.7
2019-07-14 23:15:00,25.0,66.2,238.5
2019-07-14 23:30:00,25.0,62.4,239.4
2019-07-14 23:45:00,25.0,62.0,240.8
2019-07-15 00:00:00,25.0,60.9,240.4
2019-07-15 00:15:00,25.0,60.8,240.2
2019-07-15 00:30:00,25.0,63.4,241.6
2019-07-15 00:45:00,25.0,65.5,241.2
2019-07-15 01:00:00,25.0,61.1,242.0
2019-07-15 01:15:00,25.0,59.4,242.7
2019-07-15 01:30:00,25.0,60.6,242.5
2019-07-15 01:45:00,25.0,58.1,242.6
2019-07-15 02:00:00,25.0,58.7,242.8
2019-07-15 02:15:00,25.0,53.4,243.5
2019-07-15 02:30:00,25.0,50.1,243.0
2019-07-15 02:45:00,25.0,48.4,243.6
2019-07-15 03:00:00,25.0,45.2,243.5
2019-07-15 03:15:00,25.0,47.1,243.2
2019-07-15 03:30:00,25.0,44.7,242.8
2019-07-15 03:45:00,25.0,44.2,243.3
2019-07-15 04:00:00,25.0,43.6,243.4
2019-07-15 04:15:00,25.0,43.7,243.5
2019-07-15 04:30:00,25.0,40.7,243.7
2019-07-15 04:45:00,25.0,44.8,243.2
2019-07-15 05:00:00,25.0,44.5,243.4
2019-07-15 05:15:00,25.0,42.0,243.2
2019-07-15 05:30:00,26.0,40.8,243.7
2019-07-15 05:45:00,26.0,42.9,243.5
2019-07-15 06:00:00,26.0,40.5,243.3
2019-07-15 06:15:00,26.0,42.6,241.6
2019-07-15 06:30:00,26.0,43.8,241.3
2019-07-15 06:45:00,26.0,43.3,240.6
2019-07-15 07:00:00,26.0,42.3,240.7
2019-07-15 07:15:00,26.0,45.6,240.5
2019-07-15 07:30:00,26.0,46.0,238.9
2019-07-15 07:45:00,26.0,47.7,238.2
2019-07-15 08:00:00,25.0,51.6,237.7
2019-07-15 08:15:00,25.0,55.2,237.9
2019-07-15 08:30:00,25.0,49.8,237.6
2019-07-15 08:45:00,23.0,65.8,238.0
2019-07-15 09:00:00,23.0,58.3,238.0
2019-07-15 09:15:00,23.0,66.5,238.2
2019-07-15 09:30:00,23.0,51.8,237.3
2019-07-15 09:45:00,23.0,53.1,237.3
2019-07-15 10:00:00,23.0,57.6,236.9
2019-07-15 10:15:00,23.0,62.1,237.2
2019-07-15 10:30:00,23.0,53.3,235.8
2019-07-15 10:45:00,23.0,53.3,236.2
2019-07-15 11:00:00,23.0,53.5,236.0
2019-07-15 11:15:00,24.0,66.3,236.0
2019-07-15 11:30:00,24.0,77.5,236.4
2019-07-15 11:45:00,24.0,69.4,236.4
2019-07-15 12:00:00,24.0,66.6,235.3
2019-07-15 12:15:00,24.0,58.6,234.7
2019-07-15 12:30:00,24.0,61.4,235.6
2019-07-15 12:45:00,24.0,63.1,235.0
2019-07-15 13:00:00,24.0,61.7,234.9
2019-07-15 13:15:00,24.0,83.5,234.1
2019-07-15 13:30:00,24.0,81.5,233.6
2019-07-15 13:45:00,25.0,73.2,233.0
2019-07-15 14:00:00,25.0,78.3,233.7
2019-07-15 14:15:00,25.0,79.9,233.8
2019-07-15 14:30:00,25.0,81.7,233.5
2019-07-15 14:45:00,26.0,76.9,233.2
2019-07-15 15:00:00,26.0,82.7,234.0
2019-07-15 15:15:00,27.0,82.1,233.3
2019-07-15 15:30:00,27.0,83.85,233.60000000000002
2019-07-15 15:45:00,27.0,85.6,233.9
2019-07-15 16:00:00,29.0,82.6,233.6
2019-07-15 16:15:00,28.0,83.1,233.4
2019-07-15 16:30:00,27.0,92.1,233.3
2019-07-15 16:45:00,27.0,91.2,233.4
2019-07-15 17:00:00,26.0,95.0,232.8
2019-07-15 17:15:00,26.0,91.2,233.9
2019-07-15 17:30:00,26.0,93.7,232.0
2019-07-15 17:45:00,26.0,103.1,232.6
2019-07-15 18:00:00,26.0,102.9,232.3
2019-07-15 18:15:00,25.0,112.2,232.0
2019-07-15 18:30:00,25.0,115.0,230.8
2019-07-15 18:45:00,25.0,124.3,229.6
2019-07-15 19:00:00,25.0,123.4,230.7
2019-07-15 19:15:00,25.0,121.5,229.5
2019-07-15 19:30:00,25.0,113.8,231.1
2019-07-15 19:45:00,25.0,111.5,230.5
2019-07-15 20:00:00,25.0,111.8,231.3
2019-07-15 20:15:00,25.0,104.4,231.8
2019-07-15 20:30:00,25.0,98.3,232.1
2019-07-15 20:45:00,25.0,87.4,233.1
2019-07-15 21:00:00,25.0,72.7,235.2
2019-07-15 21:15:00,25.0,67.6,235.8
2019-07-15 21:30:00,25.0,64.0,235.7
2019-07-15 21:45:00,25.0,64.9,236.1
2019-07-15 22:00:00,25.0,65.3,236.1
2019-07-15 22:15:00,25.0,86.5,236.7
2019-07-15 22:30:00,25.0,78.1,236.4
2019-07-15 22:45:00,25.0,73.9,237.9
2019-07-15 23:00:00,25.0,67.97500000000001,238.375
2019-07-15 23:15:00,25.0,62.050000000000004,238.85000000000002
2019-07-15 23:30:00,25.0,56.125,239.32500000000002
2019-07-15 23:45:00,25.0,50.2,239.8
2019-07-16 00:00:00,24.0,51.7,240.9
2019-07-16 00:15:00,24.0,50.8,241.0
2019-07-16 00:30:00,24.0,46.9,241.9
2019-07-16 00:45:00,24.0,46.6,241.9
2019-07-16 01:00:00,24.0,48.7,242.2
2019-07-16 01:15:00,24.0,49.4,242.6
2019-07-16 01:30:00,24.0,46.2,242.4
2019-07-16 01:45:00,24.0,47.3,242.6
2019-07-16 02:00:00,24.0,43.1,242.7
2019-07-16 02:15:00,24.0,42.7,242.9
2019-07-16 02:30:00,24.0,42.4,243.1
2019-07-16 02:45:00,24.0,40.7,242.6
2019-07-16 03:00:00,24.0,42.5,243.1
2019-07-16 03:15:00,24.0,40.6,242.7
2019-07-16 03:30:00,24.0,41.9,243.1
2019-07-16 03:45:00,24.5,42.4,242.95
2019-07-16 04:00:00,25.0,42.9,242.8
2019-07-16 04:15:00,25.0,41.7,242.9
2019-07-16 04:30:00,25.0,39.0,242.7
2019-07-16 04:45:00,25.0,36.9,243.0
2019-07-16 05:00:00,25.0,37.0,244.3
2019-07-16 05:15:00,25.0,35.7,244.2
2019-07-16 05:30:00,25.0,35.8,243.9
2019-07-16 05:45:00,26.0,23.9,243.2
2019-07-16 06:00:00,26.0,37.3,198.8
2019-07-16 06:15:00,26.0,50.7,154.4
2019-07-16 06:30:00,27.0,51.2,156.4
2019-07-16 06:45:00,27.0,46.0,156.4
2019-07-16 07:00:00,27.0,36.4,159.0
2019-07-16 07:15:00,28.0,43.9,126.9
2019-07-16 07:30:00,28.333333333333332,49.166666666666664,163.56666666666666
2019-07-16 07:45:00,28.666666666666668,54.43333333333334,200.23333333333335
2019-07-16 08:00:00,29.0,59.7,236.9
2019-07-16 08:15:00,30.0,50.0,236.1
2019-07-16 08:30:00,30.0,51.6,235.7
2019-07-16 08:45:00,31.0,75.0,235.5
2019-07-16 09:00:00,31.0,69.8,233.6
2019-07-16 09:15:00,31.0,55.9,233.2
2019-07-16 09:30:00,32.0,61.8,233.3
2019-07-16 09:45:00,32.0,61.8,231.7
2019-07-16 10:00:00,32.0,63.4,232.2
2019-07-16 10:15:00,33.0,68.1,231.7
2019-07-16 10:30:00,33.0,82.6,229.8
2019-07-16 10:45:00,34.0,97.1,230.2
2019-07-16 11:00:00,34.0,94.6,229.5
2019-07-16 11:15:00,34.0,109.3,228.8
2019-07-16 11:30:00,34.0,112.1,228.5
2019-07-16 11:45:00,33.0,113.8,227.6
2019-07-16 12:00:00,35.0,128.3,227.9
2019-07-16 12:15:00,35.0,130.5,226.8
2019-07-16 12:30:00,35.0,128.0,227.2
2019-07-16 12:45:00,36.0,126.0,227.0
2019-07-16 13:00:00,35.0,117.7,227.1
2019-07-16 13:15:00,37.0,120.4,225.8
2019-07-16 13:30:00,37.0,120.7,226.0
2019-07-16 13:45:00,38.0,127.3,224.9
2019-07-16 14:00:00,38.0,119.9,225.1
2019-07-16 14:15:00,36.0,119.8,225.0
2019-07-16 14:30:00,35.0,120.5,225.0
2019-07-16 14:45:00,33.0,121.0,225.5
2019-07-16 15:00:00,32.0,111.0,227.2
2019-07-16 15:15:00,33.0,114.3,229.1
2019-07-16 15:30:00,31.0,121.5,228.8
2019-07-16 15:45:00,32.0,134.5,228.9
2019-07-16 16:00:00,33.0,114.0,229.2
2019-07-16 16:15:00,33.0,126.7,228.5
2019-07-16 16:30:00,32.0,127.4,229.7
2019-07-16 16:45:00,31.0,127.3,228.9
2019-07-16 17:00:00,31.0,152.3,228.4
2019-07-16 17:15:00,31.0,141.6,228.8
2019-07-16 17:30:00,30.0,134.4,229.1
2019-07-16 17:45:00,30.0,141.2,228.2
2019-07-16 18:00:00,30.0,157.5,227.4
2019-07-16 18:15:00,30.0,164.6,225.3
2019-07-16 18:30:00,29.8,172.26,225.92000000000002
2019-07-16 18:45:00,29.6,179.92,226.54000000000002
2019-07-16 19:00:00,29.4,187.57999999999998,227.16
2019-07-16 19:15:00,29.2,195.24,227.78
2019-07-16 19:30:00,29.0,202.9,228.4
2019-07-16 19:45:00,29.0,193.6,227.6
2019-07-16 20:00:00,29.0,183.5,228.0
2019-07-16 20:15:00,29.0,170.0,228.5
2019-07-16 20:30:00,29.0,156.0,229.7
2019-07-16 20:45:00,29.0,151.8,230.8
2019-07-16 21:00:00,29.0,141.3,231.3
2019-07-16 21:15:00,29.0,136.8,231.4
2019-07-16 21:30:00,28.0,132.1,232.1
2019-07-16 21:45:00,28.0,107.2,233.0
2019-07-16 22:00:00,28.0,109.7,233.4
2019-07-16 22:15:00,28.0,135.1,233.7
2019-07-16 22:30:00,28.0,130.1,234.0
2019-07-16 22:45:00,28.0,115.0,235.2
2019-07-16 23:00:00,28.0,105.4,235.6
2019-07-16 23:15:00,28.0,91.7,236.5
2019-07-16 23:30:00,28.0,101.8,236.2
2019-07-16 23:45:00,27.0,107.2,236.6
2019-07-17 00:00:00,27.0,99.5,237.6
2019-07-17 00:15:00,27.0,100.2,237.3
2019-07-17 00:30:00,27.0,93.4,238.3
2019-07-17 00:45:00,27.0,95.15,238.5
2019-07-17 01:00:00,27.0,96.9,238.7
2019-07-17 01:15:00,27.0,75.7,238.8
2019-07-17 01:30:00,27.0,77.4,239.1
2019-07-17 01:45:00,27.0,80.6,239.3
2019-07-17 02:00:00,27.0,82.0,239.3
2019-07-17 02:15:00,27.0,78.7,239.8
2019-07-17 02:30:00,27.0,72.5,240.0
2019-07-17 02:45:00,27.0,70.1,240.1
2019-07-17 03:00:00,27.0,73.0,240.4
2019-07-17 03:15:00,27.0,65.3,240.6
2019-07-17 03:30:00,27.0,69.6,240.6
2019-07-17 03:45:00,27.0,72.8,240.8
2019-07-17 04:00:00,28.0,68.5,240.9
2019-07-17 04:15:00,28.0,73.8,240.6
2019-07-17 04:30:00,27.0,67.3,240.7
2019-07-17 04:45:00,27.0,66.7,241.4
2019-07-17 05:00:00,28.0,65.9,241.8
2019-07-17 05:15:00,28.0,68.3,240.4
2019-07-17 05:30:00,28.0,64.6,240.7
2019-07-17 05:45:00,28.0,64.9,240.3
2019-07-17 06:00:00,28.0,59.0,240.7
2019-07-17 06:15:00,28.0,58.1,239.5
2019-07-17 06:30:00,28.0,58.7,239.5
2019-07-17 06:45:00,29.0,62.2,239.3
2019-07-17 07:00:00,29.0,69.1,239.6
2019-07-17 07:15:00,29.0,60.6,238.5
2019-07-17 07:30:00,29.0,58.2,237.9
2019-07-17 07:45:00,30.0,57.0,237.5
2019-07-17 08:00:00,30.0,84.4,236.7
2019-07-17 08:15:00,30.0,72.8,235.9
2019-07-17 08:30:00,31.0,66.0,235.7
2019-07-17 08:45:00,32.0,72.5,234.7
2019-07-17 09:00:00,32.25,81.675,233.575
2019-07-17 09:15:00,32.5,90.85,232.45
2019-07-17 09:30:00,32.75,100.025,231.325
2019-07-17 09:45:00,33.0,109.2,230.2
2019-07-17 10:00:00,32.0,125.2,230.1
2019-07-17 10:15:00,33.0,107.6,229.0
2019-07-17 10:30:00,33.0,131.6,228.6
2019-07-17 10:45:00,33.0,120.5,228.6
2019-07-17 11:00:00,34.0,123.3,227.7
2019-07-17 11:15:00,34.0,131.4,227.4
2019-07-17 11:30:00,34.0,124.4,228.1
2019-07-17 11:45:00,35.0,126.9,226.5
2019-07-17 12:00:00,35.0,134.2,226.1
2019-07-17 12:15:00,34.0,145.8,225.8
2019-07-17 12:30:00,34.0,138.5,225.1
2019-07-17 12:45:00,35.0,130.5,224.6
2019-07-17 13:00:00,36.0,153.0,225.3
2019-07-17 13:15:00,36.0,151.2,224.7
2019-07-17 13:30:00,38.0,140.6,224.1
2019-07-17 13:45:00,38.0,135.9,224.0
2019-07-17 14:00:00,40.0,132.5,224.3
2019-07-17 14:15:00,41.0,149.5,223.7
2019-07-17 14:30:00,41.0,127.0,223.1
2019-07-17 14:45:00,41.0,160.4,223.5
2019-07-17 15:00:00,42.0,152.9,223.5
2019-07-17 15:15:00,41.0,141.2,223.6
2019-07-17 15:30:00,41.0,138.6,224.1
2019-07-17 15:45:00,40.0,163.2,223.0
2019-07-17 16:00:00,41.0,158.8,222.7
2019-07-17 16:15:00,39.0,149.8,223.3
2019-07-17 16:30:00,38.0,147.7,223.8
2019-07-17 16:45:00,36.0,155.9,224.4
2019-07-17 17:00:00,35.0,142.0,224.2
2019-07-17 17:15:00,35.0,142.2,223.9
2019-07-17 17:30:00,34.0,155.3,225.5
2019-07-17 17:45:00,34.0,172.0,225.6
2019-07-17 18:00:00,33.0,162.4,226.7
2019-07-17 18:15:00,33.0,200.8,224.8
2019-07-17 18:30:00,32.0,184.8,222.4
2019-07-17 18:45:00,32.0,187.0,221.2
2019-07-17 19:00:00,32.0,180.5,221.7
2019-07-17 19:15:00,32.0,181.9,222.3
2019-07-17 19:30:00,32.0,187.6,223.7
2019-07-17 19:45:00,32.0,169.3,223.6
2019-07-17 20:00:00,32.0,158.2,224.4
2019-07-17 20:15:00,31.0,193.3,223.6
2019-07-17 20:30:00,31.0,199.7,222.7
2019-07-17 20:45:00,31.0,187.2,223.0
2019-07-17 21:00:00,31.0,166.3,223.4
2019-07-17 21:15:00,31.0,160.6,224.7
2019-07-17 21:30:00,31.0,152.1,224.7
2019-07-17 21:45:00,31.0,121.0,224.9
2019-07-17 22:00:00,30.0,140.1,225.2
2019-07-17 22:15:00,30.0,134.8,225.4
2019-07-17 22:30:00,30.0,122.6,225.3
2019-07-17 22:45:00,30.0,134.5,226.3
2019-07-17 23:00:00,30.0,121.2,226.8
2019-07-17 23:15:00,30.0,114.2,227.3
2019-07-17 23:30:00,30.0,124.4,227.9
2019-07-17 23:45:00,30.0,117.6,228.4
2019-07-18 00:00:00,30.0,103.5,229.1
2019-07-18 00:15:00,30.0,109.5,229.9
2019-07-18 00:30:00,30.0,110.2,231.3
2019-07-18 00:45:00,29.0,108.9,230.4
2019-07-18 01:00:00,29.0,107.8,231.0
2019-07-18 01:15:00,29.0,97.1,232.0
2019-07-18 01:30:00,29.0,97.1,232.1
2019-07-18 01:45:00,29.0,96.8,232.0
2019-07-18 02:00:00,29.0,102.5,231.4
2019-07-18 02:15:00,29.0,91.7,233.2
2019-07-18 02:30:00,29.0,83.5,233.2
2019-07-18 02:45:00,29.0,78.6,233.4
2019-07-18 03:00:00,29.0,73.2,234.3
2019-07-18 03:15:00,29.0,65.6,234.2
2019-07-18 03:30:00,29.0,70.2,234.0
2019-07-18 03:45:00,29.0,69.3,234.6
2019-07-18 04:00:00,29.0,66.7,234.9
2019-07-18 04:15:00,29.0,72.1,235.6
2019-07-18 04:30:00,29.0,71.9,235.3
2019-07-18 04:45:00,29.0,68.9,236.1
2019-07-18 05:00:00,29.0,78.7,237.5
2019-07-18 05:15:00,29.0,72.0,237.1
2019-07-18 05:30:00,29.0,76.2,236.3
2019-07-18 05:45:00,29.0,71.6,237.0
2019-07-18 06:00:00,29.0,66.7,236.6
2019-07-18 06:15:00,29.0,71.5,237.0
2019-07-18 06:30:00,29.0,66.2,238.6
2019-07-18 06:45:00,29.0,72.4,238.0
2019-07-18 07:00:00,29.0,69.7,237.3
2019-07-18 07:15:00,29.0,91.4,234.9
2019-07-18 07:30:00,28.0,68.6,234.9
2019-07-18 07:45:00,28.0,63.2,234.8
2019-07-18 08:00:00,29.0,71.0,233.6
2019-07-18 08:15:00,29.0,75.6,232.3
2019-07-18 08:30:00,29.0,67.5,233.7
2019-07-18 08:45:00,29.0,75.4,230.5
2019-07-18 09:00:00,29.0,74.5,230.5
2019-07-18 09:15:00,29.0,81.9,231.4
2019-07-18 09:30:00,30.0,87.4,231.5
2019-07-18 09:45:00,30.0,96.1,231.9
2019-07-18 10:00:00,31.0,86.2,232.2
2019-07-18 10:15:00,31.0,81.0,232.3
2019-07-18 10:30:00,31.0,88.5,233.1
2019-07-18 10:45:00,32.0,90.4,230.8
2019-07-18 11:00:00,32.0,102.9,230.6
2019-07-18 11:15:00,33.0,104.6,229.5
2019-07-18 11:30:00,34.0,109.7,229.1
2019-07-18 11:45:00,35.0,119.8,228.1
2019-07-18 12:00:00,36.0,119.8,229.9
2019-07-18 12:15:00,35.0,128.2,227.8
2019-07-18 12:30:00,35.0,127.9,229.0
2019-07-18 12:45:00,35.0,133.5,226.5
2019-07-18 13:00:00,35.0,159.5,227.5
2019-07-18 13:15:00,36.0,146.8,227.5
2019-07-18 13:30:00,37.0,141.0,226.5
2019-07-18 13:45:00,39.0,131.6,226.2
2019-07-18 14:00:00,39.0,137.3,225.9
2019-07-18 14:15:00,40.0,134.6,222.2
2019-07-18 14:30:00,39.857142857142854,135.34285714285713,222.39999999999998
2019-07-18 14:45:00,39.714285714285715,136.0857142857143,222.6
2019-07-18 15:00:00,39.57142857142857,136.82857142857142,222.79999999999998
2019-07-18 15:15:00,39.42857142857143,137.57142857142858,223.0
2019-07-18 15:30:00,39.285714285714285,138.31428571428572,223.2
2019-07-18 15:45:00,39.142857142857146,139.05714285714288,223.4
2019-07-18 16:00:00,39.0,139.8,223.6
2019-07-18 16:15:00,38.0,149.6,222.6
2019-07-18 16:30:00,37.0,149.6,222.8
2019-07-18 16:45:00,35.0,149.4,225.1
2019-07-18 17:00:00,35.0,148.8,226.0
2019-07-18 17:15:00,34.0,162.6,224.7
2019-07-18 17:30:00,34.0,142.2,226.3
2019-07-18 17:45:00,33.0,152.9,226.3
2019-07-18 18:00:00,32.0,162.3,225.6
2019-07-18 18:15:00,32.0,178.9,223.4
2019-07-18 18:30:00,32.0,184.2,220.8
2019-07-18 18:45:00,32.0,194.3,220.4
2019-07-18 19:00:00,32.0,189.8,219.1
2019-07-18 19:15:00,31.0,182.7,221.2
2019-07-18 19:30:00,31.0,180.9,221.6
2019-07-18 19:45:00,31.0,160.8,222.0
2019-07-18 20:00:00,31.0,158.8,221.8
2019-07-18 20:15:00,31.0,174.0,223.6
2019-07-18 20:30:00,30.0,181.8,226.3
2019-07-18 20:45:00,30.0,161.6,224.7
2019-07-18 21:00:00,30.0,156.2,224.5
2019-07-18 21:15:00,30.0,154.7,224.8
2019-07-18 21:30:00,30.0,162.7,226.3
2019-07-18 21:45:00,30.0,136.4,226.1
2019-07-18 22:00:00,30.0,125.7,226.8
2019-07-18 22:15:00,30.0,125.3,225.5
2019-07-18 22:30:00,29.0,118.2,230.3
2019-07-18 22:45:00,30.0,102.2,226.8
2019-07-18 23:00:00,29.0,139.7,226.0
2019-07-18 23:15:00,29.0,116.8,227.7
2019-07-18 23:30:00,29.0,111.7,226.5
2019-07-18 23:45:00,29.0,105.2,228.9
2019-07-19 00:00:00,29.0,107.9,229.9
2019-07-19 00:15:00,29.0,96.9,229.7
2019-07-19 00:30:00,28.0,108.2,230.6
2019-07-19 00:45:00,28.0,94.1,230.9
2019-07-19 01:00:00,28.0,97.4,231.5
2019-07-19 01:15:00,28.0,95.5,232.2
2019-07-19 01:30:00,28.0,96.6,234.8
2019-07-19 01:45:00,28.0,87.9,234.4
2019-07-19 02:00:00,28.0,90.6,234.0
2019-07-19 02:15:00,28.0,82.9,234.5
2019-07-19 02:30:00,27.0,81.4,235.9
2019-07-19 02:45:00,27.0,84.3,234.4
2019-07-19 03:00:00,27.0,74.4,234.4
2019-07-19 03:15:00,27.0,88.7,235.5
2019-07-19 03:30:00,27.0,89.7,236.8
2019-07-19 03:45:00,27.0,77.5,236.0
2019-07-19 04:00:00,27.0,76.3,236.8
2019-07-19 04:15:00,27.0,72.9,236.0
2019-07-19 04:30:00,27.0,74.0,237.4
2019-07-19 04:45:00,27.0,71.1,238.8
2019-07-19 05:00:00,27.0,68.8,239.2
2019-07-19 05:15:00,27.0,79.9,239.6
2019-07-19 05:30:00,27.0,63.4,239.4
2019-07-19 05:45:00,27.0,69.4,237.9
2019-07-19 06:00:00,27.0,67.7,236.9
2019-07-19 06:15:00,27.0,65.5,236.2
2019-07-19 06:30:00,26.0,55.7,238.0
2019-07-19 06:45:00,27.0,67.6,237.9
2019-07-19 07:00:00,27.0,64.4,237.0
2019-07-19 07:15:00,27.0,54.6,237.4
2019-07-19 07:30:00,27.0,63.2,235.8
2019-07-19 07:45:00,27.0,60.9,236.6
2019-07-19 08:00:00,28.0,66.2,236.5
2019-07-19 08:15:00,29.0,69.0,235.6
2019-07-19 08:30:00,29.0,73.4,235.1
2019-07-19 08:45:00,29.0,63.1,234.2
2019-07-19 09:00:00,30.0,68.1,234.0
2019-07-19 09:15:00,29.0,79.7,233.8
2019-07-19 09:30:00,30.0,74.2,234.1
2019-07-19 09:45:00,30.0,71.5,232.9
2019-07-19 10:00:00,31.0,75.9,231.9
2019-07-19 10:15:00,31.0,75.0,231.5
2019-07-19 10:30:00,31.0,84.6,232.9
2019-07-19 10:45:00,32.0,83.9,231.4
2019-07-19 11:00:00,32.0,106.6,231.2
2019-07-19 11:15:00,33.0,110.4,230.7
2019-07-19 11:30:00,34.0,106.3,230.5
2019-07-19 11:45:00,34.0,111.9,231.8
2019-07-19 12:00:00,35.0,123.4,229.3
2019-07-19 12:15:00,35.0,130.9,229.3
2019-07-19 12:30:00,33.0,140.4,229.6
2019-07-19 12:45:00,34.0,139.8,230.1
2019-07-19 13:00:00,35.0,154.3,228.7
2019-07-19 13:15:00,35.0,143.5,229.1
2019-07-19 13:30:00,35.0,148.8,229.0
2019-07-19 13:45:00,32.0,146.8,229.4
2019-07-19 14:00:00,33.0,143.3,230.8
2019-07-19 14:15:00,33.666666666666664,148.46666666666667,229.5
2019-07-19 14:30:00,34.333333333333336,153.63333333333335,228.20000000000002
2019-07-19 14:45:00,35.0,158.8,226.9
2019-07-19 15:00:00,36.0,178.0,227.0
2019-07-19 15:15:00,34.0,157.5,228.1
2019-07-19 15:30:00,32.0,145.1,229.0
2019-07-19 15:45:00,33.0,141.6,230.1
2019-07-19 16:00:00,36.0,156.9,227.2
2019-07-19 16:15:00,36.0,156.1,227.8
2019-07-19 16:30:00,35.0,161.8,229.2
2019-07-19 16:45:00,33.0,161.4,229.1
2019-07-19 17:00:00,33.0,156.9,229.6
2019-07-19 17:15:00,32.0,157.5,228.9
2019-07-19 17:30:00,32.0,145.0,229.7
2019-07-19 17:45:00,32.0,149.8,229.6
2019-07-19 18:00:00,32.0,162.2,230.1
2019-07-19 18:15:00,31.0,173.1,227.1
2019-07-19 18:30:00,31.0,169.8,225.7
2019-07-19 18:45:00,31.0,185.8,223.0
2019-07-19 19:00:00,31.0,182.4,223.8
2019-07-19 19:15:00,30.0,180.8,225.1
2019-07-19 19:30:00,30.0,176.4,225.1
2019-07-19 19:45:00,30.0,170.7,225.2
2019-07-19 20:00:00,30.0,169.9,225.5
2019-07-19 20:15:00,30.0,165.9,225.3
2019-07-19 20:30:00,29.0,154.2,226.1
2019-07-19 20:45:00,29.0,148.2,226.4
2019-07-19 21:00:00,29.0,139.7,226.8
2019-07-19 21:15:00,29.0,149.5,227.1
2019-07-19 21:30:00,29.0,124.2,226.8
2019-07-19 21:45:00,29.0,123.0,227.8
2019-07-19 22:00:00,29.0,96.7,227.9
2019-07-19 22:15:00,29.0,100.6,228.1
2019-07-19 22:30:00,29.0,112.1,227.7
2019-07-19 22:45:00,29.0,125.2,227.3
2019-07-19 23:00:00,28.0,121.6,228.5
2019-07-19 23:15:00,29.0,109.7,229.1
2019-07-19 23:30:00,28.0,109.7,229.6
2019-07-19 23:45:00,28.0,103.7,229.7
2019-07-20 00:00:00,28.0,109.4,230.8
2019-07-20 00:15:00,28.0,97.5,231.8
2019-07-20 00:30:00,28.0,99.5,232.2
2019-07-20 00:45:00,28.0,93.3,232.6
2019-07-20 01:00:00,28.0,84.7,233.0
2019-07-20 01:15:00,28.0,90.8,234.1
2019-07-20 01:30:00,28.0,101.8,233.7
2019-07-20 01:45:00,28.0,87.3,234.1
2019-07-20 02:00:00,28.0,94.1,234.6
2019-07-20 02:15:00,28.0,81.8,234.8
2019-07-20 02:30:00,28.0,92.0,235.3
2019-07-20 02:45:00,28.0,72.2,235.7
2019-07-20 03:00:00,28.0,83.5,235.7
2019-07-20 03:15:00,28.0,78.6,235.7
2019-07-20 03:30:00,28.0,86.3,236.8
2019-07-20 03:45:00,28.0,78.0,236.8
2019-07-20 04:00:00,28.0,83.2,236.0
2019-07-20 04:15:00,28.0,73.4,237.5
2019-07-20 04:30:00,28.0,62.9,237.0
2019-07-20 04:45:00,28.0,77.9,238.2
2019-07-20 05:00:00,28.0,73.5,238.6
2019-07-20 05:15:00,28.0,63.4,239.7
2019-07-20 05:30:00,28.0,67.7,238.7
2019-07-20 05:45:00,28.0,56.4,239.5
2019-07-20 06:00:00,28.0,74.1,239.8
2019-07-20 06:15:00,28.0,73.1,238.9
2019-07-20 06:30:00,29.0,77.7,239.3
2019-07-20 06:45:00,29.0,59.7,238.4
2019-07-20 07:00:00,29.0,78.6,238.1
2019-07-20 07:15:00,30.0,61.1,236.9
2019-07-20 07:30:00,30.0,59.5,236.7
2019-07-20 07:45:00,30.0,63.8,236.5
2019-07-20 08:00:00,31.0,64.6,235.8
2019-07-20 08:15:00,32.0,70.2,234.7
2019-07-20 08:30:00,32.0,69.9,235.6
2019-07-20 08:45:00,32.0,64.2,231.3
2019-07-20 09:00:00,32.0,62.9,230.6
2019-07-20 09:15:00,31.0,68.5,230.7
2019-07-20 09:30:00,31.0,75.4,229.1
2019-07-20 09:45:00,32.0,79.6,228.0
2019-07-20 10:00:00,32.0,76.2,227.9
2019-07-20 10:15:00,31.0,79.8,227.8
2019-07-20 10:30:00,31.0,86.9,228.1
2019-07-20 10:45:00,33.0,107.8,227.2
2019-07-20 11:00:00,34.0,110.2,227.1
2019-07-20 11:15:00,35.0,123.7,225.7
2019-07-20 11:30:00,33.0,133.7,225.2
2019-07-20 11:45:00,34.0,130.0,225.6
2019-07-20 12:00:00,34.0,140.8,225.4
2019-07-20 12:15:00,35.0,133.3,223.5
2019-07-20 12:30:00,35.0,126.7,223.1
2019-07-20 12:45:00,36.0,151.3,223.1
2019-07-20 13:00:00,35.0,135.1,221.7
2019-07-20 13:15:00,37.0,147.0,221.0
2019-07-20 13:30:00,38.0,167.2,221.9
2019-07-20 13:45:00,38.0,162.7,221.5
2019-07-20 14:00:00,38.0,126.9,220.6
2019-07-20 14:15:00,40.0,126.4,220.9
2019-07-20 14:30:00,39.0,141.9,229.8
2019-07-20 14:45:00,39.0,138.0,224.9
2019-07-20 15:00:00,40.0,151.4,224.8
2019-07-20 15:15:00,41.0,145.0,224.4
2019-07-20 15:30:00,41.0,131.6,224.6
2019-07-20 15:45:00,41.0,143.2,225.8
2019-07-20 16:00:00,41.0,160.4,226.8
2019-07-20 16:15:00,36.0,156.2,226.3
2019-07-20 16:30:00,35.0,155.5,226.2
2019-07-20 16:45:00,34.0,140.6,225.9
2019-07-20 17:00:00,33.0,143.3,227.4
2019-07-20 17:15:00,34.0,145.6,227.8
2019-07-20 17:30:00,33.0,143.9,229.0
2019-07-20 17:45:00,33.0,145.9,230.2
2019-07-20 18:00:00,33.0,157.4,229.5
2019-07-20 18:15:00,32.0,171.1,228.1
2019-07-20 18:30:00,32.0,173.9,225.2
2019-07-20 18:45:00,32.0,181.2,222.0
2019-07-20 19:00:00,32.0,188.2,221.5
2019-07-20 19:15:00,31.0,184.0,223.3
2019-07-20 19:30:00,31.0,181.9,224.1
2019-07-20 19:45:00,31.0,152.8,225.5
2019-07-20 20:00:00,31.0,149.9,224.9
2019-07-20 20:15:00,31.0,160.8,224.8
2019-07-20 20:30:00,31.0,143.9,226.2
2019-07-20 20:45:00,31.0,134.1,225.9
2019-07-20 21:00:00,30.0,135.4,226.7
2019-07-20 21:15:00,30.0,119.2,226.6
2019-07-20 21:30:00,30.0,100.6,227.4
2019-07-20 21:45:00,30.0,96.2,227.9
2019-07-20 22:00:00,30.0,110.9,227.9
2019-07-20 22:15:00,29.0,109.9,227.8
2019-07-20 22:30:00,29.0,142.2,229.2
2019-07-20 22:45:00,29.0,129.7,227.4
2019-07-20 23:00:00,29.0,121.5,227.7
2019-07-20 23:15:00,29.0,114.5,227.8
2019-07-20 23:30:00,29.0,113.4,228.2
2019-07-20 23:45:00,29.0,109.0,228.8
2019-07-21 00:00:00,29.0,94.4,229.7
2019-07-21 00:15:00,29.0,96.0,229.6
2019-07-21 00:30:00,28.0,98.3,230.0
2019-07-21 00:45:00,28.0,88.1,230.3
2019-07-21 01:00:00,28.0,102.6,230.9
2019-07-21 01:15:00,28.0,94.7,231.2
2019-07-21 01:30:00,28.0,104.3,231.4
2019-07-21 01:45:00,28.0,90.3,232.1
2019-07-21 02:00:00,28.0,95.0,232.3
2019-07-21 02:15:00,28.0,97.0,232.4
2019-07-21 02:30:00,28.0,92.7,233.7
2019-07-21 02:45:00,28.0,87.3,232.9
2019-07-21 03:00:00,28.0,96.2,234.4
2019-07-21 03:15:00,28.0,78.9,234.1
2019-07-21 03:30:00,28.0,90.1,234.6
2019-07-21 03:45:00,28.0,81.1,234.2
2019-07-21 04:00:00,28.0,79.9,235.0
2019-07-21 04:15:00,28.0,79.7,235.9
2019-07-21 04:30:00,28.0,72.9,236.2
2019-07-21 04:45:00,28.0,69.8,237.7
2019-07-21 05:00:00,28.0,66.6,236.9
2019-07-21 05:15:00,28.0,76.69999999999999,237.65
2019-07-21 05:30:00,28.0,80.5,237.4
2019-07-21 05:45:00,28.0,74.0,239.2
2019-07-21 06:00:00,28.0,75.2,238.0
2019-07-21 06:15:00,28.0,78.6,235.9
2019-07-21 06:30:00,29.0,63.2,236.8
2019-07-21 06:45:00,29.0,75.7,237.1
2019-07-21 07:00:00,29.0,65.1,236.3
2019-07-21 07:15:00,30.0,58.7,235.2
2019-07-21 07:30:00,30.0,74.7,234.3
2019-07-21 07:45:00,31.0,71.8,233.6
2019-07-21 08:00:00,31.0,66.5,233.8
2019-07-21 08:15:00,32.0,66.6,233.8
2019-07-21 08:30:00,32.0,62.7,233.5
2019-07-21 08:45:00,32.0,72.7,233.3
2019-07-21 09:00:00,33.0,71.0,232.8
2019-07-21 09:15:00,34.0,63.3,232.5
2019-07-21 09:30:00,34.0,77.7,232.1
2019-07-21 09:45:00,34.0,76.1,232.5
2019-07-21 10:00:00,34.0,71.6,233.1
2019-07-21 10:15:00,35.0,71.0,233.3
2019-07-21 10:30:00,35.0,80.2,233.4
2019-07-21 10:45:00,35.0,93.5,233.2
2019-07-21 11:00:00,36.0,91.2,232.7
2019-07-21 11:15:00,36.0,102.9,231.7
2019-07-21 11:30:00,36.0,100.9,232.8
2019-07-21 11:45:00,36.0,111.3,231.2
2019-07-21 12:00:00,36.0,118.3,230.6
2019-07-21 12:15:00,36.0,119.7,230.7
2019-07-21 12:30:00,37.0,110.7,230.5
2019-07-21 12:45:00,37.0,100.0,230.4
2019-07-21 13:00:00,38.0,118.2,229.9
2019-07-21 13:15:00,38.0,122.2,229.0
2019-07-21 13:30:00,38.0,120.4,229.5
2019-07-21 13:45:00,38.0,114.8,227.6
2019-07-21 14:00:00,39.0,105.6,228.8
2019-07-21 14:15:00,37.0,98.7,227.9
2019-07-21 14:30:00,39.0,102.3,228.5
2019-07-21 14:45:00,40.0,102.0,228.0
2019-07-21 15:00:00,41.0,115.8,227.2
2019-07-21 15:15:00,40.0,112.5,228.6
2019-07-21 15:30:00,41.0,109.0,228.5
2019-07-21 15:45:00,40.0,116.9,228.6
2019-07-21 16:00:00,41.0,125.2,227.0
2019-07-21 16:15:00,41.0,126.7,226.5
2019-07-21 16:30:00,39.0,123.7,226.5
2019-07-21 16:45:00,37.0,130.3,226.6
2019-07-21 17:00:00,35.0,124.6,228.4
2019-07-21 17:15:00,35.0,133.0,228.4
2019-07-21 17:30:00,34.0,126.7,229.7
2019-07-21 17:45:00,34.0,133.1,229.0
2019-07-21 18:00:00,33.0,141.4,229.1
2019-07-21 18:15:00,33.0,155.6,228.1
2019-07-21 18:30:00,32.0,148.5,224.6
2019-07-21 18:45:00,32.0,165.6,223.9
2019-07-21 19:00:00,32.0,160.6,223.3
2019-07-21 19:15:00,32.0,159.8,223.6
2019-07-21 19:30:00,32.0,129.9,225.4
2019-07-21 19:45:00,31.0,137.7,226.6
2019-07-21 20:00:00,31.0,121.4,226.9
2019-07-21 20:15:00,31.0,120.7,227.0
2019-07-21 20:30:00,31.0,116.5,228.2
2019-07-21 20:45:00,31.0,117.3,227.5
2019-07-21 21:00:00,30.0,124.6,227.4
2019-07-21 21:15:00,31.0,144.5,227.3
2019-07-21 21:30:00,30.0,136.8,227.3
2019-07-21 21:45:00,30.0,132.5,227.6
2019-07-21 22:00:00,30.0,148.2,227.3
2019-07-21 22:15:00,30.0,142.0,227.3
2019-07-21 22:30:00,30.0,127.5,227.4
2019-07-21 22:45:00,30.0,119.9,227.8
2019-07-21 23:00:00,30.0,104.9,228.4
2019-07-21 23:15:00,30.0,107.7,229.3
2019-07-21 23:30:00,30.0,103.8,228.5
2019-07-21 23:45:00,29.0,114.8,228.6
2019-07-22 00:00:00,29.0,118.9,228.6
2019-07-22 00:15:00,29.0,110.3,229.3
2019-07-22 00:30:00,29.0,128.4,229.8
2019-07-22 00:45:00,29.0,125.0,230.3
2019-07-22 01:00:00,29.0,115.5,231.0
2019-07-22 01:15:00,29.0,104.1,229.6
2019-07-22 01:30:00,29.0,112.5,230.3
2019-07-22 01:45:00,29.0,115.2,230.5
2019-07-22 02:00:00,29.0,119.1,232.4
2019-07-22 02:15:00,29.0,103.8,232.0
2019-07-22 02:30:00,29.0,94.9,233.4
2019-07-22 02:45:00,29.0,100.5,233.1
2019-07-22 03:00:00,29.0,99.0,233.2
2019-07-22 03:15:00,29.0,92.3,233.1
2019-07-22 03:30:00,29.0,80.5,234.2
2019-07-22 03:45:00,29.0,88.3,234.7
2019-07-22 04:00:00,29.0,77.4,234.8
2019-07-22 04:15:00,29.0,84.5,233.7
2019-07-22 04:30:00,29.0,86.9,235.0
2019-07-22 04:45:00,29.0,84.4,235.5
2019-07-22 05:00:00,29.0,89.2,235.8
2019-07-22 05:15:00,29.0,81.9,235.5
2019-07-22 05:30:00,29.0,79.8,236.3
2019-07-22 05:45:00,29.0,80.4,235.6
2019-07-22 06:00:00,29.0,71.8,235.4
2019-07-22 06:15:00,29.0,75.7,234.9
2019-07-22 06:30:00,30.0,62.0,235.5
2019-07-22 06:45:00,30.0,58.2,235.4
2019-07-22 07:00:00,30.0,56.9,234.8
2019-07-22 07:15:00,31.0,67.9,233.3
2019-07-22 07:30:00,31.0,76.2,234.2
2019-07-22 07:45:00,32.0,63.0,233.5
2019-07-22 08:00:00,31.0,73.3,232.7
2019-07-22 08:15:00,32.0,66.7,233.5
2019-07-22 08:30:00,32.0,74.4,232.7
2019-07-22 08:45:00,33.0,76.0,232.0
2019-07-22 09:00:00,32.0,83.7,231.6
2019-07-22 09:15:00,31.0,78.9,230.1
2019-07-22 09:30:00,32.0,84.7,230.5
2019-07-22 09:45:00,33.0,93.8,230.7
2019-07-22 10:00:00,33.0,95.8,229.6
2019-07-22 10:15:00,33.0,89.7,229.7
2019-07-22 10:30:00,32.0,105.6,231.1
2019-07-22 10:45:00,31.0,121.0,232.8
2019-07-22 11:00:00,29.0,115.8,232.9
2019-07-22 11:15:00,27.0,121.7,233.7
2019-07-22 11:30:00,27.0,115.8,232.4
2019-07-22 11:45:00,27.0,119.3,231.8
2019-07-22 12:00:00,28.0,115.7,231.4
2019-07-22 12:15:00,28.0,126.4,230.6
2019-07-22 12:30:00,28.0,114.7,231.7
2019-07-22 12:45:00,29.0,123.7,230.2
2019-07-22 13:00:00,29.0,126.6,230.3
2019-07-22 13:15:00,29.0,116.3,230.9
2019-07-22 13:30:00,30.0,139.9,228.5
2019-07-22 13:45:00,31.0,137.2,228.3
2019-07-22 14:00:00,32.0,157.0,228.2
2019-07-22 14:15:00,33.0,141.2,228.1
2019-07-22 14:30:00,33.0,134.8,226.7
2019-07-22 14:45:00,32.0,136.3,227.3
2019-07-22 15:00:00,33.0,138.7,229.2
2019-07-22 15:15:00,33.0,134.9,228.5
2019-07-22 15:30:00,33.0,158.4,227.0
2019-07-22 15:45:00,32.0,162.9,227.6
2019-07-22 16:00:00,31.6,163.17000000000002,227.72
2019-07-22 16:15:00,31.2,163.44,227.84
2019-07-22 16:30:00,30.8,163.71,227.96
2019-07-22 16:45:00,30.4,163.98,228.08
2019-07-22 17:15:00,29.6,164.52,228.32
2019-07-22 17:30:00,29.2,164.79,228.44
2019-07-22 17:45:00,28.8,165.06,228.56
2019-07-22 18:00:00,28.4,165.32999999999998,228.68
2019-07-22 18:15:00,28.0,165.6,228.8
2019-07-22 18:30:00,28.0,165.5,228.0
2019-07-22 18:45:00,28.0,166.5,228.4
2019-07-22 19:00:00,28.0,175.9,228.2
2019-07-22 19:15:00,28.0,150.4,227.5
2019-07-22 19:30:00,28.0,140.9,228.5
2019-07-22 19:45:00,27.964285714285715,138.77857142857144,228.84642857142856
2019-07-22 20:00:00,27.928571428571427,136.65714285714287,229.19285714285715
2019-07-22 20:15:00,27.892857142857142,134.53571428571428,229.5392857142857
2019-07-22 20:30:00,27.857142857142858,132.4142857142857,229.88571428571427
2019-07-23 01:30:00,27.142857142857142,89.9857142857143,236.81428571428572
2019-07-23 01:45:00,27.107142857142858,87.86428571428571,237.16071428571428
2019-07-23 02:00:00,27.071428571428573,85.74285714285713,237.50714285714284
2019-07-23 02:15:00,27.035714285714285,83.62142857142857,237.85357142857143
2019-07-23 02:30:00,27.0,81.5,238.2
2019-07-23 02:45:00,27.0,76.4,237.5
2019-07-23 03:00:00,27.0,114.1,235.9
2019-07-23 03:15:00,27.0,104.9,236.3
2019-07-23 03:30:00,27.0,91.4,238.3
2019-07-23 03:45:00,27.0,76.9,238.7
2019-07-23 04:00:00,27.0,82.6,239.0
2019-07-23 04:15:00,27.0,73.3,238.2
2019-07-23 04:30:00,27.0,85.3,239.1
2019-07-23 04:45:00,27.0,68.0,239.9
2019-07-23 05:00:00,27.0,72.3,242.6
2019-07-23 05:15:00,27.0,70.5,242.4
2019-07-23 05:30:00,27.0,69.5,242.6
2019-07-23 05:45:00,27.0,69.3,242.0
2019-07-23 06:00:00,28.0,64.5,240.8
2019-07-23 06:15:00,28.0,71.5,241.4
2019-07-23 06:30:00,28.0,60.3,241.3
2019-07-23 06:45:00,28.0,59.0,240.4
2019-07-23 07:00:00,29.0,60.9,241.1
2019-07-23 07:15:00,29.0,59.0,240.9
2019-07-23 07:30:00,29.0,65.3,240.1
2019-07-23 07:45:00,29.0,55.8,238.1
2019-07-23 08:00:00,30.0,53.7,238.4
2019-07-23 08:15:00,30.0,58.4,238.0
2019-07-23 08:30:00,30.0,66.8,237.3
2019-07-23 08:45:00,31.0,64.0,237.3
2019-07-23 09:00:00,31.0,72.8,237.1
2019-07-23 09:15:00,32.0,63.0,237.2
2019-07-23 09:30:00,32.0,76.3,236.4
2019-07-23 09:45:00,32.0,71.2,236.2
2019-07-23 10:00:00,32.0,75.1,236.9
2019-07-23 10:15:00,33.0,74.2,235.7
2019-07-23 10:30:00,33.0,106.0,234.7
2019-07-23 10:45:00,34.0,119.8,234.0
2019-07-23 11:00:00,34.0,137.1,233.4
2019-07-23 11:15:00,34.0,140.1,234.6
2019-07-23 11:30:00,34.0,144.1,233.4
2019-07-23 11:45:00,35.0,147.8,232.8
2019-07-23 12:00:00,35.0,147.5,232.4
2019-07-23 12:15:00,35.0,138.2,233.0
2019-07-23 12:30:00,35.0,144.3,233.0
2019-07-23 12:45:00,35.0,140.3,231.8
2019-07-23 13:00:00,35.0,133.0,231.6
2019-07-23 13:15:00,36.0,123.2,231.9
2019-07-23 13:30:00,37.0,151.05,218.10000000000002
2019-07-23 13:45:00,38.0,178.9,204.3
2019-07-23 14:00:00,38.0,197.6,206.7
2019-07-23 14:15:00,36.0,167.5,205.3
2019-07-23 14:30:00,38.5,174.05,217.85
2019-07-23 14:45:00,37.0,165.3,230.4
2019-07-23 15:00:00,36.0,175.2,226.6
2019-07-23 15:15:00,39.0,162.5,226.0
2019-07-23 15:30:00,37.0,161.6,225.3
2019-07-23 15:45:00,40.0,154.0,226.7
2019-07-23 16:00:00,40.0,152.5,226.8
2019-07-23 16:15:00,39.0,153.9,227.3
2019-07-23 16:30:00,37.0,162.9,227.1
2019-07-23 16:45:00,35.0,161.1,229.4
2019-07-23 17:00:00,33.0,162.9,229.1
2019-07-23 17:15:00,33.0,161.9,230.4
2019-07-23 17:30:00,32.0,177.1,230.2
2019-07-23 17:45:00,32.0,176.9,230.9
2019-07-23 18:00:00,32.0,136.4,230.8
2019-07-23 18:15:00,31.0,201.0,227.6
2019-07-23 18:30:00,31.0,202.8,224.0
2019-07-23 18:45:00,30.75,193.65,224.025
2019-07-23 19:00:00,30.5,184.5,224.05
2019-07-23 19:15:00,30.25,175.35,224.075
2019-07-23 19:30:00,30.0,166.2,224.1
2019-07-23 19:45:00,30.0,158.3,224.35
2019-07-23 20:00:00,30.0,150.4,224.6
2019-07-23 20:15:00,30.0,150.3,224.8
2019-07-23 20:30:00,29.0,138.3,225.0
2019-07-23 20:45:00,29.0,124.0,229.6
2019-07-23 21:00:00,29.0,134.8,225.9
2019-07-23 21:15:00,29.0,138.5,226.7
2019-07-23 21:30:00,29.0,127.4,227.2
2019-07-23 21:45:00,29.0,101.7,227.4
2019-07-23 22:00:00,29.0,112.5,227.6
2019-07-23 22:15:00,29.0,99.8,228.0
2019-07-23 22:30:00,29.0,87.2,227.4
2019-07-23 22:45:00,29.0,92.0,226.9
2019-07-23 23:00:00,29.0,92.8,229.9
2019-07-23 23:15:00,28.0,105.1,227.4
2019-07-23 23:30:00,28.0,102.5,228.0
2019-07-23 23:45:00,28.0,105.7,229.7
2019-07-24 00:00:00,28.0,111.4,230.0
2019-07-24 00:15:00,28.0,106.8,230.9
2019-07-24 00:30:00,28.0,96.0,231.2
2019-07-24 00:45:00,28.0,82.9,232.7
2019-07-24 01:00:00,28.0,79.5,234.3
2019-07-24 01:15:00,28.0,103.4,233.7
2019-07-24 01:30:00,28.0,92.5,233.9
2019-07-24 01:45:00,28.0,97.0,233.1
2019-07-24 02:00:00,27.0,95.6,233.8
2019-07-24 02:15:00,27.0,102.5,232.9
2019-07-24 02:30:00,27.0,95.6,234.5
2019-07-24 02:45:00,27.0,70.5,233.9
2019-07-24 03:00:00,27.0,85.7,234.8
2019-07-24 03:15:00,27.0,71.8,235.3
2019-07-24 03:30:00,27.0,85.8,235.2
2019-07-24 03:45:00,27.0,72.0,235.7
2019-07-24 04:00:00,27.0,79.1,235.0
2019-07-24 04:15:00,27.0,75.5,236.5
2019-07-24 04:30:00,27.0,61.6,237.0
2019-07-24 04:45:00,27.0,65.2,236.9
2019-07-24 05:00:00,27.0,58.0,239.0
2019-07-24 05:15:00,27.0,61.4,237.5
2019-07-24 05:30:00,27.0,53.7,238.5
2019-07-24 05:45:00,27.0,59.4,238.0
2019-07-24 06:00:00,27.0,54.6,238.7
2019-07-24 06:15:00,28.0,54.6,236.2
2019-07-24 06:30:00,28.0,58.8,236.8
2019-07-24 06:45:00,28.0,54.1,236.1
2019-07-24 07:00:00,28.0,51.8,235.1
2019-07-24 07:15:00,28.0,54.2,234.9
2019-07-24 07:30:00,29.0,61.2,234.0
2019-07-24 07:45:00,29.0,54.8,233.8
2019-07-24 08:00:00,29.0,59.2,233.6
2019-07-24 08:15:00,29.0,54.2,233.8
2019-07-24 08:30:00,30.0,62.6,235.6
2019-07-24 08:45:00,31.0,60.9,235.2
2019-07-24 09:00:00,31.0,73.5,233.9
2019-07-24 09:15:00,31.0,76.9,232.6
2019-07-24 09:30:00,31.0,70.3,231.6
2019-07-24 09:45:00,32.0,73.4,231.7
2019-07-24 10:00:00,32.0,78.8,230.7
2019-07-24 10:15:00,33.0,89.7,230.3
2019-07-24 10:30:00,33.0,101.4,229.6
2019-07-24 10:45:00,33.0,107.7,229.8
2019-07-24 11:00:00,33.0,107.5,229.7
2019-07-24 11:15:00,33.0,110.0,229.46666666666667
2019-07-24 11:30:00,33.0,112.5,229.23333333333332
2019-07-24 11:45:00,33.0,115.0,229.0
2019-07-24 12:00:00,33.0,126.9,229.8
2019-07-24 12:15:00,35.0,117.4,228.5
2019-07-24 12:30:00,35.0,108.1,229.2
2019-07-24 12:45:00,35.0,112.8,227.9
2019-07-24 13:00:00,34.5,123.44999999999999,227.35000000000002
2019-07-24 13:15:00,34.0,134.1,226.8
2019-07-24 13:30:00,34.5,143.35,226.55
2019-07-24 13:45:00,35.0,152.6,226.3
2019-07-24 14:00:00,34.0,113.7,226.1
2019-07-24 14:15:00,38.5,123.25,227.4
2019-07-24 14:30:00,39.0,144.7,226.9
2019-07-24 14:45:00,38.0,143.0,225.7
2019-07-24 15:00:00,36.0,143.5,226.8
2019-07-24 15:15:00,35.0,156.5,226.5
2019-07-24 15:30:00,34.0,135.1,226.5
2019-07-24 15:45:00,33.5,135.54999999999998,226.95
2019-07-24 16:00:00,33.0,136.0,227.4
2019-07-24 16:15:00,33.0,140.6,227.7
2019-07-24 16:30:00,32.0,153.1,228.1
2019-07-24 16:45:00,32.0,157.5,227.9
2019-07-24 17:00:00,31.0,153.8,229.0
2019-07-24 17:15:00,31.0,139.3,229.3
2019-07-24 17:30:00,31.0,150.3,228.7
2019-07-24 17:45:00,31.0,172.1,227.6
2019-07-24 18:00:00,31.0,201.7,226.4
2019-07-24 18:15:00,31.0,192.9,224.0
2019-07-24 18:30:00,30.0,172.7,222.7
2019-07-24 18:45:00,30.0,191.4,223.2
2019-07-24 19:00:00,30.0,193.2,223.1
2019-07-24 19:15:00,30.0,185.8,222.7
2019-07-24 19:30:00,30.0,169.3,223.6
2019-07-24 19:45:00,30.0,180.8,225.1
2019-07-24 20:00:00,30.0,167.2,226.0
2019-07-24 20:15:00,29.0,147.0,225.6
2019-07-24 20:30:00,29.0,137.1,227.25
2019-07-24 20:45:00,29.0,127.2,228.9
2019-07-24 21:00:00,29.0,127.94999999999999,228.35000000000002
2019-07-24 21:15:00,29.0,128.7,227.8
2019-07-24 21:30:00,29.0,112.8,231.9
2019-07-24 21:45:00,29.0,116.7,232.3
2019-07-24 22:00:00,29.0,107.8,232.6
2019-07-24 22:15:00,29.0,121.1,232.4
2019-07-24 22:30:00,29.0,117.6,232.3
2019-07-24 22:45:00,28.0,115.7,232.6
2019-07-24 23:00:00,28.0,94.8,233.7
2019-07-24 23:15:00,28.0,111.4,233.2
2019-07-24 23:30:00,28.0,90.7,234.3
2019-07-24 23:45:00,28.0,93.7,233.8
2019-07-25 00:00:00,28.0,102.8,234.6
2019-07-25 00:15:00,28.0,88.9,235.4
2019-07-25 00:30:00,28.0,90.9,234.7
2019-07-25 00:45:00,28.0,87.6,234.4
2019-07-25 01:00:00,28.0,96.9,234.9
2019-07-25 01:15:00,28.0,95.1,235.0
2019-07-25 01:30:00,28.0,100.5,235.2
2019-07-25 01:45:00,28.0,91.9,235.2
2019-07-25 02:00:00,27.0,92.0,235.2
2019-07-25 02:15:00,27.0,88.5,235.5
2019-07-25 02:30:00,27.0,99.4,236.6
2019-07-25 02:45:00,27.0,79.5,235.9
2019-07-25 03:00:00,27.0,90.6,236.5
2019-07-25 03:15:00,27.0,72.1,237.3
2019-07-25 03:30:00,27.0,66.8,237.0
2019-07-25 03:45:00,27.0,80.7,238.3
2019-07-25 04:00:00,27.0,80.6,237.8
2019-07-25 04:15:00,27.0,71.5,238.6
2019-07-25 04:30:00,27.0,63.2,238.6
2019-07-25 04:45:00,27.0,79.6,239.5
2019-07-25 05:00:00,27.0,70.8,238.1
2019-07-25 05:15:00,27.0,68.9,239.3
2019-07-25 05:30:00,27.0,64.7,239.5
2019-07-25 05:45:00,27.0,64.5,239.5
2019-07-25 06:00:00,27.0,53.7,239.5
2019-07-25 06:15:00,27.0,47.6,239.5
2019-07-25 06:30:00,28.0,49.8,239.4
2019-07-25 06:45:00,28.0,53.1,238.5
2019-07-25 07:00:00,28.0,57.8,238.3
2019-07-25 07:15:00,28.0,50.9,237.6
2019-07-25 07:30:00,29.0,59.0,237.0
2019-07-25 07:45:00,30.0,55.1,236.6
2019-07-25 08:00:00,30.0,66.0,236.2
2019-07-25 08:15:00,31.0,56.3,235.1
2019-07-25 08:30:00,31.0,62.0,234.9
2019-07-25 08:45:00,30.0,58.6,234.7
2019-07-25 09:00:00,31.0,67.1,235.1
2019-07-25 09:15:00,32.0,58.9,234.6
2019-07-25 09:30:00,32.0,60.8,234.5
2019-07-25 09:45:00,33.0,84.5,233.7
2019-07-25 10:00:00,33.0,75.7,233.4
2019-07-25 10:15:00,33.0,77.1,232.5
2019-07-25 10:30:00,33.0,82.7,232.2
2019-07-25 10:45:00,33.0,101.8,232.0
2019-07-25 11:00:00,34.0,105.4,231.6
2019-07-25 11:15:00,35.0,100.2,231.9
2019-07-25 11:30:00,34.98795180722892,100.21807228915662,231.90522088353416
2019-07-25 11:45:00,34.975903614457835,100.23614457831326,231.91044176706828
2019-07-25 12:00:00,34.963855421686745,100.25421686746988,231.91566265060243
2019-07-25 12:15:00,34.95180722891566,100.27228915662651,231.92088353413655
2019-07-30 14:45:00,29.048192771084338,109.12771084337349,234.47911646586346
2019-07-30 15:00:00,29.03614457831325,109.14578313253013,234.48433734939758
2019-07-30 15:15:00,29.02409638554217,109.16385542168675,234.48955823293173
2019-07-30 15:30:00,29.012048192771083,109.18192771084338,234.49477911646585
2019-07-30 15:45:00,29.0,109.2,234.5
2019-07-30 16:00:00,29.0,115.5,234.7
2019-07-30 16:15:00,28.0,106.3,234.5
2019-07-30 16:30:00,28.0,103.2,233.5
2019-07-30 16:45:00,28.0,108.3,235.0
2019-07-30 17:00:00,27.0,116.0,234.3
2019-07-30 17:15:00,27.0,111.3,234.6
2019-07-30 17:30:00,27.0,102.4,234.5
2019-07-30 17:45:00,27.0,107.7,233.6
2019-07-30 18:00:00,27.0,117.6,233.9
2019-07-30 18:15:00,26.0,121.6,233.6
2019-07-30 18:30:00,26.0,134.2,231.8
2019-07-30 18:45:00,26.0,137.2,231.9
2019-07-30 19:00:00,26.0,143.6,231.5
2019-07-30 19:15:00,26.0,133.7,232.2
2019-07-30 19:30:00,26.0,134.6,232.7
2019-07-30 19:45:00,26.0,125.3,233.1
2019-07-30 20:00:00,26.0,118.4,233.3
2019-07-30 20:15:00,26.0,116.6,233.2
2019-07-30 20:30:00,26.0,111.8,233.6
2019-07-30 20:45:00,26.0,103.1,233.7
2019-07-30 21:00:00,26.0,105.9,234.3
2019-07-30 21:15:00,26.0,88.5,234.3
2019-07-30 21:30:00,26.0,87.3,234.8
2019-07-30 21:45:00,26.0,97.6,235.1
2019-07-30 22:00:00,26.0,93.0,235.9
2019-07-30 22:15:00,26.0,75.2,236.3
2019-07-30 22:30:00,26.0,75.0,236.7
2019-07-30 22:45:00,26.0,76.5,237.4
2019-07-30 23:00:00,26.0,82.2,237.6
2019-07-30 23:15:00,26.0,71.5,237.6
2019-07-30 23:30:00,26.0,63.6,238.3
2019-07-30 23:45:00,26.0,63.6,238.3
2019-07-31 00:00:00,26.0,65.1,239.4
2019-07-31 00:15:00,26.0,64.0,239.4
2019-07-31 00:30:00,26.0,70.1,239.4
2019-07-31 00:45:00,26.0,59.9,240.0
2019-07-31 01:00:00,26.0,66.3,239.4
2019-07-31 01:15:00,26.0,62.9,239.6
2019-07-31 01:30:00,26.0,65.1,240.2
2019-07-31 01:45:00,26.0,66.3,240.1
2019-07-31 02:00:00,26.0,56.3,240.6
2019-07-31 02:15:00,26.0,60.2,240.7
2019-07-31 02:30:00,26.0,54.7,240.7
2019-07-31 02:45:00,26.0,55.5,240.6
2019-07-31 03:00:00,26.0,48.6,241.1
2019-07-31 03:15:00,26.0,47.9,241.2
2019-07-31 03:30:00,26.0,60.1,241.1
2019-07-31 03:45:00,26.0,54.7,241.1
2019-07-31 04:00:00,26.0,55.6,241.4
2019-07-31 04:15:00,26.0,46.1,241.4
2019-07-31 04:30:00,26.0,59.9,241.3
2019-07-31 04:45:00,26.0,52.6,242.3
2019-07-31 05:00:00,26.0,65.3,242.1
2019-07-31 05:15:00,26.0,45.3,242.5
2019-07-31 05:30:00,26.0,56.2,242.4
2019-07-31 05:45:00,27.0,51.8,242.5
2019-07-31 06:00:00,27.0,44.7,242.2
2019-07-31 06:15:00,27.0,49.8,241.6
2019-07-31 06:30:00,27.0,48.0,241.3
2019-07-31 06:45:00,27.0,48.9,239.9
2019-07-31 07:00:00,27.0,45.5,240.0
2019-07-31 07:15:00,27.0,47.9,239.3
2019-07-31 07:30:00,28.0,44.8,239.1
2019-07-31 07:45:00,28.0,52.4,238.1
2019-07-31 08:00:00,28.0,48.0,238.3
2019-07-31 08:15:00,28.0,45.4,237.6
2019-07-31 08:30:00,28.0,56.1,238.3
2019-07-31 08:45:00,28.0,49.7,237.2
2019-07-31 09:00:00,28.0,64.7,236.9
2019-07-31 09:15:00,28.0,62.3,236.1
2019-07-31 09:30:00,28.0,57.3,236.5
2019-07-31 09:45:00,28.0,57.1,236.4
2019-07-31 10:00:00,29.0,58.2,236.7
2019-07-31 10:15:00,29.0,75.1,234.6
2019-07-31 10:30:00,29.0,87.8,234.8
2019-07-31 10:45:00,30.0,85.8,234.7
2019-07-31 11:00:00,30.0,89.3,233.1
2019-07-31 11:15:00,28.0,83.3,234.3
2019-07-31 11:30:00,28.0,88.7,234.9
2019-07-31 11:45:00,30.0,87.6,234.8
2019-07-31 12:00:00,31.0,84.9,235.1
2019-07-31 12:15:00,31.0,94.9,234.0
2019-07-31 12:30:00,30.0,107.9,233.5
2019-07-31 12:45:00,30.0,102.2,233.8
2019-07-31 13:00:00,28.0,95.0,235.2
2019-07-31 13:15:00,28.0,106.0,230.1
2019-07-31 13:30:00,29.0,95.2,231.2
2019-07-31 13:45:00,31.0,104.8,229.7
2019-07-31 14:00:00,30.0,104.0,231.0
2019-07-31 14:15:00,30.0,94.4,229.8
2019-07-31 14:30:00,32.0,96.1,230.1
2019-07-31 14:45:00,30.0,106.2,230.2
2019-07-31 15:00:00,32.0,111.2,230.4
2019-07-31 15:15:00,34.0,106.6,230.2
2019-07-31 15:30:00,33.0,119.3,229.8
2019-07-31 15:45:00,32.0,101.5,230.9
2019-07-31 16:00:00,31.0,101.7,231.8
2019-07-31 16:15:00,30.0,106.1,230.9
2019-07-31 16:30:00,30.0,103.8,232.3
2019-07-31 16:45:00,30.0,107.5,232.2
2019-07-31 17:00:00,30.0,107.8,232.6
2019-07-31 17:15:00,30.0,106.7,232.5
2019-07-31 17:30:00,30.0,126.4,233.5
2019-07-31 17:45:00,29.0,120.8,232.9
2019-07-31 18:00:00,29.0,129.1,232.5
2019-07-31 18:15:00,28.0,123.2,230.6
2019-07-31 18:30:00,28.0,128.0,228.7
2019-07-31 18:45:00,28.0,141.6,228.3
2019-07-31 19:00:00,28.0,150.0,228.1
2019-07-31 19:15:00,28.0,131.4,228.9
2019-07-31 19:30:00,28.0,132.8,229.0
2019-07-31 19:45:00,28.0,124.2,229.9
2019-07-31 20:00:00,27.0,131.4,230.1
2019-07-31 20:15:00,27.0,127.0,230.3
2019-07-31 20:30:00,27.0,123.6,231.3
2019-07-31 20:45:00,27.0,129.7,232.0
2019-07-31 21:00:00,27.0,105.3,231.6
2019-07-31 21:15:00,27.0,104.2,231.8
2019-07-31 21:30:00,27.0,88.8,232.1
2019-07-31 21:45:00,27.0,70.0,232.9
2019-07-31 22:00:00,27.0,78.3,233.3
2019-07-31 22:15:00,27.0,83.9,234.0
2019-07-31 22:30:00,27.0,83.3,233.4
2019-07-31 22:45:00,27.0,100.0,234.4
2019-07-31 23:00:00,27.0,71.8,234.7
2019-07-31 23:15:00,27.0,72.1,234.6
2019-07-31 23:30:00,27.0,78.0,234.9
2019-07-31 23:45:00,27.0,69.7,235.3
2019-08-01 00:00:00,27.0,68.75,235.95
2019-08-01 00:15:00,27.0,67.8,236.6
2019-08-01 00:30:00,26.0,58.9,236.2
2019-08-01 00:45:00,26.0,62.8,236.9
2019-08-01 01:00:00,26.0,69.4,237.4
2019-08-01 01:15:00,26.0,61.2,237.6
2019-08-01 01:30:00,26.0,55.6,237.3
2019-08-01 01:45:00,26.0,60.4,237.4
2019-08-01 02:00:00,26.0,52.7,238.7
2019-08-01 02:15:00,26.0,61.7,237.7
2019-08-01 02:30:00,26.0,52.0,238.3
2019-08-01 02:45:00,26.0,50.6,238.8
2019-08-01 03:00:00,26.0,56.8,238.7
2019-08-01 03:15:00,26.0,58.5,240.0
2019-08-01 03:30:00,26.0,57.4,239.5
2019-08-01 03:45:00,26.0,53.4,239.7
2019-08-01 04:00:00,26.0,55.1,239.8
2019-08-01 04:15:00,26.0,53.7,240.0
2019-08-01 04:30:00,26.0,47.7,239.4
2019-08-01 04:45:00,26.0,50.6,241.1
2019-08-01 05:00:00,26.0,43.7,241.4
2019-08-01 05:15:00,26.0,46.8,241.4
2019-08-01 05:30:00,26.0,41.3,241.7
2019-08-01 05:45:00,26.0,46.1,241.3
2019-08-01 06:00:00,26.0,46.0,241.8
2019-08-01 06:15:00,26.0,42.2,241.3
2019-08-01 06:30:00,27.0,47.3,240.6
2019-08-01 06:45:00,27.0,40.7,239.6
2019-08-01 07:00:00,28.0,43.1,238.3
2019-08-01 07:15:00,28.0,39.2,236.8
2019-08-01 07:30:00,29.0,42.7,237.0
2019-08-01 07:45:00,29.0,42.8,237.4
2019-08-01 08:00:00,29.0,66.3,235.7
2019-08-01 08:15:00,29.0,65.7,235.3
2019-08-01 08:30:00,30.0,53.9,235.2
2019-08-01 08:45:00,30.0,72.2,234.1
2019-08-01 09:00:00,31.0,55.0,233.6
2019-08-01 09:15:00,31.0,70.2,232.8
2019-08-01 09:30:00,31.0,75.0,232.7
2019-08-01 09:45:00,32.0,63.3,232.7
2019-08-01 10:00:00,32.0,66.2,231.9
2019-08-01 10:15:00,33.0,65.0,230.9
2019-08-01 10:30:00,33.0,73.4,230.7
2019-08-01 10:45:00,34.0,81.3,231.0
2019-08-01 11:00:00,34.0,88.8,230.7
2019-08-01 11:15:00,34.0,82.3,230.5
2019-08-01 11:30:00,35.0,95.0,230.5
2019-08-01 11:45:00,35.0,101.9,229.9
2019-08-01 12:00:00,35.0,105.9,230.4
2019-08-01 12:15:00,34.0,108.2,228.7
2019-08-01 12:30:00,35.0,106.6,228.9
2019-08-01 12:45:00,33.0,107.2,229.8
2019-08-01 13:00:00,35.0,112.1,230.2
2019-08-01 13:15:00,36.0,111.9,228.9
2019-08-01 13:30:00,35.0,113.0,228.2
2019-08-01 13:45:00,36.0,114.9,228.3
2019-08-01 14:00:00,37.0,125.8,227.0
2019-08-01 14:15:00,37.0,131.7,227.2
2019-08-01 14:30:00,37.0,118.7,227.6
2019-08-01 14:45:00,38.0,114.6,227.7
2019-08-01 15:00:00,38.0,109.3,228.7
2019-08-01 15:15:00,38.0,112.3,226.7
2019-08-01 15:30:00,36.0,109.6,227.9
2019-08-01 15:45:00,33.0,117.8,227.1
2019-08-01 16:00:00,35.0,134.4,228.0
2019-08-01 16:15:00,35.0,134.8,227.7
2019-08-01 16:30:00,33.0,133.1,229.2
2019-08-01 16:45:00,33.0,127.8,229.6
2019-08-01 17:00:00,33.0,116.0,230.3
2019-08-01 17:15:00,32.0,122.9,230.6
2019-08-01 17:30:00,32.0,109.3,230.4
2019-08-01 17:45:00,31.0,118.4,230.3
2019-08-01 18:00:00,31.0,137.8,230.3
2019-08-01 18:15:00,31.0,137.8,227.4
2019-08-01 18:30:00,30.0,158.0,225.4
2019-08-01 18:45:00,30.0,163.3,225.1
2019-08-01 19:00:00,30.0,158.2,225.6
2019-08-01 19:15:00,30.0,171.1,224.3
2019-08-01 19:30:00,30.0,159.7,225.8
2019-08-01 19:45:00,30.0,160.9,226.4
2019-08-01 20:00:00,29.0,166.9,226.4
2019-08-01 20:15:00,29.0,158.2,227.0
2019-08-01 20:30:00,29.0,129.2,227.4
2019-08-01 20:45:00,29.0,117.0,227.6
2019-08-01 21:00:00,29.0,111.6,228.3
2019-08-01 21:15:00,29.0,126.2,228.3
2019-08-01 21:30:00,28.0,118.8,228.7
2019-08-01 21:45:00,28.0,97.6,229.6
2019-08-01 22:00:00,28.0,120.3,230.4
2019-08-01 22:15:00,28.0,113.0,230.7
2019-08-01 22:30:00,28.0,106.6,230.7
2019-08-01 22:45:00,28.0,79.4,231.3
2019-08-01 23:00:00,28.0,103.1,231.7
2019-08-01 23:15:00,27.0,119.3,230.7
2019-08-01 23:30:00,27.0,97.5,231.2
2019-08-01 23:45:00,28.0,106.1,232.3
2019-08-02 00:00:00,28.0,101.9,231.8
2019-08-02 00:15:00,27.0,95.0,233.3
2019-08-02 00:30:00,27.0,73.4,234.0
2019-08-02 00:45:00,27.0,64.3,234.0
2019-08-02 01:00:00,27.0,72.9,235.2
2019-08-02 01:15:00,27.0,73.7,235.4
2019-08-02 01:30:00,27.0,72.6,235.1
2019-08-02 01:45:00,27.0,77.7,235.8
2019-08-02 02:00:00,27.0,62.6,235.6
2019-08-02 02:15:00,27.0,72.7,236.4
2019-08-02 02:30:00,27.0,65.9,236.7
2019-08-02 02:45:00,27.0,61.0,237.0
2019-08-02 03:00:00,27.0,66.6,237.2
2019-08-02 03:15:00,27.0,71.9,237.6
2019-08-02 03:30:00,27.0,66.7,238.2
2019-08-02 03:45:00,27.0,60.0,238.4
2019-08-02 04:00:00,27.0,61.4,238.2
2019-08-02 04:15:00,27.0,59.2,238.3
2019-08-02 04:30:00,27.0,68.8,238.5
2019-08-02 04:45:00,26.0,64.3,239.6
2019-08-02 05:00:00,27.0,51.7,240.5
2019-08-02 05:15:00,27.0,65.0,241.1
2019-08-02 05:30:00,27.0,57.6,241.0
2019-08-02 05:45:00,27.0,53.3,241.4
2019-08-02 06:00:00,27.0,47.0,240.0
2019-08-02 06:15:00,28.0,51.4,239.6
2019-08-02 06:30:00,28.0,54.2,239.2
2019-08-02 06:45:00,28.0,47.6,239.0
2019-08-02 07:00:00,29.0,47.4,238.9
2019-08-02 07:15:00,29.0,48.9,238.2
2019-08-02 07:30:00,29.0,53.6,237.4
2019-08-02 07:45:00,30.0,50.7,237.4
2019-08-02 08:00:00,30.0,54.7,236.8
2019-08-02 08:15:00,30.0,56.9,236.4
2019-08-02 08:30:00,31.0,53.9,236.1
2019-08-02 08:45:00,31.0,57.2,235.3
2019-08-02 09:00:00,32.0,56.8,235.4
2019-08-02 09:15:00,32.0,57.2,234.8
2019-08-02 09:30:00,32.0,58.7,234.7
2019-08-02 09:45:00,32.0,53.6,234.8
2019-08-02 10:00:00,32.0,68.4,234.0
2019-08-02 10:15:00,32.0,70.4,234.4
2019-08-02 10:30:00,33.0,75.1,233.4
2019-08-02 10:45:00,34.0,106.1,232.7
2019-08-02 11:00:00,33.0,102.2,232.0
2019-08-02 11:15:00,35.0,107.9,231.8
2019-08-02 11:30:00,35.0,113.3,230.8
2019-08-02 11:45:00,34.0,109.1,230.5
2019-08-02 12:00:00,34.0,122.2,229.9
2019-08-02 12:15:00,34.0,130.1,229.9
2019-08-02 12:30:00,34.0,138.6,230.4
2019-08-02 12:45:00,35.0,139.6,230.2
2019-08-02 13:00:00,36.0,114.4,230.2
2019-08-02 13:15:00,35.0,117.5,230.3
2019-08-02 13:30:00,36.0,124.9,229.5
2019-08-02 13:45:00,35.0,126.8,229.4
2019-08-02 14:00:00,34.5,131.65,228.65
2019-08-02 14:15:00,34.0,136.5,227.9
2019-08-02 14:30:00,36.0,146.3,227.1
2019-08-02 14:45:00,38.0,147.3,227.3
2019-08-02 15:00:00,37.0,142.5,227.5
2019-08-02 15:15:00,34.5,152.35,227.85
2019-08-02 15:30:00,32.0,162.2,228.2
2019-08-02 15:45:00,32.0,147.2,229.1
2019-08-02 16:00:00,33.0,140.6,229.0
2019-08-02 16:15:00,34.0,138.4,229.4
2019-08-02 16:30:00,32.0,147.7,231.0
2019-08-02 16:45:00,32.0,137.1,231.4
2019-08-02 17:00:00,32.0,148.2,228.3
2019-08-02 17:15:00,32.0,135.0,228.7
2019-08-02 17:30:00,32.0,123.8,230.2
2019-08-02 17:45:00,32.0,130.1,229.4
2019-08-02 18:00:00,31.0,148.3,228.9
2019-08-02 18:15:00,31.0,178.1,227.0
2019-08-02 18:30:00,31.0,190.1,223.2
2019-08-02 18:45:00,30.0,183.4,222.8
2019-08-02 19:00:00,30.0,174.0,224.2
2019-08-02 19:15:00,30.0,182.7,224.1
2019-08-02 19:30:00,30.0,172.4,225.1
2019-08-02 19:45:00,30.0,151.7,226.2
2019-08-02 20:00:00,29.0,150.0,226.7
2019-08-02 20:15:00,29.0,158.5,228.7
2019-08-02 20:30:00,29.0,155.9,229.0
2019-08-02 20:45:00,29.0,147.8,230.2
2019-08-02 21:00:00,29.0,133.8,229.6
2019-08-02 21:15:00,29.0,130.2,229.1
2019-08-02 21:30:00,29.0,116.4,229.3
2019-08-02 21:45:00,29.0,99.0,231.1
2019-08-02 22:00:00,28.0,93.7,230.3
2019-08-02 22:15:00,28.0,84.2,229.4
2019-08-02 22:30:00,28.0,98.7,229.6
2019-08-02 22:45:00,28.0,96.1,231.8
2019-08-02 23:00:00,28.0,94.2,232.0
2019-08-02 23:15:00,28.0,93.7,232.6
2019-08-02 23:30:00,28.0,105.5,231.7
2019-08-02 23:45:00,28.0,90.0,232.4
2019-08-03 00:00:00,28.0,91.9,232.8
2019-08-03 00:15:00,28.0,100.9,233.0
2019-08-03 00:30:00,28.0,96.2,233.6
2019-08-03 00:45:00,28.0,80.0,234.6
2019-08-03 01:00:00,28.0,92.4,234.0
2019-08-03 01:15:00,27.0,81.4,235.2
2019-08-03 01:30:00,27.0,85.8,235.4
2019-08-03 01:45:00,27.0,80.2,236.4
2019-08-03 02:00:00,27.0,83.6,235.5
2019-08-03 02:15:00,27.0,83.3,237.2
2019-08-03 02:30:00,27.0,88.9,236.5
2019-08-03 02:45:00,27.0,72.9,236.8
2019-08-03 03:00:00,27.0,81.4,237.5
2019-08-03 03:15:00,27.0,91.1,237.2
2019-08-03 03:30:00,27.0,77.2,238.4
2019-08-03 03:45:00,27.0,70.0,238.4
2019-08-03 04:00:00,27.0,68.8,239.3
2019-08-03 04:15:00,27.0,89.0,238.9
2019-08-03 04:30:00,27.0,76.2,239.5
2019-08-03 04:45:00,27.0,80.5,239.8
2019-08-03 05:00:00,27.0,65.5,240.9
2019-08-03 05:15:00,27.0,57.5,239.7
2019-08-03 05:30:00,27.0,59.5,240.6
2019-08-03 05:45:00,27.0,69.7,240.2
2019-08-03 06:00:00,27.0,60.8,240.2
2019-08-03 06:15:00,28.0,67.7,239.25
2019-08-03 06:30:00,28.0,60.35,238.925
2019-08-03 06:45:00,28.0,53.0,238.6
2019-08-03 07:00:00,28.0,49.0,238.8
2019-08-03 07:15:00,28.0,49.3,237.4
2019-08-03 07:30:00,28.0,51.2,237.8
2019-08-03 07:45:00,28.0,54.9,237.7
2019-08-03 08:00:00,28.0,53.4,237.1
2019-08-03 08:15:00,30.0,54.0,236.5
2019-08-03 08:30:00,29.0,74.0,236.6
2019-08-03 08:45:00,29.0,59.1,236.6
2019-08-03 09:00:00,29.0,52.9,236.5
2019-08-03 09:15:00,29.0,53.5,235.7
2019-08-03 09:30:00,30.0,62.5,233.7
2019-08-03 09:45:00,31.0,58.4,234.2
2019-08-03 10:00:00,30.0,74.0,234.9
2019-08-03 10:15:00,31.0,61.6,234.2
2019-08-03 10:30:00,30.0,78.0,233.3
2019-08-03 10:45:00,31.0,82.2,233.3
2019-08-03 11:00:00,31.0,96.0,232.2
2019-08-03 11:15:00,33.0,94.0,231.5
2019-08-03 11:30:00,31.0,104.8,232.3
2019-08-03 11:45:00,31.0,116.7,230.8
2019-08-03 12:00:00,31.0,115.6,230.5
2019-08-03 12:15:00,32.0,105.3,230.5
2019-08-03 12:30:00,32.0,104.1,229.4
2019-08-03 12:45:00,31.0,106.3,230.8
2019-08-03 13:00:00,31.0,110.6,228.8
2019-08-03 13:15:00,32.0,117.5,228.7
2019-08-03 13:30:00,32.0,108.6,228.1
2019-08-03 13:45:00,35.0,119.4,227.6
2019-08-03 14:00:00,33.0,107.9,227.6
2019-08-03 14:15:00,32.0,118.9,227.9
2019-08-03 14:30:00,33.0,117.5,227.5
2019-08-03 14:45:00,33.0,111.2,227.5
2019-08-03 15:00:00,32.0,101.6,228.0
2019-08-03 15:15:00,32.0,122.1,227.7
2019-08-03 15:30:00,34.0,107.4,228.5
2019-08-03 15:45:00,33.0,121.2,228.4
2019-08-03 16:00:00,34.0,110.9,228.5
2019-08-03 16:15:00,35.0,139.2,227.4
2019-08-03 16:30:00,33.0,129.7,228.8
2019-08-03 16:45:00,32.0,133.6,227.1
2019-08-03 17:00:00,32.0,123.7,227.7
2019-08-03 17:15:00,32.0,133.4,227.7
2019-08-03 17:30:00,32.0,124.5,228.2
2019-08-03 17:45:00,31.0,133.9,228.2
2019-08-03 18:00:00,31.0,129.9,227.8
2019-08-03 18:15:00,30.0,148.5,226.1
2019-08-03 18:30:00,30.0,145.2,224.6
2019-08-03 18:45:00,30.0,154.4,223.4
2019-08-03 19:00:00,30.0,155.5,223.5
2019-08-03 19:15:00,30.0,131.4,224.4
2019-08-03 19:30:00,30.0,143.6,225.7
2019-08-03 19:45:00,29.0,125.4,227.4
2019-08-03 20:00:00,29.0,118.8,225.9
2019-08-03 20:15:00,29.0,120.6,229.3
2019-08-03 20:30:00,29.0,110.8,229.9
2019-08-03 20:45:00,29.0,114.7,229.8
2019-08-03 21:00:00,29.0,104.3,229.7
2019-08-03 21:15:00,28.0,99.7,230.6
2019-08-03 21:30:00,28.0,90.7,231.4
2019-08-03 21:45:00,28.0,89.6,232.7
2019-08-03 22:00:00,28.0,89.3,233.6
2019-08-03 22:15:00,28.0,83.8,233.7
2019-08-03 22:30:00,28.0,83.8,234.2
2019-08-03 22:45:00,28.0,95.6,232.9
2019-08-03 23:00:00,28.0,102.4,233.5
2019-08-03 23:15:00,28.0,98.4,234.1
2019-08-03 23:30:00,28.0,93.3,234.1
2019-08-03 23:45:00,28.0,107.0,234.1
2019-08-04 00:00:00,28.0,94.7,234.7
2019-08-04 00:15:00,28.0,105.8,234.9
2019-08-04 00:30:00,28.0,90.9,235.7
2019-08-04 00:45:00,28.0,76.0,236.1
2019-08-04 01:00:00,28.0,82.1,237.1
2019-08-04 01:15:00,28.0,83.0,236.8
2019-08-04 01:30:00,28.0,81.1,237.3
2019-08-04 01:45:00,27.0,89.3,237.2
2019-08-04 02:00:00,27.0,72.0,237.6
2019-08-04 02:15:00,28.0,92.9,237.8
2019-08-04 02:30:00,27.0,88.7,237.8
2019-08-04 02:45:00,27.0,72.1,238.4
2019-08-04 03:00:00,28.0,88.4,238.6
2019-08-04 03:15:00,27.0,77.0,238.6
2019-08-04 03:30:00,27.0,78.1,238.0
2019-08-04 03:45:00,27.0,80.7,238.8
2019-08-04 04:00:00,27.0,76.8,239.4
2019-08-04 04:15:00,27.0,62.9,239.0
2019-08-04 04:30:00,27.0,63.2,238.4
2019-08-04 04:45:00,27.0,58.6,240.1
2019-08-04 05:00:00,27.0,57.4,240.9
2019-08-04 05:15:00,27.0,61.0,241.4
2019-08-04 05:30:00,27.0,60.4,242.0
2019-08-04 05:45:00,27.0,57.3,242.4
2019-08-04 06:00:00,27.0,53.6,241.3
2019-08-04 06:15:00,28.0,51.4,240.5
2019-08-04 06:30:00,28.0,56.2,240.2
2019-08-04 06:45:00,28.0,52.400000000000006,233.0
2019-08-04 07:00:00,28.0,61.6,226.3
2019-08-04 07:15:00,28.0,56.2,226.0
2019-08-04 07:30:00,29.0,59.0,225.5
2019-08-04 07:45:00,29.0,50.1,223.6
2019-08-04 08:00:00,29.5,54.05,229.9
2019-08-04 08:15:00,30.0,54.6,236.0
2019-08-04 08:30:00,30.0,63.4,237.3
2019-08-04 08:45:00,31.0,62.6,237.7
2019-08-04 09:00:00,31.0,57.2,237.6
2019-08-04 09:15:00,32.0,65.6,235.7
2019-08-04 09:30:00,32.0,69.3,236.4
2019-08-04 09:45:00,33.0,71.7,234.4
2019-08-04 10:00:00,33.0,60.1,234.9
2019-08-04 10:15:00,34.0,69.2,233.9
2019-08-04 10:30:00,33.0,78.8,235.0
2019-08-04 10:45:00,33.0,91.5,233.7
2019-08-04 11:00:00,33.0,104.8,233.0
2019-08-04 11:15:00,33.5,107.0,231.7
2019-08-04 11:30:00,34.0,94.0,231.7
2019-08-04 11:45:00,34.0,95.7,231.4
2019-08-04 12:00:00,34.0,102.9,231.5
2019-08-04 12:15:00,35.0,120.8,231.8
2019-08-04 12:30:00,34.0,115.2,230.9
2019-08-04 12:45:00,33.0,123.5,231.4
2019-08-04 13:00:00,34.0,116.9,232.3
2019-08-04 13:15:00,34.0,112.1,231.3
2019-08-04 13:30:00,36.0,115.1,231.6
2019-08-04 13:45:00,37.0,123.6,230.7
2019-08-04 14:00:00,38.0,117.2,230.3
2019-08-04 14:15:00,35.0,113.2,230.4
2019-08-04 14:30:00,37.0,108.2,229.2
2019-08-04 14:45:00,36.0,96.9,231.2
2019-08-04 15:00:00,37.0,110.2,230.0
2019-08-04 15:15:00,35.0,99.9,229.2
2019-08-04 15:30:00,37.0,110.2,230.9
2019-08-04 15:45:00,40.0,129.2,230.8
2019-08-04 16:00:00,40.0,116.7,230.3
2019-08-04 16:15:00,41.0,114.2,229.8
2019-08-04 16:30:00,36.0,137.3,229.6
2019-08-04 16:45:00,35.0,139.8,230.9
2019-08-04 17:00:00,35.0,130.4,231.1
2019-08-04 17:15:00,34.0,134.3,231.4
2019-08-04 17:30:00,34.0,128.4,231.4
2019-08-04 17:45:00,34.0,123.0,231.4
2019-08-04 18:00:00,33.0,138.8,230.9
2019-08-04 18:15:00,33.0,139.1,229.4
2019-08-04 18:30:00,33.0,135.3,225.4
2019-08-04 18:45:00,32.0,152.7,225.2
2019-08-04 19:00:00,32.0,149.5,225.9
2019-08-04 19:15:00,32.0,145.9,225.2
2019-08-04 19:30:00,32.0,130.6,226.4
2019-08-04 19:45:00,32.0,133.1,227.5
2019-08-04 20:00:00,32.0,132.0,227.5
2019-08-04 20:15:00,31.0,136.2,227.8
2019-08-04 20:30:00,31.0,130.2,227.6
2019-08-04 20:45:00,31.0,127.3,228.1
2019-08-04 21:00:00,31.0,124.7,227.6
2019-08-04 21:15:00,31.0,123.0,228.5
2019-08-04 21:30:00,30.0,127.4,228.5
2019-08-04 21:45:00,30.0,125.4,228.9
2019-08-04 22:00:00,30.0,147.7,229.2
2019-08-04 22:15:00,30.0,146.0,229.8
2019-08-04 22:30:00,30.0,137.5,230.2
2019-08-04 22:45:00,30.0,131.0,230.6
2019-08-04 23:00:00,30.0,153.8,230.8
2019-08-04 23:15:00,30.0,137.8,231.3
2019-08-04 23:30:00,29.0,130.1,231.6
2019-08-04 23:45:00,29.0,108.9,233.0
2019-08-05 00:00:00,29.0,99.2,233.7
2019-08-05 00:15:00,29.0,96.9,233.6
2019-08-05 00:30:00,29.0,84.3,234.2
2019-08-05 00:45:00,29.0,105.6,234.7
2019-08-05 01:00:00,29.0,105.5,235.2
2019-08-05 01:15:00,29.0,95.4,235.9
2019-08-05 01:30:00,29.0,90.8,237.2
2019-08-05 01:45:00,28.0,102.9,235.8
2019-08-05 02:00:00,28.0,92.7,236.1
2019-08-05 02:15:00,28.0,107.5,236.7
2019-08-05 02:30:00,28.0,72.7,237.1
2019-08-05 02:45:00,28.0,84.5,236.7
2019-08-05 03:00:00,28.0,87.1,237.6
2019-08-05 03:15:00,28.0,72.8,238.1
2019-08-05 03:30:00,28.0,78.1,239.2
2019-08-05 03:45:00,28.0,67.9,239.0
2019-08-05 04:00:00,28.0,70.4,238.3
2019-08-05 04:15:00,28.0,62.0,238.6
2019-08-05 04:30:00,28.0,78.1,238.4
2019-08-05 04:45:00,28.0,81.2,239.3
2019-08-05 05:00:00,28.0,73.3,239.9
2019-08-05 05:15:00,28.0,73.3,239.8
2019-08-05 05:30:00,28.0,69.1,240.7
2019-08-05 05:45:00,28.0,78.7,240.9
2019-08-05 06:00:00,29.0,55.5,241.1
2019-08-05 06:15:00,29.0,59.6,240.4
2019-08-05 06:30:00,29.0,56.5,240.5
2019-08-05 06:45:00,30.0,61.4,240.0
2019-08-05 07:00:00,30.0,58.4,239.1
2019-08-05 07:15:00,30.0,57.8,237.8
2019-08-05 07:30:00,31.0,52.8,238.0
2019-08-05 07:45:00,31.0,70.3,237.1
2019-08-05 08:00:00,32.0,64.7,236.8
2019-08-05 08:15:00,32.0,64.7,235.2
2019-08-05 08:30:00,33.0,67.3,235.1
2019-08-05 08:45:00,33.0,60.1,234.2
2019-08-05 09:00:00,34.0,75.3,234.6
2019-08-05 09:15:00,34.0,74.7,233.9
2019-08-05 09:30:00,34.0,64.2,233.9
2019-08-05 09:45:00,35.0,73.0,229.3
2019-08-05 10:00:00,35.0,65.8,230.7
2019-08-05 10:15:00,36.0,71.8,230.9
2019-08-05 10:30:00,35.0,95.8,229.3
2019-08-05 10:45:00,36.0,109.1,228.4
2019-08-05 11:00:00,37.0,105.0,227.0
2019-08-05 11:15:00,37.0,116.4,227.5
2019-08-05 11:30:00,37.0,126.8,225.5
2019-08-05 11:45:00,37.0,129.2,228.0
2019-08-05 12:00:00,37.0,135.2,227.5
2019-08-05 12:15:00,37.0,145.7,227.0
2019-08-05 12:30:00,37.0,132.5,226.2
2019-08-05 12:45:00,37.0,135.8,225.5
2019-08-05 13:00:00,37.0,134.0,224.3
2019-08-05 13:15:00,38.0,148.1,224.0
2019-08-05 13:30:00,39.0,164.1,223.7
2019-08-05 13:45:00,39.0,170.4,223.4
2019-08-05 14:00:00,38.0,162.1,222.3
2019-08-05 14:15:00,38.0,168.5,223.2
2019-08-05 14:30:00,40.0,146.2,221.2
2019-08-05 14:45:00,41.0,152.3,222.7
2019-08-05 15:00:00,42.0,159.6,221.4
2019-08-05 15:15:00,43.0,157.9,221.6
2019-08-05 15:30:00,42.0,141.6,222.8
2019-08-05 15:45:00,43.0,151.3,221.9
2019-08-05 16:00:00,42.0,150.9,221.7
2019-08-05 16:15:00,39.0,150.2,223.2
2019-08-05 16:30:00,37.0,156.0,224.9
2019-08-05 16:45:00,37.0,137.7,226.4
2019-08-05 17:00:00,36.0,152.5,229.2
2019-08-05 17:15:00,36.0,160.7,206.8
2019-08-05 17:30:00,35.0,177.8,206.0
2019-08-05 17:45:00,35.0,156.9,207.6
2019-08-05 18:00:00,35.0,182.9,207.2
2019-08-05 18:15:00,35.0,194.7,205.2
2019-08-05 18:30:00,35.0,191.0,220.2
2019-08-05 18:45:00,34.0,168.0,215.9
2019-08-05 19:00:00,34.0,191.5,205.3
2019-08-05 19:15:00,34.0,202.7,207.1
2019-08-05 19:30:00,34.0,199.7,206.5
2019-08-05 19:45:00,33.5,191.125,207.45
2019-08-05 20:00:00,33.0,182.55,208.4
2019-08-05 20:15:00,32.5,173.975,209.35000000000002
2019-08-05 20:30:00,32.0,165.4,210.3
2019-08-05 20:45:00,32.0,199.4,208.4
2019-08-05 21:00:00,31.5,175.25,216.15
2019-08-05 21:15:00,31.0,193.0,221.5
2019-08-05 21:30:00,31.0,187.0,225.4
2019-08-05 21:45:00,30.0,154.0,227.2
2019-08-05 22:00:00,28.0,134.4,229.1
2019-08-05 22:15:00,28.0,112.8,229.5
2019-08-05 22:30:00,29.0,123.5,229.3
2019-08-05 22:45:00,28.0,117.9,228.4
2019-08-05 23:00:00,28.0,127.4,227.7
2019-08-05 23:15:00,28.0,121.3,227.8
2019-08-05 23:30:00,28.0,108.0,228.5
2019-08-05 23:45:00,28.0,109.0,228.7
2019-08-06 00:00:00,28.0,95.6,229.2
2019-08-06 00:15:00,28.0,113.7,230.0
2019-08-06 00:30:00,28.0,116.1,229.4
2019-08-06 00:45:00,28.0,100.2,230.5
2019-08-06 01:00:00,28.0,102.8,231.6
2019-08-06 01:15:00,28.0,98.4,230.5
2019-08-06 01:30:00,28.0,86.8,231.9
2019-08-06 01:45:00,28.0,92.6,231.9
2019-08-06 02:00:00,28.0,95.0,232.3
2019-08-06 02:15:00,28.0,90.6,232.5
2019-08-06 02:30:00,28.0,92.1,231.8
2019-08-06 02:45:00,28.0,74.4,232.7
2019-08-06 03:00:00,28.0,83.9,232.8
2019-08-06 03:15:00,28.0,88.1,233.5
2019-08-06 03:30:00,28.0,75.3,233.3
2019-08-06 03:45:00,28.0,81.9,233.3
2019-08-06 04:00:00,28.0,73.8,233.9
2019-08-06 04:15:00,28.0,59.4,233.8
2019-08-06 04:30:00,28.0,57.4,234.4
2019-08-06 04:45:00,28.0,69.2,235.8
2019-08-06 05:00:00,28.0,76.4,236.0
2019-08-06 05:15:00,28.0,62.1,236.4
2019-08-06 05:30:00,28.0,58.0,236.7
2019-08-06 05:45:00,28.0,50.9,237.7
2019-08-06 06:00:00,28.0,50.9,237.7
2019-08-06 06:15:00,28.0,55.9,238.1
2019-08-06 06:30:00,29.0,56.3,236.9
2019-08-06 06:45:00,29.0,53.4,236.8
2019-08-06 07:00:00,30.0,52.5,235.6
2019-08-06 07:15:00,30.0,56.0,235.1
2019-08-06 07:30:00,30.0,54.9,234.9
2019-08-06 07:45:00,31.0,55.9,234.2
2019-08-06 08:00:00,31.0,55.7,234.4
2019-08-06 08:15:00,32.0,55.9,233.1
2019-08-06 08:30:00,32.0,58.4,232.4
2019-08-06 08:45:00,32.0,69.6,232.2
2019-08-06 09:00:00,33.0,76.7,231.9
2019-08-06 09:15:00,33.0,67.9,230.9
2019-08-06 09:30:00,33.0,76.5,230.4
2019-08-06 09:45:00,34.0,82.0,229.7
2019-08-06 10:00:00,35.0,82.4,229.4
2019-08-06 10:15:00,35.0,89.6,229.7
2019-08-06 10:30:00,36.0,93.7,228.4
2019-08-06 10:45:00,35.0,114.0,226.4
2019-08-06 11:00:00,35.0,104.2,226.8
2019-08-06 11:15:00,35.0,112.7,226.7
2019-08-06 11:30:00,36.0,120.3,226.0
2019-08-06 11:45:00,35.0,133.9,225.6
2019-08-06 12:00:00,35.0,119.7,226.6
2019-08-06 12:15:00,34.0,128.4,225.1
2019-08-06 12:30:00,35.0,122.4,225.7
2019-08-06 12:45:00,35.0,142.0,225.6
2019-08-06 13:00:00,37.0,137.9,225.0
2019-08-06 13:15:00,38.0,147.6,225.6
2019-08-06 13:30:00,39.0,145.3,225.6
2019-08-06 13:45:00,38.0,145.8,226.0
2019-08-06 14:00:00,38.0,152.9,224.4
2019-08-06 14:15:00,40.0,145.6,223.4
2019-08-06 14:30:00,42.0,147.2,223.8
2019-08-06 14:45:00,40.5,142.95,222.7
2019-08-06 15:00:00,39.0,138.7,221.6
2019-08-06 15:15:00,38.0,151.3,221.6
2019-08-06 15:30:00,38.0,153.4,223.8
2019-08-06 15:45:00,37.90721649484536,152.92268041237114,223.84639175257732
2019-08-06 16:00:00,37.81443298969072,152.44536082474227,223.89278350515465
2019-08-06 16:15:00,37.72164948453608,151.9680412371134,223.93917525773196
2019-08-06 16:30:00,37.628865979381445,151.49072164948453,223.9855670103093
2019-08-07 14:45:00,29.371134020618555,109.00927835051546,228.11443298969073
2019-08-07 15:00:00,29.278350515463917,108.53195876288659,228.16082474226806
2019-08-07 15:15:00,29.185567010309278,108.05463917525773,228.20721649484537
2019-08-07 15:30:00,29.09278350515464,107.57731958762886,228.2536082474227
2019-08-07 15:45:00,29.0,107.1,228.3
2019-08-07 16:00:00,29.0,115.2,228.6
2019-08-07 16:15:00,29.0,122.4,227.6
2019-08-07 16:30:00,29.0,128.4,228.4
2019-08-07 16:45:00,29.0,106.2,228.8
2019-08-07 17:00:00,29.0,119.9,229.2
2019-08-07 17:15:00,29.0,114.0,229.3
2019-08-07 17:30:00,29.0,116.7,228.8
2019-08-07 17:45:00,29.0,147.6,230.9
2019-08-07 18:00:00,29.0,150.0,228.8
2019-08-07 18:15:00,29.0,151.4,228.0
2019-08-07 18:30:00,29.0,115.4,173.65
2019-08-07 18:45:00,29.0,101.45,144.975
2019-08-07 19:00:00,29.0,87.5,116.3
2019-08-07 19:15:00,29.0,95.0,112.6
2019-08-07 19:30:00,29.0,97.0,137.3
2019-08-07 19:45:00,29.0,81.0,128.5
2019-08-07 20:00:00,28.0,103.4,226.6
2019-08-07 20:15:00,28.0,118.4,226.4
2019-08-07 20:30:00,28.0,126.6,226.6
2019-08-07 20:45:00,28.0,98.6,228.5
2019-08-07 21:00:00,29.0,107.9,228.3
2019-08-07 21:15:00,28.0,94.0,227.3
2019-08-07 21:30:00,28.0,87.2,229.1
2019-08-07 21:45:00,28.0,84.0,229.4
2019-08-07 22:00:00,28.0,75.4,230.2
2019-08-07 22:15:00,28.0,87.0,230.2
2019-08-07 22:30:00,28.0,83.4,231.1
2019-08-07 22:45:00,28.0,76.2,230.3
2019-08-07 23:00:00,28.0,76.8,230.8
2019-08-07 23:15:00,28.0,76.4,230.2
2019-08-07 23:30:00,28.0,77.1,231.4
2019-08-07 23:45:00,28.0,85.6,231.1
2019-08-08 00:00:00,28.0,64.0,232.1
2019-08-08 00:15:00,28.0,57.0,232.9
2019-08-08 00:30:00,28.0,64.6,231.9
2019-08-08 00:45:00,28.0,57.8,232.7
2019-08-08 01:00:00,28.0,56.0,232.7
2019-08-08 01:15:00,28.0,61.8,232.9
2019-08-08 01:30:00,28.0,63.8,233.7
2019-08-08 01:45:00,28.0,60.1,233.9
2019-08-08 02:00:00,28.0,49.3,233.7
2019-08-08 02:15:00,28.0,46.5,234.2
2019-08-08 02:30:00,28.0,56.8,234.8
2019-08-08 02:45:00,26.0,49.0,235.2
2019-08-08 03:00:00,26.0,51.8,234.7
2019-08-08 03:15:00,26.0,48.1,235.7
2019-08-08 03:30:00,26.0,51.2,235.3
2019-08-08 03:45:00,26.0,51.4,236.1
2019-08-08 04:00:00,26.0,46.2,236.3
2019-08-08 04:15:00,26.0,51.7,235.9
2019-08-08 04:30:00,26.0,54.2,236.8
2019-08-08 04:45:00,26.0,49.2,237.1
2019-08-08 05:00:00,26.0,58.0,236.9
2019-08-08 05:15:00,26.0,48.1,237.4
2019-08-08 05:30:00,26.0,47.6,237.5
2019-08-08 05:45:00,27.0,44.7,236.9
2019-08-08 06:00:00,27.0,40.0,237.2
2019-08-08 06:15:00,27.0,39.1,237.4
2019-08-08 06:30:00,28.0,49.0,236.8
2019-08-08 06:45:00,28.0,38.0,236.4
2019-08-08 07:00:00,28.0,38.9,236.3
2019-08-08 07:15:00,29.0,42.3,235.7
2019-08-08 07:30:00,29.0,44.1,235.8
2019-08-08 07:45:00,28.0,42.2,234.8
2019-08-08 08:00:00,27.0,45.5,238.0
2019-08-08 08:15:00,26.0,43.1,235.8
2019-08-08 08:30:00,26.0,60.6,233.9
2019-08-08 08:45:00,26.0,45.2,234.5
2019-08-08 09:00:00,27.0,42.6,234.0
2019-08-08 09:15:00,27.0,46.8,234.1
2019-08-08 09:30:00,28.0,35.7,234.7
2019-08-08 09:45:00,28.0,52.5,231.5
2019-08-08 10:00:00,28.0,50.3,232.9
2019-08-08 10:15:00,28.0,56.0,232.1
2019-08-08 10:30:00,28.0,62.7,231.7
2019-08-08 10:45:00,29.0,70.8,230.9
2019-08-08 11:00:00,29.0,103.3,231.3
2019-08-08 11:15:00,29.0,106.0,230.1
2019-08-08 11:30:00,30.0,98.9,230.2
2019-08-08 11:45:00,30.0,99.1,229.5
2019-08-08 12:00:00,30.0,108.4,230.0
2019-08-08 12:15:00,30.0,109.7,232.1
2019-08-08 12:30:00,30.0,109.7,230.6
2019-08-08 12:45:00,30.0,126.1,230.4
2019-08-08 13:00:00,29.0,121.5,229.5
2019-08-08 13:15:00,29.0,126.1,230.0
2019-08-08 13:30:00,29.0,128.2,228.9
2019-08-08 13:45:00,29.0,124.1,229.0
2019-08-08 14:00:00,30.0,112.5,228.2
2019-08-08 14:15:00,30.0,108.6,228.7
2019-08-08 14:30:00,30.0,113.3,228.4
2019-08-08 14:45:00,31.0,111.0,228.4
2019-08-08 15:00:00,31.0,111.8,227.9
2019-08-08 15:15:00,31.0,111.6,228.8
2019-08-08 15:30:00,31.0,107.4,229.0
2019-08-08 15:45:00,30.0,110.5,231.1
2019-08-08 16:00:00,30.0,102.8,231.0
2019-08-08 16:15:00,29.0,109.7,232.1
2019-08-08 16:30:00,28.0,109.7,231.9
2019-08-08 16:45:00,28.0,116.6,232.8
2019-08-08 17:00:00,28.0,102.8,232.2
2019-08-08 17:15:00,28.0,104.6,232.9
2019-08-08 17:30:00,28.0,101.8,233.3
2019-08-08 17:45:00,28.0,104.7,232.8
2019-08-08 18:00:00,28.0,116.7,231.9
2019-08-08 18:15:00,28.0,125.0,228.9
2019-08-08 18:30:00,27.0,133.6,226.5
2019-08-08 18:45:00,27.0,137.2,227.3
2019-08-08 19:00:00,27.0,133.7,227.4
2019-08-08 19:15:00,27.0,132.7,228.5
2019-08-08 19:30:00,27.0,133.1,229.9
2019-08-08 19:45:00,27.0,141.1,229.0
2019-08-08 20:00:00,27.0,117.8,227.2
2019-08-08 20:15:00,27.0,110.5,227.6
2019-08-08 20:30:00,27.0,122.4,227.1
2019-08-08 20:45:00,27.0,109.0,228.2
2019-08-08 21:00:00,27.0,106.1,228.6
2019-08-08 21:15:00,27.0,108.2,228.2
2019-08-08 21:30:00,27.0,105.3,229.5
2019-08-08 21:45:00,27.0,85.6,230.1
2019-08-08 22:00:00,27.0,82.1,232.0
2019-08-08 22:15:00,27.0,81.2,232.0
2019-08-08 22:30:00,27.0,74.5,232.6
2019-08-08 22:45:00,27.0,87.6,232.9
2019-08-08 23:00:00,27.0,83.9,232.2
2019-08-08 23:15:00,27.0,71.7,233.4
2019-08-08 23:30:00,27.0,69.2,233.3
2019-08-08 23:45:00,27.0,74.9,233.6
2019-08-09 00:00:00,27.0,78.2,235.5
2019-08-09 00:15:00,27.0,82.1,235.2
2019-08-09 00:30:00,27.0,71.5,236.3
2019-08-09 00:45:00,27.0,75.9,236.5
2019-08-09 01:00:00,27.0,68.8,238.2
2019-08-09 01:15:00,27.0,78.3,238.0
2019-08-09 01:30:00,27.0,73.8,237.8
2019-08-09 01:45:00,27.0,68.0,239.1
2019-08-09 02:00:00,27.0,61.8,239.2
2019-08-09 02:15:00,26.0,57.4,238.0
2019-08-09 02:30:00,26.0,74.1,237.0
2019-08-09 02:45:00,26.0,80.5,237.9
2019-08-09 03:00:00,26.0,61.5,237.2
2019-08-09 03:15:00,26.0,59.9,237.1
2019-08-09 03:30:00,26.0,56.9,237.4
2019-08-09 03:45:00,26.0,59.6,237.1
2019-08-09 04:00:00,26.0,55.6,237.3
2019-08-09 04:15:00,26.0,49.8,237.5
2019-08-09 04:30:00,26.0,49.3,238.2
2019-08-09 04:45:00,26.0,50.1,238.6
2019-08-09 05:00:00,26.0,48.0,238.8
2019-08-09 05:15:00,26.0,50.8,239.0
2019-08-09 05:30:00,26.0,47.0,240.0
2019-08-09 05:45:00,26.0,48.8,239.7
2019-08-09 06:00:00,26.0,41.6,239.8
2019-08-09 06:15:00,27.0,38.5,239.8
2019-08-09 06:30:00,27.0,38.8,238.5
2019-08-09 06:45:00,27.0,41.0,238.4
2019-08-09 07:00:00,28.0,38.9,238.1
2019-08-09 07:15:00,28.0,42.0,236.8
2019-08-09 07:30:00,28.0,50.3,236.3
2019-08-09 07:45:00,28.0,53.7,236.2
2019-08-09 08:00:00,28.0,45.0,234.9
2019-08-09 08:15:00,29.0,45.4,234.6
2019-08-09 08:30:00,29.0,46.9,234.6
2019-08-09 08:45:00,29.0,51.9,234.0
2019-08-09 09:00:00,30.0,59.9,233.2
2019-08-09 09:15:00,31.0,55.1,231.4
2019-08-09 09:30:00,31.0,56.2,231.3
2019-08-09 09:45:00,31.0,68.85,227.15
2019-08-09 10:00:00,31.0,81.5,223.0
2019-08-09 10:15:00,32.0,70.2,224.5
2019-08-09 10:30:00,32.0,81.8,223.5
2019-08-09 10:45:00,32.0,77.5,226.5
2019-08-09 11:00:00,31.0,85.9,226.1
2019-08-09 11:15:00,32.0,100.1,225.3
2019-08-09 11:30:00,32.0,81.8,227.0
2019-08-09 11:45:00,33.0,90.4,226.2
2019-08-09 12:00:00,32.0,86.6,224.6
2019-08-09 12:15:00,34.0,91.3,224.6
2019-08-09 12:30:00,33.0,93.0,224.6
2019-08-09 12:45:00,33.0,91.0,224.2
2019-08-09 13:00:00,33.0,102.7,224.5
2019-08-09 13:15:00,33.0,110.2,223.3
2019-08-09 13:30:00,35.0,113.5,222.4
2019-08-09 13:45:00,36.0,101.6,221.8
2019-08-09 14:00:00,37.0,109.0,222.2
2019-08-09 14:15:00,38.0,118.0,220.3
2019-08-09 14:30:00,38.0,131.8,221.5
2019-08-09 14:45:00,39.0,113.5,220.9
2019-08-09 15:00:00,40.0,116.8,219.7
2019-08-09 15:15:00,39.0,129.9,220.4
2019-08-09 15:30:00,35.0,129.8,219.3
2019-08-09 15:45:00,37.0,115.6,220.8
2019-08-09 16:00:00,36.0,121.15,220.9
2019-08-09 16:15:00,35.0,126.7,221.0
2019-08-09 16:30:00,33.0,123.4,223.1
2019-08-09 16:45:00,33.0,116.5,223.8
2019-08-09 17:00:00,32.0,128.0,231.8
2019-08-09 17:15:00,31.5,132.65,231.75
2019-08-09 17:30:00,31.0,137.3,231.7
2019-08-09 17:45:00,31.0,129.5,231.8
2019-08-09 18:00:00,31.0,168.9,231.4
2019-08-09 18:15:00,30.0,150.9,229.3
2019-08-09 18:30:00,30.0,155.0,226.5
2019-08-09 18:45:00,30.0,148.8,227.8
2019-08-09 19:00:00,30.0,148.7,227.7
2019-08-09 19:15:00,30.0,141.0,227.9
2019-08-09 19:30:00,30.0,140.9,227.4
2019-08-09 19:45:00,29.0,150.6,228.0
2019-08-09 20:00:00,29.0,137.1,228.1
2019-08-09 20:15:00,29.0,159.2,228.3
2019-08-09 20:30:00,29.0,139.0,229.0
2019-08-09 20:45:00,29.0,136.5,229.6
2019-08-09 21:00:00,29.0,117.9,229.5
2019-08-09 21:15:00,28.0,117.7,229.5
2019-08-09 21:30:00,28.0,107.0,229.5
2019-08-09 21:45:00,28.0,88.5,230.1
2019-08-09 22:00:00,28.0,95.7,230.3
2019-08-09 22:15:00,28.0,78.7,230.9
2019-08-09 22:30:00,28.0,90.9,230.6
2019-08-09 22:45:00,28.0,89.4,231.1
2019-08-09 23:00:00,28.0,86.0,231.9
2019-08-09 23:15:00,28.0,76.7,232.5
2019-08-09 23:30:00,28.0,75.7,233.3
2019-08-09 23:45:00,27.0,82.4,233.5
2019-08-10 00:00:00,27.0,80.8,233.9
2019-08-10 00:15:00,27.0,75.5,233.5
2019-08-10 00:30:00,27.0,84.5,233.6
2019-08-10 00:45:00,27.0,72.9,234.4
2019-08-10 01:00:00,27.0,68.3,235.0
2019-08-10 01:15:00,27.0,72.2,235.0
2019-08-10 01:30:00,27.0,71.3,235.7
2019-08-10 01:45:00,27.0,85.0,235.1
2019-08-10 02:00:00,27.0,86.3,236.1
2019-08-10 02:15:00,27.0,77.2,235.3
2019-08-10 02:30:00,27.0,73.7,236.6
2019-08-10 02:45:00,27.0,79.1,235.9
2019-08-10 03:00:00,27.0,66.6,237.0
2019-08-10 03:15:00,27.0,63.4,236.6
2019-08-10 03:30:00,27.0,64.7,237.3
2019-08-10 03:45:00,27.0,58.4,236.3
2019-08-10 04:00:00,27.0,70.7,215.6
2019-08-10 04:15:00,27.0,60.2,215.0
2019-08-10 04:30:00,27.0,53.3,219.9
2019-08-10 04:45:00,27.0,57.325,220.9
2019-08-10 05:00:00,27.0,61.35,221.9
2019-08-10 05:15:00,27.0,65.375,222.9
2019-08-10 05:30:00,27.0,69.4,223.9
2019-08-10 05:45:00,27.0,63.3,220.1
2019-08-10 06:00:00,27.0,49.3,235.9
2019-08-10 06:15:00,27.0,44.4,235.8
2019-08-10 06:30:00,28.0,50.0,236.0
2019-08-10 06:45:00,28.0,46.8,236.4
2019-08-10 07:00:00,28.0,45.7,235.7
2019-08-10 07:15:00,29.0,45.0,235.1
2019-08-10 07:30:00,29.0,43.7,233.8
2019-08-10 07:45:00,29.0,41.5,233.2
2019-08-10 08:00:00,29.0,51.6,233.2
2019-08-10 08:15:00,29.0,51.0,233.1
2019-08-10 08:30:00,31.0,58.4,232.9
2019-08-10 08:45:00,31.0,53.2,233.5
2019-08-10 09:00:00,31.0,51.9,232.7
2019-08-10 09:15:00,32.0,53.2,232.3
2019-08-10 09:30:00,32.0,56.4,231.9
2019-08-10 09:45:00,33.0,74.1,231.5
2019-08-10 10:00:00,33.0,77.5,231.3
2019-08-10 10:15:00,33.0,74.4,231.6
2019-08-10 10:30:00,33.0,79.9,231.5
2019-08-10 10:45:00,34.0,78.8,230.8
2019-08-10 11:00:00,35.0,93.3,229.8
2019-08-10 11:15:00,35.0,93.9,231.4
2019-08-10 11:30:00,34.0,113.8,229.9
2019-08-10 11:45:00,36.0,116.3,229.8
2019-08-10 12:00:00,36.0,131.9,229.1
2019-08-10 12:15:00,37.0,135.1,228.3
2019-08-10 12:30:00,37.0,120.5,228.9
2019-08-10 12:45:00,36.0,127.8,229.1
2019-08-10 13:00:00,35.0,135.2,228.1
2019-08-10 13:15:00,36.0,151.3,227.6
2019-08-10 13:30:00,39.0,133.5,227.7
2019-08-10 13:45:00,37.0,150.25,227.4
2019-08-10 14:00:00,36.25,145.35,226.5
2019-08-10 14:15:00,38.0,139.3,228.0
2019-08-10 14:30:00,37.0,136.5,226.7
2019-08-10 14:45:00,40.0,132.9,228.0
2019-08-10 15:00:00,36.0,131.6,226.9
2019-08-10 15:15:00,40.0,134.1,225.7
2019-08-10 15:30:00,40.0,136.9,226.8
2019-08-10 15:45:00,35.0,126.4,227.0
2019-08-10 16:00:00,35.0,119.3,227.9
2019-08-10 16:15:00,35.0,146.0,228.7
2019-08-10 16:30:00,34.5,145.7,229.05
2019-08-10 16:45:00,34.0,145.4,229.4
2019-08-10 17:00:00,33.0,143.4,229.5
2019-08-10 17:15:00,33.0,162.1,229.1
2019-08-10 17:30:00,33.0,154.8,229.7
2019-08-10 17:45:00,32.0,153.4,230.1
2019-08-10 18:00:00,32.0,142.1,227.4
2019-08-10 18:15:00,32.0,147.2,226.1
2019-08-10 18:30:00,32.0,178.8,221.8
2019-08-10 18:45:00,32.0,168.0,223.0
2019-08-10 19:00:00,32.0,155.1,223.6
2019-08-10 19:15:00,31.0,145.8,224.5
2019-08-10 19:30:00,31.0,147.8,225.0
2019-08-10 19:45:00,31.0,154.3,224.6
2019-08-10 20:00:00,31.0,143.0,224.4
2019-08-10 20:15:00,31.0,116.2,224.7
2019-08-10 20:30:00,31.0,124.7,224.6
2019-08-10 20:45:00,30.0,108.9,225.3
2019-08-10 21:00:00,30.0,114.4,225.0
2019-08-10 21:15:00,30.0,106.3,225.4
2019-08-10 21:30:00,30.0,92.7,225.8
2019-08-10 21:45:00,30.0,73.5,226.3
2019-08-10 22:00:00,30.0,103.9,226.8
2019-08-10 22:15:00,30.0,77.8,227.1
2019-08-10 22:30:00,30.0,82.4,227.0
2019-08-10 22:45:00,30.0,96.9,226.6
2019-08-10 23:00:00,30.0,81.7,227.3
2019-08-10 23:15:00,30.0,88.4,227.9
2019-08-10 23:30:00,30.0,104.6,227.8
2019-08-10 23:45:00,30.0,87.3,232.3
2019-08-11 00:00:00,29.0,77.5,228.4
2019-08-11 00:15:00,29.0,96.6,229.3
2019-08-11 00:30:00,29.0,104.5,229.7
2019-08-11 00:45:00,29.0,87.4,230.9
2019-08-11 01:00:00,29.0,96.9,230.6
2019-08-11 01:15:00,29.0,89.8,230.6
2019-08-11 01:30:00,29.0,77.0,231.7
2019-08-11 01:45:00,29.0,84.8,231.9
2019-08-11 02:00:00,29.0,80.1,232.0
2019-08-11 02:15:00,29.0,79.4,232.2
2019-08-11 02:30:00,29.0,72.0,232.3
2019-08-11 02:45:00,29.0,79.4,233.1
2019-08-11 03:00:00,29.0,86.9,231.7
2019-08-11 03:15:00,28.0,83.3,233.2
2019-08-11 03:30:00,28.0,76.0,233.0
2019-08-11 03:45:00,28.0,83.6,233.7
2019-08-11 04:00:00,28.0,87.2,233.6
2019-08-11 04:15:00,28.0,73.2,234.9
2019-08-11 04:30:00,28.0,52.15,236.3
2019-08-11 04:45:00,28.0,65.5,235.3
2019-08-11 05:00:00,28.0,67.0,237.2
2019-08-11 05:15:00,28.0,55.8,237.4
2019-08-11 05:30:00,28.0,51.7,237.1
2019-08-11 05:45:00,28.0,59.3,237.0
2019-08-11 06:00:00,29.0,49.5,237.1
2019-08-11 06:15:00,29.0,48.3,238.0
2019-08-11 06:30:00,29.0,48.3,236.5
2019-08-11 06:45:00,29.0,55.3,237.6
2019-08-11 07:00:00,30.0,54.1,236.1
2019-08-11 07:15:00,30.0,52.3,235.3
2019-08-11 07:30:00,31.0,50.9,234.9
2019-08-11 07:45:00,31.0,50.6,234.9
2019-08-11 08:00:00,31.0,57.3,235.5
2019-08-11 08:15:00,31.0,53.1,235.3
2019-08-11 08:30:00,31.0,60.5,234.7
2019-08-11 08:45:00,32.0,55.6,233.8
2019-08-11 09:00:00,32.0,65.5,233.3
2019-08-11 09:15:00,34.0,73.6,233.0
2019-08-11 09:30:00,34.0,67.7,234.2
2019-08-11 09:45:00,34.0,59.9,233.2
2019-08-11 10:00:00,35.0,60.5,235.2
2019-08-11 10:15:00,34.5,62.800000000000004,227.3
2019-08-11 10:30:00,35.0,73.1,221.0
2019-08-11 10:45:00,36.0,93.7,221.1
2019-08-11 11:00:00,36.0,99.1,221.5
2019-08-11 11:15:00,36.0,93.8,221.9
2019-08-11 11:30:00,36.0,96.5,217.5
2019-08-11 11:45:00,37.0,86.9,216.9
2019-08-11 12:00:00,36.0,94.6,216.3
2019-08-11 12:15:00,37.0,95.8,215.5
2019-08-11 12:30:00,37.0,104.65,212.05
2019-08-11 12:45:00,37.0,113.5,208.6
2019-08-11 13:00:00,36.0,104.2,208.5
2019-08-11 13:15:00,37.0,114.7,207.1
2019-08-11 13:30:00,37.0,133.4,205.6
2019-08-11 13:45:00,36.0,133.7,206.0
2019-08-11 14:00:00,37.0,119.3,204.8
2019-08-11 14:15:00,37.0,121.0,204.7
2019-08-11 14:30:00,40.0,107.8,202.8
2019-08-11 14:45:00,39.5,100.2,211.75
2019-08-11 15:00:00,39.0,57.8,231.2
2019-08-11 15:15:00,41.0,103.7,224.6
2019-08-11 15:30:00,42.0,100.9,225.0
2019-08-11 15:45:00,41.0,100.7,223.8
2019-08-11 16:00:00,41.0,120.3,223.6
2019-08-11 16:15:00,38.0,98.35000000000001,225.55
2019-08-11 16:30:00,36.0,118.0,225.5
2019-08-11 16:45:00,36.0,129.6,226.2
2019-08-11 17:00:00,35.0,128.3,227.0
2019-08-11 17:15:00,35.0,142.1,226.2
2019-08-11 17:30:00,35.0,142.8,226.3
2019-08-11 17:45:00,34.0,166.6,225.9
2019-08-11 18:00:00,34.0,165.3,224.7
2019-08-11 18:15:00,33.0,154.5,222.2
2019-08-11 18:30:00,33.0,146.2,219.6
2019-08-11 18:45:00,33.0,133.0,220.3
2019-08-11 19:00:00,33.0,151.9,219.8
2019-08-11 19:15:00,33.0,171.7,221.2
2019-08-11 19:30:00,32.5,132.5,217.7
2019-08-11 19:45:00,32.0,93.3,214.2
2019-08-11 20:00:00,32.0,112.94999999999999,215.39999999999998
2019-08-11 20:15:00,32.0,132.6,216.6
2019-08-11 20:30:00,32.0,92.8,219.05
2019-08-11 20:45:00,32.0,118.6,214.4
2019-08-11 21:00:00,32.0,104.5,219.5
2019-08-11 21:15:00,32.0,103.4,219.6
2019-08-11 21:30:00,32.0,101.0,220.5
2019-08-11 21:45:00,32.0,115.0,220.3
2019-08-11 22:00:00,32.0,84.9,190.7
2019-08-11 22:15:00,32.0,124.9,190.1
2019-08-11 22:30:00,32.0,140.1,190.2
2019-08-11 22:45:00,31.75,133.1,195.9375
2019-08-11 23:00:00,31.5,126.1,201.67499999999998
2019-08-11 23:15:00,31.25,119.1,207.4125
2019-08-11 23:30:00,31.0,112.1,213.14999999999998
2019-08-11 23:45:00,30.75,105.1,218.8875
2019-08-12 00:00:00,30.5,98.1,224.625
2019-08-12 00:15:00,30.25,91.1,230.36249999999998
2019-08-12 00:30:00,30.0,84.1,236.1
2019-08-12 00:45:00,30.0,123.3,235.0
2019-08-12 01:00:00,30.0,95.80000000000001,238.7
2019-08-12 01:15:00,30.0,106.65,235.85
2019-08-12 01:30:00,30.0,117.5,233.0
2019-08-12 01:45:00,28.0,92.7,235.7
2019-08-12 02:00:00,26.0,100.6,234.4
2019-08-12 02:15:00,26.0,89.5,234.2
2019-08-12 02:30:00,25.0,103.4,233.3
2019-08-12 02:45:00,25.0,72.0,235.7
2019-08-12 03:00:00,25.0,77.5,236.7
2019-08-12 03:15:00,26.0,77.6,235.6
2019-08-12 03:30:00,26.0,64.8,235.2
2019-08-12 03:45:00,26.0,65.0,234.2
2019-08-12 04:00:00,26.0,70.3,235.8
2019-08-12 04:15:00,26.0,74.4,234.6
2019-08-12 04:30:00,26.0,78.9,234.9
2019-08-12 04:45:00,26.0,54.2,236.5
2019-08-12 05:00:00,26.0,66.6,236.7
2019-08-12 05:15:00,26.0,49.5,237.7
2019-08-12 05:30:00,26.0,63.8,237.2
2019-08-12 05:45:00,26.0,41.7,238.1
2019-08-12 06:00:00,27.0,63.5,237.1
2019-08-12 06:15:00,27.0,63.7,235.9
2019-08-12 06:30:00,27.0,61.8,236.6
2019-08-12 06:45:00,28.0,55.2,236.0
2019-08-12 07:00:00,28.0,55.2,235.7
2019-08-12 07:15:00,29.0,58.2,233.5
2019-08-12 07:30:00,29.0,58.3,233.5
2019-08-12 07:45:00,30.0,57.9,233.6
2019-08-12 08:00:00,30.0,55.5,234.7
2019-08-12 08:15:00,30.0,55.0,233.4
2019-08-12 08:30:00,30.0,54.9,233.3
2019-08-12 08:45:00,30.0,51.0,234.2
2019-08-12 09:00:00,30.0,65.5,233.5
2019-08-12 09:15:00,30.0,56.3,234.6
2019-08-12 09:30:00,30.0,69.0,233.7
2019-08-12 09:45:00,31.0,60.4,232.9
2019-08-12 10:00:00,31.0,69.6,232.6
2019-08-12 10:15:00,32.0,65.9,232.0
2019-08-12 10:30:00,32.0,71.5,231.2
2019-08-12 10:45:00,33.0,98.8,230.8
2019-08-12 11:00:00,34.0,107.3,230.9
2019-08-12 11:15:00,34.0,107.1,229.8
2019-08-12 11:30:00,34.0,103.5,230.0
2019-08-12 11:45:00,34.0,117.1,229.3
2019-08-12 12:00:00,35.0,115.7,228.8
2019-08-12 12:15:00,35.0,125.2,228.8
2019-08-12 12:30:00,36.0,125.7,226.4
2019-08-12 12:45:00,36.0,127.7,227.3
2019-08-12 13:00:00,36.0,142.1,226.3
2019-08-12 13:15:00,37.0,117.0,225.9
2019-08-12 13:30:00,37.0,142.4,226.5
2019-08-12 13:45:00,37.0,151.3,225.2
2019-08-12 14:00:00,37.0,155.3,225.9
2019-08-12 14:15:00,36.0,149.9,225.0
2019-08-12 14:30:00,38.0,162.4,225.1
2019-08-12 14:45:00,37.0,161.2,223.5
2019-08-12 15:00:00,39.0,152.4,225.5
2019-08-12 15:15:00,40.0,163.2,223.0
2019-08-12 15:30:00,38.0,149.3,221.6
2019-08-12 15:45:00,38.5,147.55,221.8
2019-08-12 16:00:00,39.0,145.8,222.0
2019-08-12 16:15:00,38.0,153.8,222.1
2019-08-12 16:30:00,35.0,146.5,223.3
2019-08-12 16:45:00,35.0,137.3,223.9
2019-08-12 17:00:00,34.0,145.3,225.6
2019-08-12 17:15:00,33.0,160.5,228.2
2019-08-12 17:30:00,33.0,173.8,227.5
2019-08-12 17:45:00,33.0,143.1,226.8
2019-08-12 18:00:00,33.0,167.6,222.6
2019-08-12 18:15:00,31.0,173.7,226.2
2019-08-12 18:30:00,28.0,141.7,228.3
2019-08-12 18:45:00,28.0,156.3,229.0
2019-08-12 19:00:00,28.0,155.5,227.4
2019-08-12 19:15:00,28.0,157.7,226.9
2019-08-12 19:30:00,28.0,144.9,225.7
2019-08-12 19:45:00,28.0,157.5,225.6
2019-08-12 20:00:00,28.0,140.4,224.5
2019-08-12 20:15:00,28.0,149.1,222.9
2019-08-12 20:30:00,28.0,156.8,223.1
2019-08-12 20:45:00,28.0,143.4,223.5
2019-08-12 21:00:00,28.0,145.0,224.0
2019-08-12 21:15:00,27.0,124.8,223.3
2019-08-12 21:30:00,27.5,116.65,223.85000000000002
2019-08-12 21:45:00,28.0,108.5,224.4
2019-08-12 22:00:00,27.0,91.2,224.3
2019-08-12 22:15:00,28.0,98.1,224.2
2019-08-12 22:30:00,28.0,101.0,224.2
2019-08-12 22:45:00,27.0,106.5,224.6
2019-08-12 23:00:00,28.0,106.5,224.0
2019-08-12 23:15:00,27.0,81.1,226.2
2019-08-12 23:30:00,27.0,94.4,225.6
2019-08-12 23:45:00,27.0,97.1,225.3
2019-08-13 00:00:00,27.0,90.2,226.3
2019-08-13 00:15:00,27.0,93.4,227.1
2019-08-13 00:30:00,27.0,77.8,227.9
2019-08-13 00:45:00,27.0,75.2,229.3
2019-08-13 01:00:00,27.0,92.0,228.7
2019-08-13 01:15:00,27.0,75.3,229.6
2019-08-13 01:30:00,27.0,90.8,229.5
2019-08-13 01:45:00,27.0,82.5,229.7
2019-08-13 02:00:00,27.0,77.5,230.9
2019-08-13 02:15:00,27.0,86.0,231.2
2019-08-13 02:30:00,27.0,78.4,231.5
2019-08-13 02:45:00,27.0,73.1,232.1
2019-08-13 03:00:00,27.0,73.8,232.4
2019-08-13 03:15:00,27.0,70.1,231.9
2019-08-13 03:30:00,27.0,68.7,232.0
2019-08-13 03:45:00,27.0,64.0,232.4
2019-08-13 04:00:00,27.0,73.3,232.2
2019-08-13 04:15:00,27.0,68.4,232.6
2019-08-13 04:30:00,27.0,59.9,233.4
2019-08-13 04:45:00,27.0,67.5,234.7
2019-08-13 05:00:00,27.0,68.6,235.7
2019-08-13 05:15:00,27.0,51.5,236.7
2019-08-13 05:30:00,27.0,52.4,237.8
2019-08-13 05:45:00,27.0,49.3,238.0
2019-08-13 06:00:00,27.0,55.4,236.5
2019-08-13 06:15:00,27.0,46.7,235.5
2019-08-13 06:30:00,28.0,50.9,236.5
2019-08-13 06:45:00,28.0,45.7,235.3
2019-08-13 07:00:00,28.0,47.1,234.7
2019-08-13 07:15:00,28.0,51.5,235.2
2019-08-13 07:30:00,29.0,53.6,234.7
2019-08-13 07:45:00,29.0,54.2,235.1
2019-08-13 08:00:00,29.0,64.6,233.5
2019-08-13 08:15:00,29.0,59.5,234.5
2019-08-13 08:30:00,30.0,55.5,234.9
2019-08-13 08:45:00,30.0,54.6,233.2
2019-08-13 09:00:00,31.0,71.5,232.7
2019-08-13 09:15:00,30.0,66.3,232.0
2019-08-13 09:30:00,31.0,54.9,232.8
2019-08-13 09:45:00,31.0,77.0,231.4
2019-08-13 10:00:00,31.0,74.3,230.7
2019-08-13 10:15:00,32.0,80.9,231.2
2019-08-13 10:30:00,32.0,77.1,231.2
2019-08-13 10:45:00,33.0,82.3,230.8
2019-08-13 11:00:00,32.0,105.1,230.0
2019-08-13 11:15:00,32.0,103.5,230.5
2019-08-13 11:30:00,33.0,95.2,229.4
2019-08-13 11:45:00,34.0,105.4,229.2
2019-08-13 12:00:00,33.0,113.3,226.6
2019-08-13 12:15:00,33.0,94.1,227.5
2019-08-13 12:30:00,29.0,100.6,229.0
2019-08-13 12:45:00,29.0,115.5,228.8
2019-08-13 13:00:00,31.0,105.8,230.0
2019-08-13 13:15:00,32.0,112.9,228.8
2019-08-13 13:30:00,33.0,122.2,226.9
2019-08-13 13:45:00,33.0,137.9,226.9
2019-08-13 14:00:00,33.0,136.7,226.7
2019-08-13 14:15:00,32.0,115.8,227.9
2019-08-13 14:30:00,31.0,112.2,228.1
2019-08-13 14:45:00,31.0,103.1,228.75
2019-08-13 15:00:00,31.0,124.7,228.0
2019-08-13 15:15:00,31.0,124.5,228.0
2019-08-13 15:30:00,31.0,123.0,229.1
2019-08-13 15:45:00,30.0,115.7,230.3
2019-08-13 16:00:00,28.0,94.8,229.9
2019-08-13 16:15:00,27.0,101.9,230.0
2019-08-13 16:30:00,27.0,114.1,230.2
2019-08-13 16:45:00,27.0,95.7,231.1
2019-08-13 17:00:00,27.0,97.7,232.0
2019-08-13 17:15:00,27.0,117.0,229.8
2019-08-13 17:30:00,27.0,114.0,229.9
2019-08-13 17:45:00,28.0,128.1,229.1
2019-08-13 18:00:00,28.0,127.4,228.7
2019-08-13 18:15:00,28.0,129.4,226.4
2019-08-13 18:30:00,28.0,144.9,226.1
2019-08-13 18:45:00,28.0,149.1,226.1
2019-08-13 19:00:00,28.0,137.1,225.4
2019-08-13 19:15:00,28.0,139.2,226.1
2019-08-13 19:30:00,28.0,133.1,225.9
2019-08-13 19:45:00,28.0,144.1,226.1
2019-08-13 20:00:00,28.0,141.6,227.1
2019-08-13 20:15:00,28.0,125.2,226.7
2019-08-13 20:30:00,28.0,115.6,227.1
2019-08-13 20:45:00,28.0,102.7,226.7
2019-08-13 21:00:00,28.0,113.4,227.0
2019-08-13 21:15:00,28.0,107.6,227.4
2019-08-13 21:30:00,28.0,105.7,226.9
2019-08-13 21:45:00,28.0,109.7,228.3
2019-08-13 22:00:00,28.0,94.6,228.4
2019-08-13 22:15:00,28.0,90.4,228.7
2019-08-13 22:30:00,28.0,98.6,227.8
2019-08-13 22:45:00,28.0,84.4,227.7
2019-08-13 23:00:00,28.0,87.2,228.5
2019-08-13 23:15:00,28.0,73.9,228.9
2019-08-13 23:30:00,28.0,83.7,231.1
2019-08-13 23:45:00,28.0,76.2,229.7
2019-08-14 00:00:00,28.0,69.7,230.0
2019-08-14 00:15:00,28.0,69.8,230.6
2019-08-14 00:30:00,28.0,69.0,231.5
2019-08-14 00:45:00,28.0,65.0,232.3
2019-08-14 01:00:00,28.0,81.1,232.7
2019-08-14 01:15:00,28.0,61.3,232.3
2019-08-14 01:30:00,28.0,70.4,233.1
2019-08-14 01:45:00,28.0,70.7,233.4
2019-08-14 02:00:00,28.0,67.6,233.3
2019-08-14 02:15:00,27.0,63.0,233.5
2019-08-14 02:30:00,27.0,60.3,234.1
2019-08-14 02:45:00,27.0,68.5,234.6
2019-08-14 03:00:00,27.0,71.2,234.8
2019-08-14 03:15:00,27.0,58.6,234.6
2019-08-14 03:30:00,27.0,59.2,235.6
2019-08-14 03:45:00,27.0,62.4,235.0
2019-08-14 04:00:00,27.0,65.0,235.2
2019-08-14 04:15:00,27.0,54.6,235.4
2019-08-14 04:30:00,27.0,54.6,236.3
2019-08-14 04:45:00,27.0,61.5,237.2
2019-08-14 05:00:00,27.0,64.7,238.2
2019-08-14 05:15:00,27.0,65.9,238.7
2019-08-14 05:30:00,27.0,53.7,240.3
2019-08-14 05:45:00,27.0,49.9,239.1
2019-08-14 06:00:00,27.0,46.3,238.5
2019-08-14 06:15:00,26.0,44.1,239.0
2019-08-14 06:30:00,26.0,45.8,238.7
2019-08-14 06:45:00,26.0,50.8,238.5
2019-08-14 07:00:00,26.0,46.4,238.4
2019-08-14 07:15:00,26.0,45.5,237.5
2019-08-14 07:30:00,26.0,43.6,237.4
2019-08-14 07:45:00,26.0,44.8,235.4
2019-08-14 08:00:00,26.0,43.1,236.9
2019-08-14 08:15:00,26.0,47.5,237.0
2019-08-14 08:30:00,26.0,49.5,237.7
2019-08-14 08:45:00,26.0,60.6,237.0
2019-08-14 09:00:00,26.0,48.2,237.1
2019-08-14 09:15:00,26.0,48.0,236.7
2019-08-14 09:30:00,26.0,46.6,235.9
2019-08-14 09:45:00,26.0,47.7,236.9
2019-08-14 10:00:00,26.0,52.2,236.2
2019-08-14 10:15:00,26.0,54.2,235.6
2019-08-14 10:30:00,26.0,63.8,235.7
2019-08-14 10:45:00,26.0,73.9,236.1
2019-08-14 11:00:00,26.0,65.4,235.0
2019-08-14 11:15:00,26.0,65.1,234.3
2019-08-14 11:30:00,26.0,82.7,234.0
2019-08-14 11:45:00,26.0,80.5,233.0
2019-08-14 12:00:00,27.0,88.4,233.9
2019-08-14 12:15:00,27.0,81.3,233.9
2019-08-14 12:30:00,27.0,76.2,233.7
2019-08-14 12:45:00,27.0,88.9,233.6
2019-08-14 13:00:00,27.0,82.6,232.5
2019-08-14 13:15:00,27.0,86.3,232.7
2019-08-14 13:30:00,27.0,81.1,231.7
2019-08-14 13:45:00,27.0,83.5,233.4
2019-08-14 14:00:00,28.0,86.8,232.8
2019-08-14 14:15:00,28.0,84.1,232.3
2019-08-14 14:30:00,28.0,94.3,232.9
2019-08-14 14:45:00,28.0,99.2,234.7
2019-08-14 15:00:00,28.0,98.7,236.2
2019-08-14 15:15:00,28.0,98.4,234.9
2019-08-14 15:30:00,28.0,99.5,233.7
2019-08-14 15:45:00,29.0,98.9,231.5
2019-08-14 16:00:00,29.0,86.2,233.1
2019-08-14 16:15:00,29.0,90.8,232.5
2019-08-14 16:30:00,29.0,96.3,232.9
2019-08-14 16:45:00,29.0,90.1,233.7
2019-08-14 17:00:00,29.0,90.9,233.4
2019-08-14 17:15:00,29.0,107.1,233.5
2019-08-14 17:30:00,29.0,106.0,233.5
2019-08-14 17:45:00,29.0,95.7,233.3
2019-08-14 18:00:00,28.0,120.5,231.5
2019-08-14 18:15:00,28.0,122.7,229.4
2019-08-14 18:30:00,28.0,132.6,226.4
2019-08-14 18:45:00,28.0,122.6,226.3
2019-08-14 19:00:00,28.0,139.4,227.0
2019-08-14 19:15:00,28.0,132.2,228.8
2019-08-14 19:30:00,28.0,123.6,229.4
2019-08-14 19:45:00,28.0,123.2,229.2
2019-08-14 20:00:00,28.0,124.7,229.8
2019-08-14 20:15:00,28.0,124.9,230.3
2019-08-14 20:30:00,28.0,116.3,230.3
2019-08-14 20:45:00,28.0,105.7,230.4
2019-08-14 21:00:00,27.0,95.8,230.1
2019-08-14 21:15:00,27.0,104.6,230.3
2019-08-14 21:30:00,27.0,92.6,231.0
2019-08-14 21:45:00,27.0,104.6,230.7
2019-08-14 22:00:00,27.0,83.3,232.1
2019-08-14 22:15:00,27.0,73.4,231.8
2019-08-14 22:30:00,27.0,68.5,232.1
2019-08-14 22:45:00,27.0,64.3,232.9
2019-08-14 23:00:00,27.0,83.2,233.2
2019-08-14 23:15:00,27.0,80.6,233.7
2019-08-14 23:30:00,27.0,61.1,233.6
2019-08-14 23:45:00,27.0,66.0,233.3
2019-08-15 00:00:00,27.0,89.1,233.8
2019-08-15 00:15:00,27.0,65.4,234.5
2019-08-15 00:30:00,27.0,65.4,235.0
2019-08-15 00:45:00,27.0,46.3,236.2
2019-08-15 01:00:00,27.0,65.9,235.9
2019-08-15 01:15:00,27.0,59.6,236.4
2019-08-15 01:30:00,27.0,62.1,236.2
2019-08-15 01:45:00,26.0,63.0,237.2
2019-08-15 02:00:00,25.0,53.5,239.8
2019-08-15 02:15:00,25.0,61.3,239.9
2019-08-15 02:30:00,26.0,52.7,240.3
2019-08-15 02:45:00,26.0,52.4,240.2
2019-08-15 03:00:00,26.0,51.9,239.8
2019-08-15 03:15:00,26.0,58.6,240.3
2019-08-15 03:30:00,26.0,48.1,239.5
2019-08-15 03:45:00,26.0,55.9,239.3
2019-08-15 04:00:00,26.0,54.5,240.5
2019-08-15 04:15:00,26.0,48.2,240.1
2019-08-15 04:30:00,26.0,46.05,240.39999999999998
2019-08-15 04:45:00,26.0,43.9,240.7
2019-08-15 05:00:00,26.0,56.3,241.5
2019-08-15 05:15:00,26.0,41.1,242.8
2019-08-15 05:30:00,26.0,50.2,241.6
2019-08-15 05:45:00,26.0,44.2,241.8
2019-08-15 06:00:00,26.0,44.9,242.0
2019-08-15 06:15:00,26.0,39.9,241.4
2019-08-15 06:30:00,26.0,40.2,239.7
2019-08-15 06:45:00,27.0,41.8,239.0
2019-08-15 07:00:00,27.0,42.6,239.0
2019-08-15 07:15:00,28.0,43.2,238.2
2019-08-15 07:30:00,28.0,53.6,237.9
2019-08-15 07:45:00,28.0,40.4,237.3
2019-08-15 08:00:00,29.0,39.2,237.6
2019-08-15 08:15:00,29.0,43.4,237.0
2019-08-15 08:30:00,30.0,45.3,236.5
2019-08-15 08:45:00,29.0,51.9,236.5
2019-08-15 09:00:00,30.0,48.9,236.5
2019-08-15 09:15:00,30.0,41.2,237.3
2019-08-15 09:30:00,30.0,44.7,237.2
2019-08-15 09:45:00,30.0,54.8,236.6
2019-08-15 10:00:00,31.0,64.5,236.0
2019-08-15 10:15:00,31.0,69.6,236.0
2019-08-15 10:30:00,31.0,71.4,235.9
2019-08-15 10:45:00,32.0,71.6,235.6
2019-08-15 11:00:00,32.0,87.6,235.3
2019-08-15 11:15:00,28.0,87.7,235.8
2019-08-15 11:30:00,29.0,107.1,236.3
2019-08-15 11:45:00,29.0,88.8,236.5
2019-08-15 12:00:00,29.0,94.1,236.2
2019-08-15 12:15:00,29.0,99.4,235.9
2019-08-15 12:30:00,29.0,115.3,235.2
2019-08-15 12:45:00,29.0,115.5,235.3
2019-08-15 13:00:00,30.0,91.9,236.9
2019-08-15 13:15:00,29.0,103.0,237.2
2019-08-15 13:30:00,29.0,103.1,237.1
2019-08-15 13:45:00,29.0,107.7,236.6
2019-08-15 14:00:00,29.0,103.5,237.4
2019-08-15 14:15:00,29.0,98.7,237.2
2019-08-15 14:30:00,28.0,97.8,236.9
2019-08-15 14:45:00,28.0,89.3,236.4
2019-08-15 15:00:00,27.0,85.5,236.7
2019-08-15 15:15:00,27.0,81.5,236.5
2019-08-15 15:30:00,27.0,85.2,237.0
2019-08-15 15:45:00,27.0,80.9,236.8
2019-08-15 16:00:00,26.0,85.0,236.4
2019-08-15 16:15:00,26.0,88.6,236.4
2019-08-15 16:30:00,26.0,94.4,236.1
2019-08-15 16:45:00,26.0,94.8,236.2
2019-08-15 17:00:00,26.0,96.8,236.0
2019-08-15 17:15:00,26.0,100.0,237.4
2019-08-15 17:30:00,26.0,97.4,236.7
2019-08-15 17:45:00,26.0,99.7,235.7
2019-08-15 18:00:00,26.0,105.0,234.3
2019-08-15 18:15:00,26.0,112.8,232.3
2019-08-15 18:30:00,26.0,119.9,231.1
2019-08-15 18:45:00,26.0,111.8,230.8
2019-08-15 19:00:00,26.0,123.0,229.4
2019-08-15 19:15:00,26.0,133.9,229.7
2019-08-15 19:30:00,26.0,119.9,230.9
2019-08-15 19:45:00,26.0,108.4,231.6
2019-08-15 20:00:00,26.0,104.9,232.2
2019-08-15 20:15:00,26.0,96.0,233.0
2019-08-15 20:30:00,26.0,82.5,232.1
2019-08-15 20:45:00,26.0,73.0,233.1
2019-08-15 21:00:00,26.0,64.6,232.8
2019-08-15 21:15:00,26.0,65.8,234.2
2019-08-15 21:30:00,26.0,69.6,235.5
2019-08-15 21:45:00,26.0,60.6,235.1
2019-08-15 22:00:00,26.0,66.2,234.7
2019-08-15 22:15:00,26.0,49.2,234.9
2019-08-15 22:30:00,26.0,49.8,236.6
2019-08-15 22:45:00,26.0,51.4,236.4
2019-08-15 23:00:00,26.0,51.6,237.1
2019-08-15 23:15:00,26.0,51.9,237.6
2019-08-15 23:30:00,26.0,56.8,237.3
2019-08-15 23:45:00,26.0,62.0,238.0
2019-08-16 00:00:00,26.0,53.2,237.3
2019-08-16 00:15:00,26.0,55.6,236.6
2019-08-16 00:30:00,26.0,63.7,237.2
2019-08-16 00:45:00,26.0,57.8,237.6
2019-08-16 01:00:00,26.0,49.0,237.4
2019-08-16 01:15:00,26.0,49.5,238.2
2019-08-16 01:30:00,26.0,42.7,238.9
2019-08-16 01:45:00,26.0,44.5,238.8
2019-08-16 02:00:00,26.0,44.6,238.5
2019-08-16 02:15:00,26.0,65.7,239.2
2019-08-16 02:30:00,26.0,52.7,239.0
2019-08-16 02:45:00,26.0,48.9,239.2
2019-08-16 03:00:00,26.0,41.4,239.4
2019-08-16 03:15:00,26.0,47.2,239.6
2019-08-16 03:30:00,26.0,51.9,239.6
2019-08-16 03:45:00,26.0,41.6,239.3
2019-08-16 04:00:00,26.0,43.8,239.6
2019-08-16 04:15:00,26.0,44.7,239.4
2019-08-16 04:30:00,26.0,45.3,240.0
2019-08-16 04:45:00,26.0,45.8,239.6
2019-08-16 05:00:00,26.0,42.7,240.4
2019-08-16 05:15:00,26.0,46.0,240.8
2019-08-16 05:30:00,26.0,41.1,241.1
2019-08-16 05:45:00,26.0,44.9,241.3
2019-08-16 06:00:00,26.0,41.7,241.1
2019-08-16 06:15:00,27.0,47.7,240.4
2019-08-16 06:30:00,27.0,39.9,238.9
2019-08-16 06:45:00,27.0,40.0,239.2
2019-08-16 07:00:00,27.0,40.6,239.7
2019-08-16 07:15:00,28.0,42.6,238.2
2019-08-16 07:30:00,28.0,44.9,237.4
2019-08-16 07:45:00,29.0,39.3,237.3
2019-08-16 08:00:00,29.0,44.7,237.3
2019-08-16 08:15:00,29.0,43.0,236.8
2019-08-16 08:30:00,29.0,40.7,236.5
2019-08-16 08:45:00,30.0,63.1,235.8
2019-08-16 09:00:00,30.0,55.8,236.5
2019-08-16 09:15:00,31.0,51.4,226.9
2019-08-16 09:30:00,30.0,60.4,226.4
2019-08-16 09:45:00,31.0,55.3,226.2
2019-08-16 10:00:00,31.0,62.1,225.5
2019-08-16 10:15:00,32.0,60.7,224.7
2019-08-16 10:30:00,31.0,67.9,224.4
2019-08-16 10:45:00,31.0,77.6,223.8
2019-08-16 11:00:00,31.0,93.0,224.5
2019-08-16 11:15:00,31.0,91.1,225.2
2019-08-16 11:30:00,31.0,88.2,224.6
2019-08-16 11:45:00,31.0,105.9,224.8
2019-08-16 12:00:00,31.0,110.2,224.8
2019-08-16 12:15:00,33.0,105.9,223.9
2019-08-16 12:30:00,33.0,109.3,223.0
2019-08-16 12:45:00,32.0,112.2,224.1
2019-08-16 13:00:00,32.0,116.0,223.4
2019-08-16 13:15:00,34.0,123.9,220.5
2019-08-16 13:30:00,34.0,119.5,221.9
2019-08-16 13:45:00,34.0,120.4,222.1
2019-08-16 14:00:00,34.0,121.2,221.3
2019-08-16 14:15:00,34.0,109.0,221.4
2019-08-16 14:30:00,34.0,135.4,219.7
2019-08-16 14:45:00,33.0,141.4,219.7
2019-08-16 15:00:00,32.0,120.6,221.0
2019-08-16 15:15:00,32.0,108.4,221.4
2019-08-16 15:30:00,32.0,125.3,221.1
2019-08-16 15:45:00,31.0,127.0,221.2
2019-08-16 16:00:00,31.0,122.9,221.4
2019-08-16 16:15:00,30.0,140.8,221.0
2019-08-16 16:30:00,30.0,142.4,220.5
2019-08-16 16:45:00,31.0,66.0,235.5
2019-08-16 17:00:00,30.0,112.4,234.2
2019-08-16 17:15:00,30.0,121.7,234.0
2019-08-16 17:30:00,29.0,132.8,233.8
2019-08-16 17:45:00,29.0,138.2,232.9
2019-08-16 18:00:00,29.0,147.4,232.5
2019-08-16 18:15:00,29.0,155.3,228.6
2019-08-16 18:30:00,28.0,149.8,227.3
2019-08-16 18:45:00,28.0,157.6,227.8
2019-08-16 19:00:00,28.0,147.9,227.9
2019-08-16 19:15:00,28.0,152.2,227.7
2019-08-16 19:30:00,28.0,132.8,228.6
2019-08-16 19:45:00,28.0,148.7,228.9
2019-08-16 20:00:00,28.0,147.7,229.0
2019-08-16 20:15:00,28.0,117.5,230.8
2019-08-16 20:30:00,28.0,108.1,230.9
2019-08-16 20:45:00,28.0,123.2,231.9
2019-08-16 21:00:00,28.0,112.6,231.4
2019-08-16 21:15:00,28.0,105.9,231.5
2019-08-16 21:30:00,28.0,92.7,231.9
2019-08-16 21:45:00,27.0,71.7,232.3
2019-08-16 22:00:00,27.0,81.3,233.6
2019-08-16 22:15:00,27.0,71.4,233.0
2019-08-16 22:30:00,27.0,78.2,234.1
2019-08-16 22:45:00,27.0,72.8,233.6
2019-08-16 23:00:00,27.0,85.9,235.4
2019-08-16 23:15:00,27.0,81.2,234.3
2019-08-16 23:30:00,27.0,68.7,234.8
2019-08-16 23:45:00,27.0,68.8,234.4
2019-08-17 00:00:00,27.0,71.2,235.3
2019-08-17 00:15:00,27.0,78.4,235.1
2019-08-17 00:30:00,27.0,72.0,235.8
2019-08-17 00:45:00,27.0,70.2,237.0
2019-08-17 01:00:00,27.0,74.5,237.3
2019-08-17 01:15:00,27.0,67.0,237.0
2019-08-17 01:30:00,27.0,66.4,237.5
2019-08-17 01:45:00,27.0,65.9,237.6
2019-08-17 02:00:00,27.0,62.8,237.1
2019-08-17 02:15:00,27.0,66.1,237.9
2019-08-17 02:30:00,27.0,71.1,238.3
2019-08-17 02:45:00,27.0,58.3,237.9
2019-08-17 03:00:00,27.0,54.7,239.1
2019-08-17 03:15:00,27.0,53.4,239.4
2019-08-17 03:30:00,27.0,49.4,238.1
2019-08-17 03:45:00,27.0,52.2,239.1
2019-08-17 04:00:00,27.0,56.4,239.4
2019-08-17 04:15:00,27.0,54.2,238.7
2019-08-17 04:30:00,27.0,50.2,238.8
2019-08-17 04:45:00,27.0,47.8,239.8
2019-08-17 05:00:00,27.0,53.0,239.7
2019-08-17 05:15:00,27.0,57.2,240.1
2019-08-17 05:30:00,27.0,50.9,240.8
2019-08-17 05:45:00,27.0,52.8,241.3
2019-08-17 06:00:00,27.0,57.8,239.1
2019-08-17 06:15:00,27.0,50.0,239.2
2019-08-17 06:30:00,27.0,52.6,238.4
2019-08-17 06:45:00,27.0,34.7,238.8
2019-08-17 07:00:00,28.0,51.9,238.5
2019-08-17 07:15:00,28.0,49.2,237.0
2019-08-17 07:30:00,28.0,38.7,237.0
2019-08-17 07:45:00,28.0,40.1,237.1
2019-08-17 08:00:00,28.0,51.3,237.5
2019-08-17 08:15:00,28.0,47.9,236.9
2019-08-17 08:30:00,29.0,54.6,236.7
2019-08-17 08:45:00,29.0,59.1,236.1
2019-08-17 09:00:00,29.0,45.8,235.7
2019-08-17 09:15:00,30.0,49.9,234.2
2019-08-17 09:30:00,30.0,47.1,231.3
2019-08-17 09:45:00,31.0,47.1,230.7
2019-08-17 10:00:00,31.0,64.3,230.5
2019-08-17 10:15:00,31.0,56.2,230.7
2019-08-17 10:30:00,32.0,57.3,233.1
2019-08-17 10:45:00,32.0,78.5,231.7
2019-08-17 11:00:00,33.0,96.1,231.2
2019-08-17 11:15:00,33.0,89.8,230.8
2019-08-17 11:30:00,33.0,89.5,230.3
2019-08-17 11:45:00,34.0,0.0,231.2
2019-08-17 12:00:00,33.5,0.0,230.75
2019-08-17 12:15:00,33.0,0.0,230.3
2019-08-17 12:30:00,34.0,0.0,229.3
2019-08-17 12:45:00,35.0,125.7,228.4
2019-08-17 13:00:00,35.0,144.4,228.0
2019-08-17 13:15:00,35.0,148.0,227.8
2019-08-17 13:30:00,36.0,145.8,229.0
2019-08-17 13:45:00,36.0,139.7,228.8
2019-08-17 14:00:00,35.0,128.9,228.7
2019-08-17 14:15:00,33.0,123.6,227.4
2019-08-17 14:30:00,32.0,115.9,226.9
2019-08-17 14:45:00,32.0,136.7,227.9
2019-08-17 15:00:00,33.0,123.9,227.8
2019-08-17 15:15:00,32.0,143.4,228.0
2019-08-17 15:30:00,31.0,136.9,228.2
2019-08-17 15:45:00,29.0,123.5,228.6
2019-08-17 16:00:00,29.0,120.5,229.5
2019-08-17 16:15:00,29.0,127.5,228.9
2019-08-17 16:30:00,29.0,132.5,230.4
2019-08-17 16:45:00,29.0,130.3,230.7
2019-08-17 17:00:00,29.0,115.1,235.4
2019-08-17 17:15:00,29.0,124.2,230.6
2019-08-17 17:30:00,29.0,116.0,230.5
2019-08-17 17:45:00,29.0,116.9,230.5
2019-08-17 18:00:00,29.0,134.9,229.7
2019-08-17 18:15:00,29.0,139.0,225.9
2019-08-17 18:30:00,29.0,144.9,224.4
2019-08-17 18:45:00,29.0,161.2,223.2
2019-08-17 19:00:00,29.0,146.3,222.8
2019-08-17 19:15:00,29.0,151.5,224.8
2019-08-17 19:30:00,28.0,146.2,225.5
2019-08-17 19:45:00,28.0,131.8,225.7
2019-08-17 20:00:00,28.0,134.4,225.8
2019-08-17 20:15:00,28.0,135.2,225.9
2019-08-17 20:30:00,28.0,124.4,227.3
2019-08-17 20:45:00,28.0,117.4,228.1
2019-08-17 21:00:00,28.0,107.5,227.5
2019-08-17 21:15:00,28.0,114.1,227.8
2019-08-17 21:30:00,28.0,98.9,228.5
2019-08-17 21:45:00,27.0,88.0,229.3
2019-08-17 22:00:00,27.0,79.9,230.1
2019-08-17 22:15:00,27.0,78.0,230.1
2019-08-17 22:30:00,27.0,76.3,230.7
2019-08-17 22:45:00,27.0,70.5,231.0
2019-08-17 23:00:00,27.0,84.5,230.9
2019-08-17 23:15:00,27.0,71.4,232.0
2019-08-17 23:30:00,27.0,67.8,231.5
2019-08-17 23:45:00,27.0,69.8,232.1
2019-08-18 00:00:00,27.0,69.4,232.5
2019-08-18 00:15:00,27.0,65.9,233.1
2019-08-18 00:30:00,27.0,67.8,233.3
2019-08-18 00:45:00,27.0,69.9,233.9
2019-08-18 01:00:00,27.0,54.2,234.8
2019-08-18 01:15:00,27.0,68.9,233.6
2019-08-18 01:30:00,27.0,65.2,233.8
2019-08-18 01:45:00,26.0,58.4,234.4
2019-08-18 02:00:00,26.0,50.5,234.6
2019-08-18 02:15:00,26.0,51.3,235.1
2019-08-18 02:30:00,26.0,54.5,235.3
2019-08-18 02:45:00,26.0,47.0,236.1
2019-08-18 03:00:00,26.0,47.0,236.2
2019-08-18 03:15:00,26.0,53.8,236.0
2019-08-18 03:30:00,26.0,50.3,235.4
2019-08-18 03:45:00,26.0,42.75,237.55
2019-08-18 04:00:00,26.0,43.9,236.0
2019-08-18 04:15:00,26.0,44.4,236.3
2019-08-18 04:30:00,26.0,41.6,237.4
2019-08-18 04:45:00,26.0,40.1,237.2
2019-08-18 05:00:00,26.0,42.2,238.0
2019-08-18 05:15:00,26.0,47.5,239.1
2019-08-18 05:30:00,26.0,44.6,237.7
2019-08-18 05:45:00,26.0,45.0,237.7
2019-08-18 06:00:00,26.0,41.6,238.7
2019-08-18 06:15:00,27.0,38.6,238.6
2019-08-18 06:30:00,27.0,39.3,239.0
2019-08-18 06:45:00,27.0,39.0,238.2
2019-08-18 07:00:00,28.0,47.5,238.0
2019-08-18 07:15:00,28.0,37.9,237.0
2019-08-18 07:30:00,28.0,40.4,236.8
2019-08-18 07:45:00,28.0,40.1,236.3
2019-08-18 08:00:00,28.0,55.4,236.8
2019-08-18 08:15:00,29.0,40.3,236.5
2019-08-18 08:30:00,30.0,46.1,236.0
2019-08-18 08:45:00,30.0,48.6,235.2
2019-08-18 09:00:00,31.0,42.5,234.2
2019-08-18 09:15:00,30.0,45.3,233.6
2019-08-18 09:30:00,31.0,52.2,233.6
2019-08-18 09:45:00,31.0,65.3,233.9
2019-08-18 10:00:00,32.0,51.1,233.7
2019-08-18 10:15:00,32.0,66.4,232.9
2019-08-18 10:30:00,33.0,68.9,233.5
2019-08-18 10:45:00,33.0,94.4,232.7
2019-08-18 11:00:00,34.0,88.8,233.6
2019-08-18 11:15:00,33.0,79.3,232.3
2019-08-18 11:30:00,32.0,86.6,234.0
2019-08-18 11:45:00,33.0,86.1,233.2
2019-08-18 12:00:00,33.0,83.6,233.6
2019-08-18 12:15:00,33.0,88.2,234.0
2019-08-18 12:30:00,34.0,91.0,233.1
2019-08-18 12:45:00,33.0,86.6,234.2
2019-08-18 13:00:00,35.0,87.1,233.6
2019-08-18 13:15:00,34.0,83.6,232.7
2019-08-18 13:30:00,34.0,103.5,231.8
2019-08-18 13:45:00,33.0,90.2,231.4
2019-08-18 14:00:00,32.0,103.9,232.0
2019-08-18 14:15:00,32.0,86.2,231.7
2019-08-18 14:30:00,33.0,65.5,231.2
2019-08-18 14:45:00,34.0,77.5,232.3
2019-08-18 15:00:00,35.0,65.0,232.0
2019-08-18 15:15:00,35.0,63.2,231.7
2019-08-18 15:30:00,36.0,57.6,231.7
2019-08-18 15:45:00,36.0,67.5,231.6
2019-08-18 16:00:00,36.0,71.0,231.9
2019-08-18 16:15:00,33.0,79.3,232.1
2019-08-18 16:30:00,32.0,74.2,232.4
2019-08-18 16:45:00,31.0,60.7,233.3
2019-08-18 17:00:00,31.0,68.4,233.8
2019-08-18 17:15:00,31.0,89.3,233.5
2019-08-18 17:30:00,30.0,77.7,233.9
2019-08-18 17:45:00,30.0,75.9,234.3
2019-08-18 18:00:00,30.0,95.0,233.4
2019-08-18 18:15:00,29.0,86.5,229.9
2019-08-18 18:30:00,29.0,101.6,228.0
2019-08-18 18:45:00,29.0,110.0,228.1
2019-08-18 19:00:00,29.0,116.3,227.6
2019-08-18 19:15:00,29.0,95.2,228.4
2019-08-18 19:30:00,29.0,95.6,229.2
2019-08-18 19:45:00,28.0,79.4,229.5
2019-08-18 20:00:00,28.0,95.3,229.3
2019-08-18 20:15:00,28.0,72.5,228.8
2019-08-18 20:30:00,28.0,68.2,230.0
2019-08-18 20:45:00,28.0,63.6,230.6
2019-08-18 21:00:00,28.0,52.4,231.9
2019-08-18 21:15:00,28.0,57.2,230.8
2019-08-18 21:30:00,28.0,70.5,230.8
2019-08-18 21:45:00,28.0,60.6,231.1
2019-08-18 22:00:00,28.0,65.9,232.4
2019-08-18 22:15:00,28.0,75.0,231.3
2019-08-18 22:30:00,27.0,93.4,230.8
2019-08-18 22:45:00,27.0,90.5,231.4
2019-08-18 23:00:00,27.0,75.2,231.2
2019-08-18 23:15:00,27.0,85.6,231.8
2019-08-18 23:30:00,27.0,72.5,232.4
2019-08-18 23:45:00,27.0,64.1,232.8
2019-08-19 00:00:00,27.0,61.9,233.9
2019-08-19 00:15:00,27.0,71.2,234.4
2019-08-19 00:30:00,27.0,72.1,234.9
2019-08-19 00:45:00,27.0,50.4,235.5
2019-08-19 01:00:00,27.0,57.1,235.6
2019-08-19 01:15:00,27.0,78.1,236.3
2019-08-19 01:30:00,27.0,64.9,236.7
2019-08-19 01:45:00,27.0,60.6,236.9
2019-08-19 02:00:00,27.0,54.4,237.4
2019-08-19 02:15:00,27.0,62.1,237.4
2019-08-19 02:30:00,27.0,54.8,237.6
2019-08-19 02:45:00,27.0,56.5,237.7
2019-08-19 03:00:00,26.0,62.3,237.5
2019-08-19 03:15:00,26.0,46.0,237.6
2019-08-19 03:30:00,26.0,42.0,237.9
2019-08-19 03:45:00,26.0,58.9,237.8
2019-08-19 04:00:00,26.0,49.7,238.4
2019-08-19 04:15:00,26.0,45.5,238.5
2019-08-19 04:30:00,26.0,50.7,239.0
2019-08-19 04:45:00,26.0,40.6,239.5
2019-08-19 05:00:00,26.0,44.7,240.1
2019-08-19 05:15:00,26.0,39.5,240.7
2019-08-19 05:30:00,27.0,45.7,241.2
2019-08-19 05:45:00,27.0,42.3,241.5
2019-08-19 06:00:00,27.0,49.6,239.8
2019-08-19 06:15:00,27.0,40.3,239.5
2019-08-19 06:30:00,27.0,40.2,239.4
2019-08-19 06:45:00,28.0,47.2,238.4
2019-08-19 07:00:00,28.0,52.1,237.6
2019-08-19 07:15:00,29.0,47.1,237.1
2019-08-19 07:30:00,29.0,49.1,237.0
2019-08-19 07:45:00,29.0,56.1,236.2
2019-08-19 08:00:00,29.0,41.3,236.6
2019-08-19 08:15:00,30.0,47.6,235.3
2019-08-19 08:30:00,30.0,41.5,235.0
2019-08-19 08:45:00,31.0,46.8,234.1
2019-08-19 09:00:00,31.0,64.9,232.5
2019-08-19 09:15:00,31.0,54.4,232.8
2019-08-19 09:30:00,32.0,64.4,232.4
2019-08-19 09:45:00,31.0,54.6,231.5
2019-08-19 10:00:00,32.0,59.5,231.4
2019-08-19 10:15:00,33.0,60.7,230.9
2019-08-19 10:30:00,32.0,69.9,229.1
2019-08-19 10:45:00,33.0,77.5,229.4
2019-08-19 11:00:00,34.0,73.2,228.6
2019-08-19 11:15:00,34.0,67.0,231.1
2019-08-19 11:30:00,34.0,97.4,229.9
2019-08-19 11:45:00,33.0,106.3,228.6
2019-08-19 12:00:00,33.0,103.9,227.6
2019-08-19 12:15:00,33.0,116.2,228.3
2019-08-19 12:30:00,33.5,108.30000000000001,227.85000000000002
2019-08-19 12:45:00,34.0,100.4,227.4
2019-08-19 13:00:00,34.0,100.35,227.45
2019-08-19 13:15:00,33.0,113.6,227.1
2019-08-19 13:30:00,33.0,112.8,226.2
2019-08-19 13:45:00,33.0,120.6,228.0
2019-08-19 14:00:00,33.0,123.7,227.1
2019-08-19 14:15:00,35.0,117.4,227.0
2019-08-19 14:30:00,34.0,125.8,227.1
2019-08-19 14:45:00,34.0,137.9,226.7
2019-08-19 15:00:00,37.0,140.6,226.4
2019-08-19 15:15:00,39.0,119.1,227.2
2019-08-19 15:30:00,38.0,121.8,227.2
2019-08-19 15:45:00,37.0,121.7,227.1
2019-08-19 16:00:00,39.0,121.7,226.9
2019-08-19 16:15:00,34.0,118.0,227.4
2019-08-19 16:30:00,33.0,126.6,228.6
2019-08-19 16:45:00,33.0,123.5,228.9
2019-08-19 17:00:00,32.0,125.5,229.4
2019-08-19 17:15:00,32.0,114.2,229.9
2019-08-19 17:30:00,31.0,122.8,229.9
2019-08-19 17:45:00,31.0,103.5,230.5
2019-08-19 18:00:00,31.0,140.9,228.0
2019-08-19 18:15:00,31.0,154.5,224.5
2019-08-19 18:30:00,31.0,155.6,222.9
2019-08-19 18:45:00,31.0,148.9,222.4
2019-08-19 19:00:00,30.0,141.2,223.4
2019-08-19 19:15:00,30.0,152.4,223.5
2019-08-19 19:30:00,30.0,141.5,224.7
2019-08-19 19:45:00,30.0,137.3,225.8
2019-08-19 20:00:00,29.0,132.1,225.5
2019-08-19 20:15:00,29.0,129.2,226.1
2019-08-19 20:30:00,29.0,131.6,226.1
2019-08-19 20:45:00,29.0,118.6,227.1
2019-08-19 21:00:00,29.0,112.1,227.4
2019-08-19 21:15:00,29.0,96.7,227.0
2019-08-19 21:30:00,29.0,69.8,225.1
2019-08-19 21:45:00,29.0,69.8,225.7
2019-08-19 22:00:00,29.0,79.2,225.9
2019-08-19 22:15:00,28.0,90.0,225.5
2019-08-19 22:30:00,28.0,87.5,226.5
2019-08-19 22:45:00,28.0,80.2,227.4
2019-08-19 23:00:00,28.0,93.8,226.9
2019-08-19 23:15:00,28.0,94.6,227.6
2019-08-19 23:30:00,28.0,87.4,228.3
2019-08-19 23:45:00,28.0,79.6,228.6
2019-08-20 00:00:00,28.0,77.4,231.0
2019-08-20 00:15:00,28.0,72.6,230.2
2019-08-20 00:30:00,28.0,65.9,230.3
2019-08-20 00:45:00,28.0,68.6,231.7
2019-08-20 01:00:00,28.0,89.1,233.1
2019-08-20 01:15:00,28.0,86.0,233.4
2019-08-20 01:30:00,28.0,81.3,233.1
2019-08-20 01:45:00,28.0,81.4,233.9
2019-08-20 02:00:00,28.0,72.4,234.6
2019-08-20 02:15:00,28.0,71.9,234.4
2019-08-20 02:30:00,28.0,67.5,234.8
2019-08-20 02:45:00,28.0,63.1,235.4
2019-08-20 03:00:00,28.0,74.8,235.4
2019-08-20 03:15:00,28.0,62.4,238.6
2019-08-20 03:30:00,27.0,62.5,235.5
2019-08-20 03:45:00,27.0,68.7,235.6
2019-08-20 04:00:00,27.0,66.4,236.5
2019-08-20 04:15:00,27.0,52.5,236.7
2019-08-20 04:30:00,27.0,53.8,236.4
2019-08-20 04:45:00,27.0,52.7,236.8
2019-08-20 05:00:00,27.0,55.8,237.8
2019-08-20 05:15:00,27.0,47.9,238.3
2019-08-20 05:30:00,27.0,43.7,239.1
2019-08-20 05:45:00,27.0,62.2,239.8
2019-08-20 06:00:00,28.0,47.0,239.7
2019-08-20 06:15:00,28.0,48.9,238.9
2019-08-20 06:30:00,28.0,46.7,238.6
2019-08-20 06:45:00,28.0,48.6,237.1
2019-08-20 07:00:00,29.0,52.7,236.4
2019-08-20 07:15:00,29.0,48.7,235.5
2019-08-20 07:30:00,29.0,54.1,234.8
2019-08-20 07:45:00,29.0,47.9,235.0
2019-08-20 08:00:00,30.0,41.5,235.2
2019-08-20 08:15:00,30.0,49.900000000000006,234.5
2019-08-20 08:30:00,31.0,75.3,233.0
2019-08-20 08:45:00,31.0,56.9,233.9
2019-08-20 09:00:00,32.0,53.4,233.1
2019-08-20 09:15:00,32.0,60.0,232.8
2019-08-20 09:30:00,32.0,60.0,232.2
2019-08-20 09:45:00,32.0,73.2,231.8
2019-08-20 10:00:00,32.0,62.9,230.6
2019-08-20 10:15:00,33.0,62.2,230.7
2019-08-20 10:30:00,33.0,76.2,229.5
2019-08-20 10:45:00,34.0,77.2,230.5
2019-08-20 11:00:00,33.0,109.5,230.0
2019-08-20 11:15:00,33.0,108.9,229.1
2019-08-20 11:30:00,33.0,126.4,228.4
2019-08-20 11:45:00,34.0,125.0,228.3
2019-08-20 12:00:00,34.0,122.8,228.5
2019-08-20 12:15:00,33.0,129.6,228.4
2019-08-20 12:30:00,34.0,134.1,228.8
2019-08-20 12:45:00,34.0,138.6,226.2
2019-08-20 13:00:00,34.0,124.2,227.5
2019-08-20 13:15:00,34.0,121.6,227.8
2019-08-20 13:30:00,33.0,128.1,227.2
2019-08-20 13:45:00,32.0,126.2,227.4
2019-08-20 14:00:00,33.0,133.0,227.4
2019-08-20 14:15:00,35.0,132.9,225.9
2019-08-20 14:30:00,35.0,139.3,227.2
2019-08-20 14:45:00,36.0,153.6,226.7
2019-08-20 15:00:00,39.0,143.3,226.5
2019-08-20 15:15:00,39.0,135.0,227.9
2019-08-20 15:30:00,35.0,120.8,227.6
2019-08-20 15:45:00,36.0,130.1,228.2
2019-08-20 16:00:00,34.0,128.1,229.0
2019-08-20 16:15:00,33.0,125.5,227.9
2019-08-20 16:30:00,33.0,125.5,228.5
2019-08-20 16:45:00,33.0,120.1,229.1
2019-08-20 17:00:00,33.0,129.7,230.0
2019-08-20 17:15:00,32.0,126.7,230.1
2019-08-20 17:30:00,32.0,140.0,230.3
2019-08-20 17:45:00,32.0,145.5,229.8
2019-08-20 18:00:00,32.0,150.9,229.4
2019-08-20 18:15:00,31.0,172.8,224.5
2019-08-20 18:30:00,31.0,166.2,221.5
2019-08-20 18:45:00,31.0,172.4,220.9
2019-08-20 19:00:00,31.0,159.8,221.5
2019-08-20 19:15:00,31.0,171.5,222.5
2019-08-20 19:30:00,30.0,156.9,224.1
2019-08-20 19:45:00,30.0,150.9,224.8
2019-08-20 20:00:00,30.0,139.8,224.6
2019-08-20 20:15:00,30.0,144.3,224.1
2019-08-20 20:30:00,29.5,123.95,224.95
2019-08-20 20:45:00,29.0,103.6,225.8
2019-08-20 21:00:00,29.0,143.1,225.3
2019-08-20 21:15:00,29.0,131.2,226.5
2019-08-20 21:30:00,29.0,120.1,227.0
2019-08-20 21:45:00,29.0,94.0,226.5
2019-08-20 22:00:00,29.0,84.4,227.0
2019-08-20 22:15:00,29.0,103.5,226.5
2019-08-20 22:30:00,29.0,104.6,227.0
2019-08-20 22:45:00,29.0,105.3,227.3
2019-08-20 23:00:00,29.0,83.6,228.6
2019-08-20 23:15:00,29.0,89.5,228.7
2019-08-20 23:30:00,29.0,94.8,229.0
2019-08-20 23:45:00,29.0,80.6,229.3
2019-08-21 00:00:00,29.0,92.4,229.9
2019-08-21 00:15:00,28.0,87.7,229.8
2019-08-21 00:30:00,28.0,99.4,230.2
2019-08-21 00:45:00,28.0,83.9,230.8
2019-08-21 01:00:00,28.0,82.4,231.3
2019-08-21 01:15:00,28.0,81.6,231.6
2019-08-21 01:30:00,28.0,73.4,231.9
2019-08-21 01:45:00,28.0,83.0,232.0
2019-08-21 02:00:00,28.0,76.5,233.3
2019-08-21 02:15:00,28.0,64.0,233.7
2019-08-21 02:30:00,28.0,62.5,233.7
2019-08-21 02:45:00,28.0,69.2,234.1
2019-08-21 03:00:00,28.0,64.9,234.2
2019-08-21 03:15:00,28.0,63.7,236.0
2019-08-21 03:30:00,28.0,76.2,234.9
2019-08-21 03:45:00,28.0,72.6,235.3
2019-08-21 04:00:00,28.0,50.3,235.3
2019-08-21 04:15:00,28.0,57.8,235.6
2019-08-21 04:30:00,27.0,62.7,235.9
2019-08-21 04:45:00,27.0,69.1,236.4
2019-08-21 05:00:00,27.0,79.1,237.2
2019-08-21 05:15:00,27.0,63.4,238.1
2019-08-21 05:30:00,27.0,55.1,238.8
2019-08-21 05:45:00,27.0,46.7,238.4
2019-08-21 06:00:00,27.0,55.7,238.1
2019-08-21 06:15:00,28.0,52.7,237.7
2019-08-21 06:30:00,28.0,48.8,237.1
2019-08-21 06:45:00,28.0,51.5,236.7
2019-08-21 07:00:00,29.0,47.9,236.5
2019-08-21 07:15:00,29.0,47.4,235.8
2019-08-21 07:30:00,29.0,59.6,234.6
2019-08-21 07:45:00,30.0,67.6,234.8
2019-08-21 08:00:00,30.0,54.9,234.5
2019-08-21 08:15:00,30.0,48.0,234.3
2019-08-21 08:30:00,31.0,51.3,233.5
2019-08-21 08:45:00,31.0,53.2,233.0
2019-08-21 09:00:00,31.0,69.8,233.1
2019-08-21 09:15:00,31.0,70.9,232.3
2019-08-21 09:30:00,32.0,60.1,231.6
2019-08-21 09:45:00,32.0,69.6,231.8
2019-08-21 10:00:00,32.0,64.2,231.9
2019-08-21 10:15:00,33.0,80.3,231.0
2019-08-21 10:30:00,33.0,76.8,230.6
2019-08-21 10:45:00,34.0,95.1,230.5
2019-08-21 11:00:00,34.0,97.8,230.0
2019-08-21 11:15:00,35.0,108.9,230.1
2019-08-21 11:30:00,35.0,114.8,230.3
2019-08-21 11:45:00,35.0,117.5,229.4
2019-08-21 12:00:00,36.0,119.9,229.1
2019-08-21 12:15:00,35.0,118.5,228.7
2019-08-21 12:30:00,35.0,114.0,229.0
2019-08-21 12:45:00,35.0,109.7,228.5
2019-08-21 13:00:00,34.0,119.5,228.4
2019-08-21 13:15:00,35.0,132.2,228.2
2019-08-21 13:30:00,35.0,127.4,228.6
2019-08-21 13:45:00,36.0,127.9,227.2
2019-08-21 14:00:00,35.0,114.5,228.1
2019-08-21 14:15:00,38.0,114.3,227.4
2019-08-21 14:30:00,38.0,116.1,226.9
2019-08-21 14:45:00,38.0,135.2,226.3
2019-08-21 15:00:00,38.0,134.1,226.7
2019-08-21 15:15:00,37.0,120.4,227.4
2019-08-21 15:30:00,37.0,123.8,226.5
2019-08-21 15:45:00,37.0,131.4,226.3
2019-08-21 16:00:00,38.0,133.2,226.8
2019-08-21 16:15:00,36.0,130.1,227.5
2019-08-21 16:30:00,35.0,135.0,227.7
2019-08-21 16:45:00,35.0,129.2,226.6
2019-08-21 17:00:00,34.0,126.8,226.1
2019-08-21 17:15:00,34.0,122.7,226.5
2019-08-21 17:30:00,34.0,125.3,226.8
2019-08-21 17:45:00,33.8125,124.0125,226.53750000000002
2019-08-21 18:00:00,33.625,122.725,226.275
2019-08-21 18:15:00,33.4375,121.4375,226.01250000000002
2019-08-21 18:30:00,33.25,120.15,225.75
2019-08-21 20:30:00,31.75,109.85,223.65
2019-08-21 20:45:00,31.5625,108.5625,223.3875
2019-08-21 21:00:00,31.375,107.275,223.125
2019-08-21 21:15:00,31.1875,105.9875,222.86249999999998
2019-08-21 21:30:00,31.0,104.7,222.6
2019-08-21 21:45:00,31.0,97.9,222.2
2019-08-21 22:00:00,30.0,99.3,222.7
2019-08-21 22:15:00,30.0,99.5,224.0
2019-08-21 22:30:00,30.0,104.8,222.9
2019-08-21 22:45:00,30.0,93.2,223.2
2019-08-21 23:00:00,29.5,100.9,223.6
2019-08-21 23:15:00,29.0,108.6,224.0
2019-08-21 23:30:00,29.0,103.7,225.4
2019-08-21 23:45:00,29.0,86.0,226.5
2019-08-22 00:00:00,28.0,80.5,227.7
2019-08-22 00:15:00,28.0,88.3,228.2
2019-08-22 00:30:00,28.0,72.5,228.9
2019-08-22 00:45:00,27.0,80.1,229.5
2019-08-22 01:00:00,28.0,83.2,229.5
2019-08-22 01:15:00,28.0,80.2,230.5
2019-08-22 01:30:00,28.0,77.6,232.2
2019-08-22 01:45:00,28.0,76.7,228.1
2019-08-22 02:00:00,28.0,63.1,233.0
2019-08-22 02:15:00,28.0,75.5,232.2
2019-08-22 02:30:00,28.0,65.9,232.7
2019-08-22 02:45:00,28.0,69.8,233.0
2019-08-22 03:00:00,28.0,69.0,232.9
2019-08-22 03:15:00,28.0,64.1,233.0
2019-08-22 03:30:00,28.0,76.9,233.8
2019-08-22 03:45:00,28.0,75.6,233.7
2019-08-22 04:00:00,28.0,69.5,234.0
2019-08-22 04:15:00,28.0,69.8,234.5
2019-08-22 04:30:00,28.0,61.6,234.5
2019-08-22 04:45:00,28.0,60.1,235.3
2019-08-22 05:00:00,28.0,55.7,236.2
2019-08-22 05:15:00,27.0,70.3,236.8
2019-08-22 05:30:00,28.0,63.2,237.4
2019-08-22 05:45:00,28.0,63.6,237.4
2019-08-22 06:00:00,28.0,60.0,237.7
2019-08-22 06:15:00,28.0,46.3,236.9
2019-08-22 06:30:00,28.0,56.6,235.1
2019-08-22 06:45:00,28.0,51.0,234.7
2019-08-22 07:00:00,28.0,46.9,234.5
2019-08-22 07:15:00,29.0,44.2,234.2
2019-08-22 07:30:00,29.0,60.5,232.8
2019-08-22 07:45:00,29.0,48.5,233.0
2019-08-22 08:00:00,30.0,56.6,232.5
2019-08-22 08:15:00,30.0,51.4,231.7
2019-08-22 08:30:00,30.0,67.8,230.4
2019-08-22 08:45:00,31.0,53.5,230.5
2019-08-22 09:00:00,31.0,67.4,230.0
2019-08-22 09:15:00,32.0,74.8,229.3
2019-08-22 09:30:00,33.0,81.6,228.6
2019-08-22 09:45:00,33.0,71.4,229.2
2019-08-22 10:00:00,34.0,71.6,227.0
2019-08-22 10:15:00,34.0,68.6,226.9
2019-08-22 10:30:00,35.0,84.3,227.0
2019-08-22 10:45:00,34.0,83.9,226.8
2019-08-22 11:00:00,34.5,85.2,226.4
2019-08-22 11:15:00,35.0,86.5,226.0
2019-08-22 11:30:00,35.0,93.5,225.8
2019-08-22 11:45:00,35.0,106.8,224.8
2019-08-22 12:00:00,35.0,105.6,224.7
2019-08-22 12:15:00,36.0,127.6,224.5
2019-08-22 12:30:00,36.0,116.6,224.1
2019-08-22 12:45:00,37.0,116.6,223.7
2019-08-22 13:00:00,38.0,125.6,223.3
2019-08-22 13:15:00,38.0,124.1,222.3
2019-08-22 13:30:00,37.0,117.7,223.5
2019-08-22 13:45:00,38.5,122.94999999999999,224.35
2019-08-22 14:00:00,40.0,128.2,225.2
2019-08-22 14:15:00,39.6,126.96,224.48
2019-08-22 14:30:00,39.2,125.72,223.76
2019-08-22 14:45:00,38.8,124.47999999999999,223.04
2019-08-22 15:00:00,38.4,123.24,222.32
2019-08-22 15:15:00,38.0,122.0,221.6
2019-08-22 15:30:00,36.666666666666664,121.06666666666666,221.76666666666665
2019-08-22 15:45:00,35.333333333333336,120.13333333333334,221.93333333333334
2019-08-22 16:00:00,34.0,119.2,222.1
2019-08-22 16:15:00,33.0,129.0,223.2
2019-08-22 16:30:00,32.0,133.5,225.7
2019-08-22 16:45:00,32.0,143.1,225.9
2019-08-22 17:00:00,31.0,131.4,225.3
2019-08-22 17:15:00,31.0,143.9,225.9
2019-08-22 17:30:00,31.0,139.5,226.1
2019-08-22 17:45:00,30.0,137.3,224.9
2019-08-22 18:00:00,30.0,138.7,223.9
2019-08-22 18:15:00,30.0,157.6,221.7
2019-08-22 18:30:00,30.0,157.4,221.5
2019-08-22 18:45:00,30.0,153.6,222.0
2019-08-22 19:00:00,30.0,154.3,223.0
2019-08-22 19:15:00,30.0,154.5,222.0
2019-08-22 19:30:00,30.0,158.2,222.0
2019-08-22 19:45:00,30.0,173.9,221.3
2019-08-22 20:00:00,30.0,164.8,222.2
2019-08-22 20:15:00,30.0,140.7,222.1
2019-08-22 20:30:00,30.0,153.8,223.0
2019-08-22 20:45:00,30.0,128.3,222.9
2019-08-22 21:00:00,29.0,119.3,223.3
2019-08-22 21:15:00,29.0,116.2,223.4
2019-08-22 21:30:00,29.0,108.8,224.0
2019-08-22 21:45:00,29.0,101.9,224.4
2019-08-22 22:00:00,29.0,115.3,224.4
2019-08-22 22:15:00,29.0,105.7,225.2
2019-08-22 22:30:00,29.0,107.8,225.1
2019-08-22 22:45:00,29.0,113.6,225.1
2019-08-22 23:00:00,29.0,104.6,225.5
2019-08-22 23:15:00,29.0,99.7,225.3
2019-08-22 23:30:00,29.0,95.4,225.8
2019-08-22 23:45:00,29.0,101.5,226.9
2019-08-23 00:00:00,29.0,97.1,229.1
2019-08-23 00:15:00,29.025714285714287,97.19999999999999,229.0922857142857
2019-08-23 00:30:00,29.05142857142857,97.3,229.08457142857142
2019-08-23 00:45:00,29.077142857142857,97.39999999999999,229.07685714285714
2019-08-23 01:00:00,29.102857142857143,97.5,229.06914285714285
2019-08-26 14:30:00,37.89714285714285,131.7,226.43085714285715
2019-08-26 14:45:00,37.92285714285714,131.8,226.42314285714286
2019-08-26 15:00:00,37.94857142857143,131.89999999999998,226.41542857142858
2019-08-26 15:15:00,37.97428571428571,132.0,226.4077142857143
2019-08-26 15:30:00,38.0,132.1,226.4
2019-08-26 15:45:00,37.0,132.6,226.3
2019-08-26 16:00:00,37.0,138.7,226.2
2019-08-26 16:15:00,35.0,141.8,222.6
2019-08-26 16:30:00,34.0,141.8,223.2
2019-08-26 16:45:00,34.0,148.2,226.3
2019-08-26 17:00:00,34.0,136.2,225.4
2019-08-26 17:15:00,33.0,152.2,225.3
2019-08-26 17:30:00,33.0,139.0,226.8
2019-08-26 17:45:00,33.0,150.3,226.4
2019-08-26 18:00:00,32.0,169.6,224.9
2019-08-26 18:15:00,32.0,173.8,220.0
2019-08-26 18:30:00,32.0,198.3,219.4
2019-08-26 18:45:00,32.0,198.6,219.2
2019-08-26 19:00:00,31.0,185.4,220.4
2019-08-26 19:15:00,31.0,206.2,220.9
2019-08-26 19:30:00,31.0,170.2,221.1
2019-08-26 19:45:00,31.0,160.6,223.2
2019-08-26 20:00:00,30.0,160.2,223.2
2019-08-26 20:15:00,30.0,156.9,224.0
2019-08-26 20:30:00,30.0,140.9,224.6
2019-08-26 20:45:00,30.0,139.0,225.3
2019-08-26 21:00:00,30.0,155.4,225.6
2019-08-26 21:15:00,30.0,150.5,225.8
2019-08-26 21:30:00,29.0,134.3,226.1
2019-08-26 21:45:00,29.0,110.0,226.4
2019-08-26 22:00:00,29.0,103.0,227.1
2019-08-26 22:15:00,29.0,115.4,226.6
2019-08-26 22:30:00,29.0,104.5,226.8
2019-08-26 22:45:00,29.0,113.6,226.4
2019-08-26 23:00:00,29.0,107.0,226.6
2019-08-26 23:15:00,29.0,101.1,227.5
2019-08-26 23:30:00,29.0,93.7,228.4
2019-08-26 23:45:00,28.0,91.6,229.2
2019-08-27 00:00:00,28.0,77.8,229.5
2019-08-27 00:15:00,28.0,88.7,228.7
2019-08-27 00:30:00,28.0,91.6,229.5
2019-08-27 00:45:00,28.0,92.0,230.0
2019-08-27 01:00:00,28.0,90.0,230.1
2019-08-27 01:15:00,28.0,76.7,231.1
2019-08-27 01:30:00,28.0,86.6,231.4
2019-08-27 01:45:00,28.0,76.1,231.9
2019-08-27 02:00:00,28.0,78.3,231.9
2019-08-27 02:15:00,28.0,73.8,232.5
2019-08-27 02:30:00,28.0,67.7,232.9
2019-08-27 02:45:00,28.0,60.5,233.4
2019-08-27 03:00:00,28.0,74.1,233.4
2019-08-27 03:15:00,28.0,74.9,233.3
2019-08-27 03:30:00,28.0,76.0,234.2
2019-08-27 03:45:00,27.833333333333332,75.23333333333333,235.08333333333331
2019-08-27 04:00:00,27.666666666666668,74.46666666666667,235.96666666666667
2019-08-27 04:15:00,27.5,73.7,236.85
2019-08-27 04:30:00,27.333333333333332,72.93333333333334,237.73333333333332
2019-08-27 04:45:00,27.166666666666668,72.16666666666667,238.61666666666667
2019-08-27 05:00:00,27.0,71.4,239.5
2019-08-27 05:15:00,27.0,106.4,238.2
2019-08-27 05:30:00,27.0,87.9,242.2
2019-08-27 05:45:00,27.0,76.0,241.2
2019-08-27 06:00:00,28.0,69.9,239.7
2019-08-27 06:15:00,28.0,62.2,239.4
2019-08-27 06:30:00,28.0,53.2,236.9
2019-08-27 06:45:00,29.0,57.9,236.2
2019-08-27 07:00:00,29.0,46.849999999999994,235.14999999999998
2019-08-27 07:15:00,29.0,54.4,234.2
2019-08-27 07:30:00,30.0,56.8,233.5
2019-08-27 07:45:00,30.0,68.8,232.9
2019-08-27 08:00:00,30.0,60.1,233.3
2019-08-27 08:15:00,31.0,64.8,232.8
2019-08-27 08:30:00,31.0,54.1,235.1
2019-08-27 08:45:00,32.0,64.7,231.9
2019-08-27 09:00:00,32.0,67.8,232.1
2019-08-27 09:15:00,32.0,65.7,234.9
2019-08-27 09:30:00,32.0,61.4,233.7
2019-08-27 09:45:00,33.0,73.6,232.2
2019-08-27 10:00:00,33.0,70.4,230.7
2019-08-27 10:15:00,34.0,89.2,230.5
2019-08-27 10:30:00,34.0,96.7,227.0
2019-08-27 10:45:00,34.0,106.3,226.1
2019-08-27 11:00:00,34.0,111.2,225.0
2019-08-27 11:15:00,35.0,112.3,224.0
2019-08-27 11:30:00,35.0,129.5,224.6
2019-08-27 11:45:00,35.0,131.3,222.8
2019-08-27 12:00:00,35.0,135.0,222.9
2019-08-27 12:15:00,36.0,129.2,222.3
2019-08-27 12:30:00,36.0,131.5,221.1
2019-08-27 12:45:00,37.0,138.7,221.7
2019-08-27 13:00:00,38.0,135.7,221.5
2019-08-27 13:15:00,38.0,79.2,228.4
2019-08-27 13:30:00,38.0,128.9,223.5
2019-08-27 13:45:00,39.0,128.2,221.7
2019-08-27 14:00:00,39.0,136.2,222.1
2019-08-27 14:15:00,39.0,133.1,221.9
2019-08-27 14:30:00,38.0,131.5,221.2
2019-08-27 14:45:00,40.0,134.4,221.6
2019-08-27 15:00:00,37.0,114.7,220.1
2019-08-27 15:15:00,39.0,140.4,220.7
2019-08-27 15:30:00,38.0,151.2,221.0
2019-08-27 15:45:00,37.0,154.6,221.5
2019-08-27 16:00:00,36.0,144.7,222.7
2019-08-27 16:15:00,36.0,138.5,222.2
2019-08-27 16:30:00,35.0,136.5,221.8
2019-08-27 16:45:00,35.0,147.1,222.0
2019-08-27 17:00:00,34.0,170.5,222.2
2019-08-27 17:15:00,34.0,183.6,223.4
2019-08-27 17:30:00,34.0,175.1,224.6
2019-08-27 17:45:00,33.0,161.6,223.6
2019-08-27 18:00:00,33.0,188.9,222.5
2019-08-27 18:15:00,33.0,208.3,218.0
2019-08-27 18:30:00,32.0,212.1,219.8
2019-08-27 18:45:00,32.0,203.2,221.2
2019-08-27 19:00:00,32.0,190.5,221.7
2019-08-27 19:15:00,32.0,187.0,223.5
2019-08-27 19:30:00,31.0,166.4,224.1
2019-08-27 19:45:00,31.0,163.7,223.6
2019-08-27 20:00:00,31.0,153.7,223.6
2019-08-27 20:15:00,31.0,136.0,225.0
2019-08-27 20:30:00,31.0,134.4,224.6
2019-08-27 20:45:00,30.0,144.3,225.6
2019-08-27 21:00:00,30.0,126.0,226.4
2019-08-27 21:15:00,30.0,139.2,227.0
2019-08-27 21:30:00,30.0,114.7,228.8
2019-08-27 21:45:00,30.0,103.4,229.5
2019-08-27 22:00:00,29.0,84.9,230.9
2019-08-27 22:15:00,29.0,97.5,230.7
2019-08-27 22:30:00,29.0,113.4,230.3
2019-08-27 22:45:00,29.0,107.3,230.1
2019-08-27 23:00:00,29.0,117.0,231.0
2019-08-27 23:15:00,29.0,108.4,230.7
2019-08-27 23:30:00,29.0,132.1,231.0
2019-08-27 23:45:00,29.0,121.1,232.5
2019-08-28 00:00:00,29.0,112.1,233.2
2019-08-28 00:15:00,29.0,99.7,233.4
2019-08-28 00:30:00,29.0,110.9,234.8
2019-08-28 00:45:00,28.0,114.8,235.5
2019-08-28 01:00:00,28.0,110.3,236.1
2019-08-28 01:15:00,29.0,105.0,235.7
2019-08-28 01:30:00,28.0,96.9,236.2
2019-08-28 01:45:00,28.0,90.8,236.7
2019-08-28 02:00:00,28.0,90.2,237.1
2019-08-28 02:15:00,28.0,96.7,235.8
2019-08-28 02:30:00,28.0,84.5,235.6
2019-08-28 02:45:00,28.0,88.8,235.5
2019-08-28 03:00:00,28.0,85.4,235.8
2019-08-28 03:15:00,28.0,71.2,236.2
2019-08-28 03:30:00,28.0,68.0,236.8
2019-08-28 03:45:00,28.0,65.9,236.9
2019-08-28 04:00:00,28.0,77.9,237.6
2019-08-28 04:15:00,28.0,77.8,237.6
2019-08-28 04:30:00,28.0,69.3,239.4
2019-08-28 04:45:00,28.0,66.9,240.0
2019-08-28 05:00:00,28.0,59.1,238.4
2019-08-28 05:15:00,28.0,65.1,239.7
2019-08-28 05:30:00,28.0,65.5,239.7
2019-08-28 05:45:00,28.0,55.7,240.4
2019-08-28 06:00:00,28.0,66.5,240.8
2019-08-28 06:15:00,28.0,57.1,240.4
2019-08-28 06:30:00,28.0,51.0,240.0
2019-08-28 06:45:00,29.0,51.1,240.3
2019-08-28 07:00:00,29.0,61.5,240.6
2019-08-28 07:15:00,29.0,51.8,240.3
2019-08-28 07:30:00,29.0,57.0,238.7
2019-08-28 07:45:00,30.0,63.6,238.6
2019-08-28 08:00:00,30.0,58.5,238.0
2019-08-28 08:15:00,31.0,57.3,236.8
2019-08-28 08:30:00,30.0,64.4,235.4
2019-08-28 08:45:00,31.0,55.9,235.7
2019-08-28 09:00:00,32.0,54.2,235.3
2019-08-28 09:15:00,32.0,57.5,234.6
2019-08-28 09:30:00,32.0,61.2,234.1
2019-08-28 09:45:00,32.0,66.5,233.8
2019-08-28 10:00:00,32.0,61.9,233.4
2019-08-28 10:15:00,33.0,74.4,230.7
2019-08-28 10:30:00,33.0,82.7,230.1
2019-08-28 10:45:00,33.0,94.2,229.8
2019-08-28 11:00:00,33.0,91.7,227.9
2019-08-28 11:15:00,34.0,90.0,227.1
2019-08-28 11:30:00,34.0,108.2,226.3
2019-08-28 11:45:00,34.0,121.0,227.6
2019-08-28 12:00:00,34.0,131.2,226.8
2019-08-28 12:15:00,34.0,115.6,225.6
2019-08-28 12:30:00,34.0,130.6,226.1
2019-08-28 12:45:00,34.0,127.3,226.1
2019-08-28 13:00:00,35.0,128.5,225.2
2019-08-28 13:15:00,35.0,129.8,225.0
2019-08-28 13:30:00,35.0,128.9,225.0
2019-08-28 13:45:00,35.0,134.0,223.5
2019-08-28 14:00:00,34.0,124.3,223.4
2019-08-28 14:15:00,35.0,132.0,223.6
2019-08-28 14:30:00,34.0,112.4,224.2
2019-08-28 14:45:00,34.0,124.7,225.2
2019-08-28 15:00:00,34.0,138.6,225.1
2019-08-28 15:15:00,33.0,121.9,224.5
2019-08-28 15:30:00,33.0,107.2,224.9
2019-08-28 15:45:00,33.0,115.3,225.8
2019-08-28 16:00:00,34.0,121.1,226.8
2019-08-28 16:15:00,33.0,116.4,227.3
2019-08-28 16:30:00,33.0,138.7,226.3
2019-08-28 16:45:00,33.0,161.9,226.9
2019-08-28 17:00:00,33.0,123.3,226.4
2019-08-28 17:15:00,32.0,126.0,226.7
2019-08-28 17:30:00,32.0,122.4,226.7
2019-08-28 17:45:00,32.0,164.9,225.7
2019-08-28 18:00:00,32.0,185.1,222.3
2019-08-28 18:15:00,32.0,199.1,219.7
2019-08-28 18:30:00,32.0,166.6,221.2
2019-08-28 18:45:00,32.0,185.7,220.7
2019-08-28 19:00:00,31.0,173.7,221.8
2019-08-28 19:15:00,31.0,175.4,221.9
2019-08-28 19:30:00,31.0,175.3,223.0
2019-08-28 19:45:00,31.0,169.5,222.3
2019-08-28 20:00:00,31.0,163.3,223.0
2019-08-28 20:15:00,31.0,156.8,223.7
2019-08-28 20:30:00,30.0,145.9,224.3
2019-08-28 20:45:00,30.0,146.1,225.0
2019-08-28 21:00:00,30.0,144.7,226.1
2019-08-28 21:15:00,29.0,139.8,228.4
2019-08-28 21:30:00,29.0,116.5,228.8
2019-08-28 21:45:00,29.0,111.8,228.6
2019-08-28 22:00:00,29.0,101.1,229.5
2019-08-28 22:15:00,29.0,104.0,229.2
2019-08-28 22:30:00,29.0,96.7,230.3
2019-08-28 22:45:00,29.0,95.3,230.8
2019-08-28 23:00:00,29.0,107.1,230.5
2019-08-28 23:15:00,29.0,100.6,230.8
2019-08-28 23:30:00,29.0,102.5,231.9
2019-08-28 23:45:00,29.0,98.8,232.0
2019-08-29 00:00:00,29.0,93.6,232.7
2019-08-29 00:15:00,28.0,91.3,233.0
2019-08-29 00:30:00,28.0,80.2,233.8
2019-08-29 00:45:00,28.0,76.8,234.5
2019-08-29 01:00:00,28.0,76.3,234.7
2019-08-29 01:15:00,28.0,77.9,234.0
2019-08-29 01:30:00,28.0,77.4,234.5
2019-08-29 01:45:00,28.0,75.3,235.0
2019-08-29 02:00:00,28.0,75.5,235.1
2019-08-29 02:15:00,28.0,78.1,235.4
2019-08-29 02:30:00,28.0,61.4,235.2
2019-08-29 02:45:00,28.0,64.5,235.8
2019-08-29 03:00:00,28.0,64.7,235.7
2019-08-29 03:15:00,28.0,66.0,236.6
2019-08-29 03:30:00,28.0,66.5,236.4
2019-08-29 03:45:00,28.0,57.7,236.5
2019-08-29 04:00:00,28.0,56.4,236.7
2019-08-29 04:15:00,28.0,68.9,236.3
2019-08-29 04:30:00,28.0,61.1,236.9
2019-08-29 04:45:00,28.0,66.0,237.2
2019-08-29 05:00:00,28.0,69.2,238.9
2019-08-29 05:15:00,27.0,59.7,239.3
2019-08-29 05:30:00,28.0,55.2,240.3
2019-08-29 05:45:00,28.0,53.1,240.3
2019-08-29 06:00:00,28.0,62.4,240.1
2019-08-29 06:15:00,29.0,49.5,240.1
2019-08-29 06:30:00,29.0,48.9,240.0
2019-08-29 06:45:00,29.0,57.7,238.8
2019-08-29 07:00:00,29.0,58.4,239.9
2019-08-29 07:15:00,29.0,55.4,236.4
2019-08-29 07:30:00,30.0,64.6,234.9
2019-08-29 07:45:00,30.0,54.9,234.7
2019-08-29 08:00:00,31.0,62.7,236.3
2019-08-29 08:15:00,31.0,60.6,237.0
2019-08-29 08:30:00,31.0,71.4,236.4
2019-08-29 08:45:00,32.0,55.8,235.4
2019-08-29 09:00:00,32.0,62.8,235.1
2019-08-29 09:15:00,32.0,58.1,234.4
2019-08-29 09:30:00,32.0,67.7,233.0
2019-08-29 09:45:00,32.0,73.5,231.6
2019-08-29 10:00:00,34.0,75.8,230.9
2019-08-29 10:15:00,34.0,71.9,230.4
2019-08-29 10:30:00,34.0,99.3,228.9
2019-08-29 10:45:00,34.0,98.4,228.6
2019-08-29 11:00:00,35.0,85.1,228.0
2019-08-29 11:15:00,35.0,105.3,226.9
2019-08-29 11:30:00,36.0,115.5,226.6
2019-08-29 11:45:00,36.0,111.0,226.0
2019-08-29 12:00:00,36.0,110.9,226.0
2019-08-29 12:15:00,38.0,118.4,225.7
2019-08-29 12:30:00,34.0,128.1,225.7
2019-08-29 12:45:00,34.0,137.8,225.8
2019-08-29 13:00:00,34.0,134.2,226.1
2019-08-29 13:15:00,36.0,119.9,226.0
2019-08-29 13:30:00,38.0,114.6,225.5
2019-08-29 13:45:00,38.0,116.4,223.2
2019-08-29 14:00:00,39.0,118.8,223.2
2019-08-29 14:15:00,41.0,139.7,222.9
2019-08-29 14:30:00,39.0,156.9,222.2
2019-08-29 14:45:00,36.0,138.7,221.6
2019-08-29 15:00:00,35.0,147.1,224.2
2019-08-29 15:15:00,35.0,130.2,225.0
2019-08-29 15:30:00,40.0,132.9,224.7
2019-08-29 15:45:00,39.0,130.4,224.4
2019-08-29 16:00:00,33.0,104.8,225.6
2019-08-29 16:15:00,32.0,121.3,225.8
2019-08-29 16:30:00,31.0,122.1,225.9
2019-08-29 16:45:00,31.0,114.4,226.7
2019-08-29 17:00:00,31.0,133.4,226.4
2019-08-29 17:15:00,31.0,137.1,227.1
2019-08-29 17:30:00,31.0,129.4,226.8
2019-08-29 17:45:00,32.0,150.0,226.6
2019-08-29 18:00:00,32.0,175.7,225.1
2019-08-29 18:15:00,32.0,171.3,221.0
2019-08-29 18:30:00,31.0,172.0,220.9
2019-08-29 18:45:00,31.0,166.1,220.0
2019-08-29 19:00:00,31.0,156.3,222.6
2019-08-29 19:15:00,31.0,159.1,222.4
2019-08-29 19:30:00,31.0,159.3,221.7
2019-08-29 19:45:00,31.0,153.1,222.7
2019-08-29 20:00:00,31.0,152.6,224.4
2019-08-29 20:15:00,31.0,151.1,223.5
2019-08-29 20:30:00,31.0,156.6,224.2
2019-08-29 20:45:00,31.0,149.1,224.5
2019-08-29 21:00:00,31.0,137.2,225.2
2019-08-29 21:15:00,31.0,152.6,226.6
2019-08-29 21:30:00,30.0,142.0,227.4
2019-08-29 21:45:00,30.0,137.3,227.9
2019-08-29 22:00:00,30.0,122.0,228.5
2019-08-29 22:15:00,30.0,105.0,229.2
2019-08-29 22:30:00,30.0,94.0,229.1
2019-08-29 22:45:00,30.0,88.1,229.3
2019-08-29 23:00:00,30.0,95.2,229.8
2019-08-29 23:15:00,30.0,95.2,230.3
2019-08-29 23:30:00,30.0,106.4,230.9
2019-08-29 23:45:00,29.0,105.6,231.2
2019-08-30 00:00:00,29.0,102.3,231.8
2019-08-30 00:15:00,29.0,100.4,232.0
2019-08-30 00:30:00,29.0,96.0,232.7
2019-08-30 00:45:00,29.0,83.7,233.8
2019-08-30 01:00:00,29.0,87.8,234.3
2019-08-30 01:15:00,29.0,86.1,235.0
2019-08-30 01:30:00,29.0,89.5,235.1
2019-08-30 01:45:00,29.0,84.6,235.2
2019-08-30 02:00:00,29.0,86.3,235.4
2019-08-30 02:15:00,29.0,90.1,235.8
2019-08-30 02:30:00,29.0,81.3,236.1
2019-08-30 02:45:00,29.0,81.6,236.3
2019-08-30 03:00:00,29.0,80.5,237.1
2019-08-30 03:15:00,29.0,66.5,238.0
2019-08-30 03:30:00,28.0,64.5,237.5
2019-08-30 03:45:00,28.0,55.8,237.9
2019-08-30 04:00:00,28.0,55.8,237.7
2019-08-30 04:15:00,28.0,54.5,238.2
2019-08-30 04:30:00,28.0,57.7,238.0
2019-08-30 04:45:00,28.0,57.0,238.5
2019-08-30 05:00:00,28.0,62.7,239.2
2019-08-30 05:15:00,28.0,71.8,241.2
2019-08-30 05:30:00,28.0,73.2,241.9
2019-08-30 05:45:00,28.0,52.2,240.4
2019-08-30 06:00:00,28.0,51.1,240.2
2019-08-30 06:15:00,28.0,50.9,239.7
2019-08-30 06:30:00,28.0,58.3,239.7
2019-08-30 06:45:00,29.0,61.1,238.9
2019-08-30 07:00:00,29.0,56.2,238.8
2019-08-30 07:15:00,29.0,50.8,238.6
2019-08-30 07:30:00,29.0,56.0,237.8
2019-08-30 07:45:00,30.0,53.2,237.3
2019-08-30 08:00:00,30.0,66.9,237.2
2019-08-30 08:15:00,30.0,53.5,237.8
2019-08-30 08:30:00,30.0,63.3,237.4
2019-08-30 08:45:00,30.0,57.9,236.4
2019-08-30 09:00:00,32.0,64.6,236.5
2019-08-30 09:15:00,32.0,68.2,235.8
2019-08-30 09:30:00,32.0,58.7,235.0
2019-08-30 09:45:00,32.0,61.8,234.2
2019-08-30 10:00:00,33.0,62.1,233.9
2019-08-30 10:15:00,34.0,63.7,234.3
2019-08-30 10:30:00,34.0,96.4,233.1
2019-08-30 10:45:00,34.0,95.8,232.9
2019-08-30 11:00:00,35.0,96.1,231.7
2019-08-30 11:15:00,35.0,106.1,231.6
2019-08-30 11:30:00,36.0,130.9,229.1
2019-08-30 11:45:00,35.0,123.1,229.0
2019-08-30 12:00:00,36.0,134.1,228.0
2019-08-30 12:15:00,37.0,134.3,227.8
2019-08-30 12:30:00,37.0,130.4,228.0
2019-08-30 12:45:00,36.0,133.7,227.7
2019-08-30 13:00:00,36.0,134.6,227.0
2019-08-30 13:15:00,36.0,135.1,227.2
2019-08-30 13:30:00,36.0,131.3,227.4
2019-08-30 13:45:00,37.0,122.6,226.7
2019-08-30 14:00:00,34.0,125.0,226.8
2019-08-30 14:15:00,35.0,134.8,226.7
2019-08-30 14:30:00,37.0,135.0,226.1
2019-08-30 14:45:00,38.0,134.0,227.4
2019-08-30 15:00:00,36.0,126.4,227.5
2019-08-30 15:15:00,37.0,128.7,227.8
2019-08-30 15:30:00,37.0,124.6,229.4
2019-08-30 15:45:00,36.0,120.9,228.1
2019-08-30 16:00:00,35.0,130.6,228.5
2019-08-30 16:15:00,35.0,126.0,228.1
2019-08-30 16:30:00,35.0,133.2,228.2
2019-08-30 16:45:00,34.0,126.7,228.0
2019-08-30 17:00:00,34.0,130.7,227.8
2019-08-30 17:15:00,34.0,127.7,227.7
2019-08-30 17:30:00,33.0,148.3,226.9
2019-08-30 17:45:00,33.0,144.0,225.2
2019-08-30 18:00:00,33.0,167.3,221.6
2019-08-30 18:15:00,32.0,186.6,219.7
2019-08-30 18:30:00,32.0,178.9,222.4
2019-08-30 18:45:00,32.0,173.4,223.4
2019-08-30 19:00:00,32.0,144.7,224.6
2019-08-30 19:15:00,32.0,157.3,225.7
2019-08-30 19:30:00,32.0,162.8,224.2
2019-08-30 19:45:00,32.0,162.1,224.1
2019-08-30 20:00:00,32.0,161.7,224.4
2019-08-30 20:15:00,32.0,135.3,225.8
2019-08-30 20:30:00,31.0,144.4,226.1
2019-08-30 20:45:00,31.0,136.3,226.2
2019-08-30 21:00:00,31.0,146.4,227.0
2019-08-30 21:15:00,31.0,123.9,228.0
2019-08-30 21:30:00,31.0,117.5,228.8
2019-08-30 21:45:00,31.0,98.7,229.7
2019-08-30 22:00:00,31.0,96.1,230.2
2019-08-30 22:15:00,30.0,105.1,229.8
2019-08-30 22:30:00,30.0,90.5,229.6
2019-08-30 22:45:00,30.0,93.5,230.6
2019-08-30 23:00:00,30.0,94.8,232.2
2019-08-30 23:15:00,30.0,129.6,231.3
2019-08-30 23:30:00,30.0,113.2,232.3
2019-08-30 23:45:00,30.0,97.0,233.2
2019-08-31 00:00:00,30.0,112.0,233.2
2019-08-31 00:15:00,30.0,106.0,233.9
2019-08-31 00:30:00,30.0,92.9,234.6
2019-08-31 00:45:00,30.0,95.0,234.9
2019-08-31 01:00:00,29.0,99.8,234.8
2019-08-31 01:15:00,29.0,92.0,234.9
2019-08-31 01:30:00,29.0,94.4,233.7
2019-08-31 01:45:00,29.0,84.1,234.5
2019-08-31 02:00:00,29.0,95.1,234.7
2019-08-31 02:15:00,29.0,91.2,234.5
2019-08-31 02:30:00,29.0,87.0,235.6
2019-08-31 02:45:00,29.0,90.0,235.4
2019-08-31 03:00:00,29.0,88.1,235.3
2019-08-31 03:15:00,29.0,93.3,235.4
2019-08-31 03:30:00,29.0,76.3,235.4
2019-08-31 03:45:00,29.0,77.1,236.9
2019-08-31 04:00:00,29.0,80.3,236.2
2019-08-31 04:15:00,28.0,75.3,236.8
2019-08-31 04:30:00,29.0,67.5,237.7
2019-08-31 04:45:00,29.0,70.0,237.4
2019-08-31 05:00:00,29.0,68.0,237.9
2019-08-31 05:15:00,28.0,70.2,238.2
2019-08-31 05:30:00,28.0,80.5,239.0
2019-08-31 05:45:00,28.0,79.5,239.1
2019-08-31 06:00:00,28.0,63.0,239.0
2019-08-31 06:15:00,29.0,57.5,240.0
2019-08-31 06:30:00,27.0,58.7,237.8
2019-08-31 06:45:00,26.0,56.5,239.7
2019-08-31 07:00:00,25.0,54.9,240.4
2019-08-31 07:15:00,25.0,58.2,238.4
2019-08-31 07:30:00,25.0,58.0,238.5
2019-08-31 07:45:00,26.0,57.5,236.9
2019-08-31 08:00:00,27.0,55.6,236.6
2019-08-31 08:15:00,27.0,61.6,235.9
2019-08-31 08:30:00,28.0,56.1,235.4
2019-08-31 08:45:00,28.0,54.4,235.0
2019-08-31 09:00:00,29.0,63.9,234.0
2019-08-31 09:15:00,30.0,61.3,232.3
2019-08-31 09:30:00,30.0,64.3,231.2
2019-08-31 09:45:00,31.0,59.8,229.5
2019-08-31 10:00:00,31.0,71.2,229.1
2019-08-31 10:15:00,32.0,74.0,228.3
2019-08-31 10:30:00,33.0,81.3,226.8
2019-08-31 10:45:00,33.0,102.4,228.0
2019-08-31 11:00:00,33.0,105.5,225.5
2019-08-31 11:15:00,33.0,107.7,225.5
2019-08-31 11:30:00,34.0,110.4,225.6
2019-08-31 11:45:00,34.0,105.1,223.9
2019-08-31 12:00:00,35.0,110.2,223.6
2019-08-31 12:15:00,35.0,109.3,223.3
2019-08-31 12:30:00,36.0,108.7,222.6
2019-08-31 12:45:00,37.0,119.0,222.6
2019-08-31 13:00:00,38.0,129.3,222.8
2019-08-31 13:15:00,37.0,118.0,222.6
2019-08-31 13:30:00,39.0,122.1,222.2
2019-08-31 13:45:00,38.0,73.8,228.4
2019-08-31 14:00:00,36.0,134.1,226.5
2019-08-31 14:15:00,37.0,144.1,226.5
2019-08-31 14:30:00,38.0,134.8,225.1
2019-08-31 14:45:00,37.0,126.8,223.6
2019-08-31 15:00:00,36.0,128.5,222.6
2019-08-31 15:15:00,37.0,136.1,223.2
2019-08-31 15:30:00,36.0,122.0,223.4
2019-08-31 15:45:00,35.0,135.8,225.2
2019-08-31 16:00:00,35.0,128.5,225.2
2019-08-31 16:15:00,34.0,146.7,225.1
2019-08-31 16:30:00,34.0,130.9,226.3
2019-08-31 16:45:00,33.0,131.4,226.6
2019-08-31 17:00:00,33.0,129.0,227.1
2019-08-31 17:15:00,33.0,128.7,226.8
2019-08-31 17:30:00,32.0,143.6,226.7
2019-08-31 17:45:00,32.0,140.8,223.2
2019-08-31 18:00:00,32.0,147.2,221.7
2019-08-31 18:15:00,31.0,167.8,220.9
2019-08-31 18:30:00,31.0,161.6,222.1
2019-08-31 18:45:00,31.0,168.3,222.8
2019-08-31 19:00:00,31.0,165.5,222.8
2019-08-31 19:15:00,31.0,166.2,224.2
2019-08-31 19:30:00,31.0,143.0,224.1
2019-08-31 19:45:00,31.0,153.3,223.7
2019-08-31 20:00:00,31.0,147.6,224.5
2019-08-31 20:15:00,31.0,139.5,225.4
2019-08-31 20:30:00,31.0,135.9,225.1
2019-08-31 20:45:00,31.0,136.3,225.2
2019-08-31 21:00:00,30.0,133.7,226.2
2019-08-31 21:15:00,30.0,124.7,228.3
2019-08-31 21:30:00,30.0,118.8,227.5
2019-08-31 21:45:00,30.0,109.5,228.5
2019-08-31 22:00:00,30.0,97.9,229.3
2019-08-31 22:15:00,30.0,106.4,229.9
2019-08-31 22:30:00,30.0,104.5,230.7
2019-08-31 22:45:00,30.0,108.9,231.0
2019-08-31 23:00:00,30.0,120.0,231.0
2019-08-31 23:15:00,30.0,90.3,231.3
2019-08-31 23:30:00,30.0,78.7,231.3
2019-08-31 23:45:00,29.0,76.2,232.4
2019-09-01 00:00:00,29.0,74.45,233.25
2019-09-01 00:15:00,29.0,72.7,234.1
2019-09-01 00:30:00,29.0,82.7,232.9
2019-09-01 00:45:00,29.0,76.4,233.9
2019-09-01 01:00:00,29.0,69.1,233.9
2019-09-01 01:15:00,29.0,68.0,234.4
2019-09-01 01:30:00,29.0,78.6,234.7
2019-09-01 01:45:00,29.0,87.9,235.4
2019-09-01 02:00:00,29.0,78.1,235.6
2019-09-01 02:15:00,29.0,78.9,236.5
2019-09-01 02:30:00,29.0,73.2,236.3
2019-09-01 02:45:00,29.0,67.8,234.7
2019-09-01 03:00:00,29.0,64.7,235.5
2019-09-01 03:15:00,29.0,59.9,235.8
2019-09-01 03:30:00,28.0,51.4,235.4
2019-09-01 03:45:00,28.0,58.9,235.7
2019-09-01 04:00:00,28.0,58.9,236.3
2019-09-01 04:15:00,28.0,59.6,236.4
2019-09-01 04:30:00,28.0,61.0,237.0
2019-09-01 04:45:00,28.0,56.1,237.0
2019-09-01 05:00:00,28.0,62.1,237.6
2019-09-01 05:15:00,28.0,59.4,238.3
2019-09-01 05:30:00,28.0,49.4,238.9
2019-09-01 05:45:00,28.0,50.8,240.1
2019-09-01 06:00:00,28.0,49.4,239.9
2019-09-01 06:15:00,28.0,55.2,239.2
2019-09-01 06:30:00,28.0,51.3,239.5
2019-09-01 06:45:00,29.0,51.9,238.8
2019-09-01 07:00:00,29.0,59.5,238.0
2019-09-01 07:15:00,30.0,53.3,237.6
2019-09-01 07:30:00,30.0,47.5,237.6
2019-09-01 07:45:00,30.0,50.6,236.2
2019-09-01 08:00:00,30.0,52.7,235.7
2019-09-01 08:15:00,30.0,58.1,235.1
2019-09-01 08:30:00,31.0,48.8,234.7
2019-09-01 08:45:00,31.0,54.5,235.6
2019-09-01 09:00:00,32.0,54.8,235.1
2019-09-01 09:15:00,32.0,61.1,233.7
2019-09-01 09:30:00,33.0,54.0,233.5
2019-09-01 09:45:00,33.0,61.9,233.3
2019-09-01 10:00:00,33.0,59.0,233.0
2019-09-01 10:15:00,34.0,63.2,232.7
2019-09-01 10:30:00,34.0,66.25,234.2
2019-09-01 10:45:00,34.0,102.2,231.7
2019-09-01 11:00:00,35.0,98.7,231.9
2019-09-01 11:15:00,36.0,89.0,230.6
2019-09-01 11:30:00,36.0,93.6,230.7
2019-09-01 11:45:00,36.0,95.4,230.5
2019-09-01 12:00:00,36.0,95.0,229.5
2019-09-01 12:15:00,36.0,105.5,228.0
2019-09-01 12:30:00,36.0,116.9,227.9
2019-09-01 12:45:00,36.0,112.0,228.9
2019-09-01 13:00:00,36.0,120.3,232.3
2019-09-01 13:15:00,36.0,119.175,232.95000000000002
2019-09-01 13:30:00,36.0,118.05,233.60000000000002
2019-09-01 13:45:00,36.0,116.925,234.25
2019-09-01 14:00:00,36.0,115.8,234.9
2019-09-01 14:15:00,36.0,58.8,233.6
2019-09-01 14:30:00,35.0,103.8,229.7
2019-09-01 14:45:00,35.0,102.3,228.2
2019-09-01 15:00:00,38.0,108.1,231.2
2019-09-01 15:15:00,39.0,97.8,231.9
2019-09-01 15:30:00,37.0,99.9,232.3
2019-09-01 15:45:00,36.0,99.2,232.8
2019-09-01 16:00:00,35.0,117.4,233.1
2019-09-01 16:15:00,34.0,131.7,232.7
2019-09-01 16:30:00,34.0,114.2,233.0
2019-09-01 16:45:00,34.0,91.5,233.7
2019-09-01 17:00:00,34.0,106.0,235.8
2019-09-01 17:15:00,33.0,102.3,233.0
2019-09-01 17:30:00,33.0,109.8,232.9
2019-09-01 17:45:00,33.0,107.5,231.0
2019-09-01 18:00:00,33.0,130.8,224.9
2019-09-01 18:15:00,33.0,180.8,223.8
2019-09-01 18:30:00,33.0,182.2,221.5
2019-09-01 18:45:00,32.0,163.7,227.2
2019-09-01 19:00:00,32.0,150.4,227.4
2019-09-01 19:15:00,32.0,148.6,227.8
2019-09-01 19:30:00,32.0,149.0,227.6
2019-09-01 19:45:00,32.0,139.6,227.2
2019-09-01 20:00:00,32.0,137.0,228.6
2019-09-01 20:15:00,31.0,114.7,228.9
2019-09-01 20:30:00,31.0,108.3,230.3
2019-09-01 20:45:00,31.0,93.5,230.3
2019-09-01 21:00:00,30.0,106.3,230.7
2019-09-01 21:15:00,30.0,111.4,231.1
2019-09-01 21:30:00,30.0,113.6,232.3
2019-09-01 21:45:00,29.0,117.7,234.1
2019-09-01 22:00:00,29.0,129.0,234.4
2019-09-01 22:15:00,29.0,109.9,234.5
2019-09-01 22:30:00,29.0,101.9,235.5
2019-09-01 22:45:00,28.0,92.7,236.4
2019-09-01 23:00:00,27.0,99.3,239.7
2019-09-01 23:15:00,28.0,71.1,232.3
2019-09-01 23:30:00,28.0,100.0,230.7
2019-09-01 23:45:00,28.0,95.9,231.7
2019-09-02 00:00:00,28.0,92.6,231.2
2019-09-02 00:15:00,28.0,83.0,231.4
2019-09-02 00:30:00,28.0,86.2,232.0
2019-09-02 00:45:00,28.0,80.5,232.3
2019-09-02 01:00:00,28.0,76.1,232.5
2019-09-02 01:15:00,28.0,70.8,233.8
2019-09-02 01:30:00,28.0,76.6,234.2
2019-09-02 01:45:00,28.0,67.4,234.9
2019-09-02 02:00:00,28.0,55.5,235.2
2019-09-02 02:15:00,28.0,66.6,235.9
2019-09-02 02:30:00,28.0,59.6,235.5
2019-09-02 02:45:00,28.0,71.3,235.8
2019-09-02 03:00:00,28.0,53.4,236.3
2019-09-02 03:15:00,28.0,69.8,235.6
2019-09-02 03:30:00,28.0,65.3,236.1
2019-09-02 03:45:00,28.0,56.5,236.4
2019-09-02 04:00:00,28.0,64.3,236.5
2019-09-02 04:15:00,28.0,65.8,237.0
2019-09-02 04:30:00,28.0,55.8,237.4
2019-09-02 04:45:00,28.0,62.1,237.8
2019-09-02 05:00:00,28.0,56.2,238.0
2019-09-02 05:15:00,28.0,61.6,239.5
2019-09-02 05:30:00,28.0,54.0,241.5
2019-09-02 05:45:00,28.0,61.4,240.8
2019-09-02 06:00:00,28.0,59.3,239.4
2019-09-02 06:15:00,28.0,58.6,239.3
2019-09-02 06:30:00,28.0,58.1,238.4
2019-09-02 06:45:00,29.0,53.6,237.9
2019-09-02 07:00:00,29.0,55.1,237.6
2019-09-02 07:15:00,29.0,50.2,237.6
2019-09-02 07:30:00,29.0,59.6,236.8
2019-09-02 07:45:00,29.0,71.9,236.2
2019-09-02 08:00:00,30.0,46.8,236.3
2019-09-02 08:15:00,30.0,60.1,233.8
2019-09-02 08:30:00,30.0,57.2,233.4
2019-09-02 08:45:00,31.0,54.4,232.7
2019-09-02 09:00:00,32.0,57.2,232.4
2019-09-02 09:15:00,32.0,68.4,231.6
2019-09-02 09:30:00,32.0,63.8,232.8
2019-09-02 09:45:00,32.0,67.9,229.9
2019-09-02 10:00:00,33.0,60.5,228.4
2019-09-02 10:15:00,33.0,68.6,227.0
2019-09-02 10:30:00,34.0,111.4,226.0
2019-09-02 10:45:00,34.0,112.2,224.3
2019-09-02 11:00:00,34.0,128.3,223.3
2019-09-02 11:15:00,34.0,127.8,222.5
2019-09-02 11:30:00,34.0,129.9,222.8
2019-09-02 11:45:00,34.0,128.9,223.2
2019-09-02 12:00:00,35.0,120.0,222.1
2019-09-02 12:15:00,36.0,129.0,222.4
2019-09-02 12:30:00,36.0,139.3,221.3
2019-09-02 12:45:00,36.0,133.4,222.5
2019-09-02 13:00:00,37.0,135.8,221.9
2019-09-02 13:15:00,35.0,127.4,222.3
2019-09-02 13:30:00,36.0,121.6,221.6
2019-09-02 13:45:00,37.0,131.8,221.6
2019-09-02 14:00:00,38.0,113.6,223.2
2019-09-02 14:15:00,39.0,127.3,223.0
2019-09-02 14:30:00,38.0,132.4,222.6
2019-09-02 14:45:00,36.0,131.7,222.3
2019-09-02 15:00:00,36.0,159.2,223.4
2019-09-02 15:15:00,39.0,145.5,222.8
2019-09-02 15:30:00,41.0,139.2,223.2
2019-09-02 15:45:00,39.0,127.2,223.6
2019-09-02 16:00:00,39.0,122.9,223.6
2019-09-02 16:15:00,36.0,125.8,224.4
2019-09-02 16:30:00,35.0,151.2,223.8
2019-09-02 16:45:00,34.0,135.5,223.8
2019-09-02 17:00:00,34.0,138.8,223.9
2019-09-02 17:15:00,34.0,152.0,224.7
2019-09-02 17:30:00,33.0,156.5,223.6
2019-09-02 17:45:00,33.0,174.4,224.4
2019-09-02 18:00:00,32.0,189.1,221.8
2019-09-02 18:15:00,32.0,208.9,220.7
2019-09-02 18:30:00,32.0,203.15,220.45
2019-09-02 18:45:00,32.0,197.4,220.2
2019-09-02 19:00:00,32.0,177.9,221.2
2019-09-02 19:15:00,31.0,176.5,222.2
2019-09-02 19:30:00,31.0,173.7,223.7
2019-09-02 19:45:00,31.0,161.7,224.8
2019-09-02 20:00:00,31.0,159.0,224.3
2019-09-02 20:15:00,31.0,156.6,226.1
2019-09-02 20:30:00,31.0,135.8,226.4
2019-09-02 20:45:00,29.0,140.7,227.9
2019-09-02 21:00:00,27.0,117.8,236.7
2019-09-02 21:15:00,27.0,114.9,235.4
2019-09-02 21:30:00,26.0,119.2,234.1
2019-09-02 21:45:00,27.0,107.1,231.8
2019-09-02 22:00:00,27.0,102.0,231.3
2019-09-02 22:15:00,27.0,99.8,229.9
2019-09-02 22:30:00,27.0,91.3,230.0
2019-09-02 22:45:00,27.0,90.4,228.6
2019-09-02 23:00:00,27.0,104.6,228.5
2019-09-02 23:15:00,27.0,99.4,228.6
2019-09-02 23:30:00,27.0,85.0,228.4
2019-09-02 23:45:00,27.0,102.0,229.4
2019-09-03 00:00:00,27.0,88.9,227.7
2019-09-03 00:15:00,27.0,85.2,229.4
2019-09-03 00:30:00,27.0,88.0,229.9
2019-09-03 00:45:00,27.0,88.9,228.9
2019-09-03 01:00:00,27.0,75.6,230.4
2019-09-03 01:15:00,27.0,84.4,231.6
2019-09-03 01:30:00,27.0,78.2,233.7
2019-09-03 01:45:00,27.0,63.9,234.2
2019-09-03 02:00:00,26.0,68.5,233.6
2019-09-03 02:15:00,26.0,76.8,234.0
2019-09-03 02:30:00,26.0,75.7,234.5
2019-09-03 02:45:00,27.0,74.7,235.7
2019-09-03 03:00:00,26.0,66.7,235.9
2019-09-03 03:15:00,26.0,70.8,235.9
2019-09-03 03:30:00,27.0,61.7,236.1
2019-09-03 03:45:00,27.0,68.1,235.8
2019-09-03 04:00:00,27.0,44.1,235.8
2019-09-03 04:15:00,26.0,54.0,235.9
2019-09-03 04:30:00,26.0,48.8,236.3
2019-09-03 04:45:00,26.0,51.4,236.0
2019-09-03 05:00:00,26.0,50.5,237.1
2019-09-03 05:15:00,26.0,46.2,237.7
2019-09-03 05:30:00,27.0,52.3,237.3
2019-09-03 05:45:00,27.0,53.4,237.7
2019-09-03 06:00:00,27.0,42.1,238.4
2019-09-03 06:15:00,27.0,44.3,237.6
2019-09-03 06:30:00,27.0,42.9,237.4
2019-09-03 06:45:00,28.0,49.9,236.6
2019-09-03 07:00:00,28.0,44.4,236.3
2019-09-03 07:15:00,28.0,45.8,236.0
2019-09-03 07:30:00,29.0,50.4,235.1
2019-09-03 07:45:00,29.0,60.9,234.1
2019-09-03 08:00:00,30.0,68.3,233.8
2019-09-03 08:15:00,30.0,48.6,234.2
2019-09-03 08:30:00,31.0,52.7,233.1
2019-09-03 08:45:00,31.0,54.4,232.5
2019-09-03 09:00:00,32.0,56.7,231.5
2019-09-03 09:15:00,32.0,67.7,230.6
2019-09-03 09:30:00,32.0,63.6,230.6
2019-09-03 09:45:00,33.0,63.7,229.5
2019-09-03 10:00:00,33.0,61.5,228.6
2019-09-03 10:15:00,33.0,70.2,227.5
2019-09-03 10:30:00,34.0,87.5,227.2
2019-09-03 10:45:00,34.0,99.0,226.2
2019-09-03 11:00:00,34.0,99.5,224.0
2019-09-03 11:15:00,34.0,100.3,221.5
2019-09-03 11:30:00,34.0,104.6,223.8
2019-09-03 11:45:00,34.0,100.5,222.8
2019-09-03 12:00:00,36.0,105.8,223.8
2019-09-03 12:15:00,36.0,124.7,222.7
2019-09-03 12:30:00,36.0,141.1,221.8
2019-09-03 12:45:00,37.0,107.6,223.2
2019-09-03 13:00:00,37.0,135.9,223.4
2019-09-03 13:15:00,38.0,121.8,221.5
2019-09-03 13:30:00,37.0,120.8,221.3
2019-09-03 13:45:00,35.0,121.6,220.4
2019-09-03 14:00:00,38.0,144.4,220.8
2019-09-03 14:15:00,39.0,136.7,221.8
2019-09-03 14:30:00,39.0,136.1,221.7
2019-09-03 14:45:00,40.0,148.2,219.8
2019-09-03 15:00:00,39.0,150.5,221.55
2019-09-03 15:15:00,37.0,157.0,222.0
2019-09-03 15:30:00,39.0,146.7,221.6
2019-09-03 15:45:00,39.0,126.7,222.4
2019-09-03 16:00:00,38.0,119.3,222.8
2019-09-03 16:15:00,35.0,147.2,223.3
2019-09-03 16:30:00,34.0,135.4,224.0
2019-09-03 16:45:00,34.0,135.2,222.8
2019-09-03 17:00:00,34.0,140.5,223.5
2019-09-03 17:15:00,34.0,152.7,223.9
2019-09-03 17:30:00,33.0,157.5,223.5
2019-09-03 17:45:00,32.0,168.4,223.0
2019-09-03 18:00:00,32.0,193.3,219.4
2019-09-03 18:15:00,32.0,185.3,217.6
2019-09-03 18:30:00,31.0,217.9,217.2
2019-09-03 18:45:00,31.0,204.1,218.2
2019-09-03 19:00:00,31.0,186.9,219.5
2019-09-03 19:15:00,31.0,173.6,220.8
2019-09-03 19:30:00,31.0,170.4,220.9
2019-09-03 19:45:00,30.0,182.3,221.9
2019-09-03 20:00:00,30.0,173.5,222.6
2019-09-03 20:15:00,30.0,148.8,222.2
2019-09-03 20:30:00,30.0,137.3,222.7
2019-09-03 20:45:00,30.0,139.2,222.9
2019-09-03 21:00:00,30.0,133.7,224.4
2019-09-03 21:15:00,30.0,145.7,224.6
2019-09-03 21:30:00,30.0,125.7,225.0
2019-09-03 21:45:00,30.0,112.0,226.4
2019-09-03 22:00:00,29.0,96.9,227.0
2019-09-03 22:15:00,29.0,92.6,227.9
2019-09-03 22:30:00,29.0,92.6,228.3
2019-09-03 22:45:00,29.0,101.1,228.6
2019-09-03 23:00:00,29.0,110.3,228.8
2019-09-03 23:15:00,29.0,121.7,229.2
2019-09-03 23:30:00,29.0,105.0,229.5
2019-09-03 23:45:00,29.0,85.2,229.7
2019-09-04 00:00:00,29.0,85.8,230.2
2019-09-04 00:15:00,29.0,88.9,230.7
2019-09-04 00:30:00,29.0,84.1,231.3
2019-09-04 00:45:00,29.0,89.0,231.5
2019-09-04 01:00:00,28.0,91.9,232.7
2019-09-04 01:15:00,28.0,96.3,232.6
2019-09-04 01:30:00,28.0,84.0,233.4
2019-09-04 01:45:00,28.0,82.3,233.7
2019-09-04 02:00:00,28.0,84.6,234.1
2019-09-04 02:15:00,28.0,110.5,234.2
2019-09-04 02:30:00,28.0,97.3,234.7
2019-09-04 02:45:00,28.0,76.8,235.4
2019-09-04 03:00:00,28.0,69.6,236.0
2019-09-04 03:15:00,28.0,74.2,236.3
2019-09-04 03:30:00,28.0,69.1,236.6
2019-09-04 03:45:00,28.0,65.6,237.0
2019-09-04 04:00:00,27.0,67.8,235.9
2019-09-04 04:15:00,27.0,71.5,236.5
2019-09-04 04:30:00,27.0,63.3,236.3
2019-09-04 04:45:00,27.0,74.8,237.2
2019-09-04 05:00:00,27.0,52.3,237.9
2019-09-04 05:15:00,27.0,61.0,238.8
2019-09-04 05:30:00,27.0,51.4,238.4
2019-09-04 05:45:00,28.0,55.2,238.5
2019-09-04 06:00:00,28.0,45.9,238.2
2019-09-04 06:15:00,28.0,48.3,237.9
2019-09-04 06:30:00,28.0,42.5,237.1
2019-09-04 06:45:00,28.0,58.6,237.5
2019-09-04 07:00:00,29.0,47.0,237.0
2019-09-04 07:15:00,29.0,53.7,236.5
2019-09-04 07:30:00,29.0,55.6,235.6
2019-09-04 07:45:00,30.0,68.2,235.5
2019-09-04 08:00:00,30.0,51.9,235.6
2019-09-04 08:15:00,31.0,52.5,234.6
2019-09-04 08:30:00,31.0,53.6,235.6
2019-09-04 08:45:00,31.0,60.0,234.9
2019-09-04 09:00:00,31.0,61.7,235.1
2019-09-04 09:15:00,32.0,63.6,234.5
2019-09-04 09:30:00,32.0,65.9,232.4
2019-09-04 09:45:00,33.0,67.6,230.5
2019-09-04 10:00:00,33.0,64.8,230.2
2019-09-04 10:15:00,33.0,69.0,228.9
2019-09-04 10:30:00,33.0,66.0,228.5
2019-09-04 10:45:00,34.0,79.2,227.5
2019-09-04 11:00:00,34.0,107.5,225.7
2019-09-04 11:15:00,34.0,113.8,224.9
2019-09-04 11:30:00,34.0,113.9,224.6
2019-09-04 11:45:00,35.0,111.0,223.6
2019-09-04 12:00:00,35.0,119.5,223.7
2019-09-04 12:15:00,34.0,123.3,222.8
2019-09-04 12:30:00,35.0,114.1,223.1
2019-09-04 12:45:00,36.0,125.7,221.7
2019-09-04 13:00:00,37.0,137.3,220.3
2019-09-04 13:15:00,35.0,134.7,224.5
2019-09-04 13:30:00,35.0,158.9,224.7
2019-09-04 13:45:00,34.0,121.9,225.1
2019-09-04 14:00:00,34.5,120.45,223.95
2019-09-04 14:15:00,35.0,119.0,222.8
2019-09-04 14:30:00,36.0,138.2,222.1
2019-09-04 14:45:00,36.0,145.2,222.7
2019-09-04 15:00:00,37.0,132.5,222.4
2019-09-04 15:15:00,35.0,117.7,222.8
2019-09-04 15:30:00,36.0,121.7,222.6
2019-09-04 15:45:00,35.0,121.7,223.3
2019-09-04 16:00:00,34.0,125.4,223.0
2019-09-04 16:15:00,33.0,133.6,223.7
2019-09-04 16:30:00,33.0,128.9,223.5
2019-09-04 16:45:00,33.0,120.7,222.8
2019-09-04 17:00:00,33.0,121.1,228.75
2019-09-04 17:15:00,33.0,162.9,225.7
2019-09-04 17:30:00,32.0,163.3,224.8
2019-09-04 17:45:00,32.0,186.1,223.5
2019-09-04 18:00:00,32.0,221.0,220.9
2019-09-04 18:15:00,32.0,205.4,220.0
2019-09-04 18:30:00,32.0,197.7,219.9
2019-09-04 18:45:00,32.0,190.8,220.1
2019-09-04 19:00:00,32.0,190.2,220.9
2019-09-04 19:15:00,32.0,198.8,221.0
2019-09-04 19:30:00,31.0,111.8,227.5
2019-09-04 19:45:00,31.0,151.5,224.5
2019-09-04 20:00:00,31.0,160.1,225.1
2019-09-04 20:15:00,31.0,135.5,226.7
2019-09-04 20:30:00,31.0,137.5,227.4
2019-09-04 20:45:00,30.0,116.7,227.5
2019-09-04 21:00:00,30.0,110.3,228.3
2019-09-04 21:15:00,30.0,106.6,228.7
2019-09-04 21:30:00,30.0,98.2,230.5
2019-09-04 21:45:00,30.0,89.4,231.7
2019-09-04 22:00:00,30.0,89.0,232.7
2019-09-04 22:15:00,29.0,99.0,233.0
2019-09-04 22:30:00,30.0,118.2,234.0
2019-09-04 22:45:00,29.0,86.9,234.7
2019-09-04 23:00:00,29.0,100.1,234.7
2019-09-04 23:15:00,29.0,102.7,234.9
2019-09-04 23:30:00,29.0,99.0,235.5
2019-09-04 23:45:00,29.0,114.7,234.7
2019-09-05 00:00:00,29.0,106.8,235.7
2019-09-05 00:15:00,29.0,104.3,236.6
2019-09-05 00:30:00,29.0,97.4,237.1
2019-09-05 00:45:00,29.0,86.3,238.0
2019-09-05 01:00:00,29.0,100.6,237.4
2019-09-05 01:15:00,29.0,86.4,238.3
2019-09-05 01:30:00,29.0,91.9,239.4
2019-09-05 01:45:00,29.0,80.5,239.7
2019-09-05 02:00:00,28.0,87.1,238.1
2019-09-05 02:15:00,28.0,79.0,238.0
2019-09-05 02:30:00,28.0,82.2,239.2
2019-09-05 02:45:00,28.0,84.6,238.2
2019-09-05 03:00:00,28.0,80.6,239.1
2019-09-05 03:15:00,28.0,80.3,238.9
2019-09-05 03:30:00,28.0,65.3,239.8
2019-09-05 03:45:00,28.0,75.0,239.9
2019-09-05 04:00:00,28.0,66.8,240.3
2019-09-05 04:15:00,28.0,76.6,240.3
2019-09-05 04:30:00,28.0,61.4,240.6
2019-09-05 04:45:00,27.0,62.0,240.8
2019-09-05 05:00:00,27.0,59.2,241.3
2019-09-05 05:15:00,27.0,68.8,242.2
2019-09-05 05:30:00,28.0,58.6,241.5
2019-09-05 05:45:00,28.0,53.5,242.1
2019-09-05 06:00:00,28.0,58.5,242.4
2019-09-05 06:15:00,28.0,57.3,242.0
2019-09-05 06:30:00,28.0,60.1,241.6
2019-09-05 06:45:00,28.0,52.6,241.0
2019-09-05 07:00:00,29.0,44.3,241.0
2019-09-05 07:15:00,29.0,45.0,240.7
2019-09-05 07:30:00,29.0,46.1,240.6
2019-09-05 07:45:00,29.0,54.9,239.6
2019-09-05 08:00:00,30.0,56.1,240.1
2019-09-05 08:15:00,31.0,56.3,239.8
2019-09-05 08:30:00,31.0,59.9,238.3
2019-09-05 08:45:00,31.0,54.5,238.4
2019-09-05 09:00:00,32.0,62.6,237.3
2019-09-05 09:15:00,32.0,73.8,236.9
2019-09-05 09:30:00,32.0,61.3,235.9
2019-09-05 09:45:00,33.0,61.3,234.7
2019-09-05 10:00:00,33.0,64.7,234.2
2019-09-05 10:15:00,33.0,80.6,232.3
2019-09-05 10:30:00,34.0,87.6,231.4
2019-09-05 10:45:00,34.0,94.2,231.5
2019-09-05 11:00:00,35.0,83.5,230.2
2019-09-05 11:15:00,35.0,90.35000000000001,229.45
2019-09-05 11:30:00,35.0,97.2,228.7
2019-09-05 11:45:00,34.0,102.8,227.6
2019-09-05 12:00:00,35.0,65.7,231.0
2019-09-05 12:15:00,35.0,109.9,228.6
2019-09-05 12:30:00,35.0,117.4,227.0
2019-09-05 12:45:00,36.0,107.3,228.1
2019-09-05 13:00:00,37.0,112.0,227.5
2019-09-05 13:15:00,36.0,105.2,227.4
2019-09-05 13:30:00,37.0,130.5,227.6
2019-09-05 13:45:00,37.0,124.7,226.8
2019-09-05 14:00:00,39.0,109.7,226.6
2019-09-05 14:15:00,35.0,125.6,226.4
2019-09-05 14:30:00,38.0,133.6,225.9
2019-09-05 14:45:00,36.0,124.9,226.5
2019-09-05 15:00:00,36.0,122.2,226.4
2019-09-05 15:15:00,34.0,128.9,226.5
2019-09-05 15:30:00,38.0,138.0,225.9
2019-09-05 15:45:00,36.0,134.5,225.9
2019-09-05 16:00:00,35.0,136.0,226.6
2019-09-05 16:15:00,33.0,145.2,226.6
2019-09-05 16:30:00,33.0,145.2,227.2
2019-09-05 16:45:00,32.5,112.80000000000001,229.5
2019-09-05 17:00:00,32.0,145.3,229.1
2019-09-05 17:15:00,32.0,128.8,228.0
2019-09-05 17:30:00,32.0,144.2,227.9
2019-09-05 17:45:00,32.0,155.7,226.4
2019-09-05 18:00:00,31.0,199.0,222.7
2019-09-05 18:15:00,31.0,210.6,223.4
2019-09-05 18:30:00,31.0,185.6,225.2
2019-09-05 18:45:00,31.0,166.4,225.9
2019-09-05 19:00:00,31.0,168.3,226.2
2019-09-05 19:15:00,31.0,170.5,226.5
2019-09-05 19:30:00,30.0,161.4,227.2
2019-09-05 19:45:00,30.0,145.4,227.4
2019-09-05 20:00:00,30.0,149.0,227.9
2019-09-05 20:15:00,29.0,151.8,228.8
2019-09-05 20:30:00,29.0,135.0,228.8
2019-09-05 20:45:00,29.0,135.5,229.6
2019-09-05 21:00:00,29.0,129.1,230.8
2019-09-05 21:15:00,29.0,131.1,231.4
2019-09-05 21:30:00,29.0,101.1,232.3
2019-09-05 21:45:00,29.0,112.2,232.9
2019-09-05 22:00:00,29.0,116.8,233.7
2019-09-05 22:15:00,29.0,114.5,234.0
2019-09-05 22:30:00,28.0,109.0,234.6
2019-09-05 22:45:00,28.0,109.1,235.4
2019-09-05 23:00:00,28.0,110.7,235.5
2019-09-05 23:15:00,28.0,105.3,236.4
2019-09-05 23:30:00,28.0,109.0,236.1
2019-09-05 23:45:00,28.0,91.5,237.1
2019-09-06 00:00:00,28.0,92.2,237.3
2019-09-06 00:15:00,28.0,92.9,237.5
2019-09-06 00:30:00,28.0,94.8,238.5
2019-09-06 00:45:00,28.0,90.8,238.4
2019-09-06 01:00:00,28.0,82.5,238.7
2019-09-06 01:15:00,28.0,88.2,239.2
2019-09-06 01:30:00,28.0,75.0,239.8
2019-09-06 01:45:00,28.0,82.7,239.9
2019-09-06 02:00:00,28.0,86.3,240.1
2019-09-06 02:15:00,28.0,95.3,240.4
2019-09-06 02:30:00,28.0,81.0,238.6
2019-09-06 02:45:00,27.0,90.1,238.9
2019-09-06 03:00:00,28.0,80.9,239.0
2019-09-06 03:15:00,27.0,66.0,239.6
2019-09-06 03:30:00,28.0,79.6,239.6
2019-09-06 03:45:00,28.0,80.2,239.5
2019-09-06 04:00:00,28.0,78.0,240.0
2019-09-06 04:15:00,28.0,72.9,239.9
2019-09-06 04:30:00,28.0,77.6,240.4
2019-09-06 04:45:00,28.0,65.6,240.9
2019-09-06 05:00:00,28.0,63.4,241.5
2019-09-06 05:15:00,27.0,59.8,242.0
2019-09-06 05:30:00,27.0,66.9,242.4
2019-09-06 05:45:00,28.0,64.9,242.9
2019-09-06 06:00:00,28.0,66.3,241.8
2019-09-06 06:15:00,28.0,58.0,241.6
2019-09-06 06:30:00,28.0,60.1,241.1
2019-09-06 06:45:00,28.0,45.9,241.2
2019-09-06 07:00:00,29.0,57.6,240.4
2019-09-06 07:15:00,29.0,50.6,240.3
2019-09-06 07:30:00,29.0,47.7,239.6
2019-09-06 07:45:00,29.0,57.5,239.6
2019-09-06 08:00:00,30.0,48.7,239.3
2019-09-06 08:15:00,30.0,55.0,239.0
2019-09-06 08:30:00,31.0,58.1,239.1
2019-09-06 08:45:00,31.0,55.2,235.7
2019-09-06 09:00:00,31.0,61.5,235.4
2019-09-06 09:15:00,32.0,60.9,234.8
2019-09-06 09:30:00,32.0,60.7,234.3
2019-09-06 09:45:00,33.0,58.8,233.4
2019-09-06 10:00:00,32.0,72.4,232.3
2019-09-06 10:15:00,33.0,68.9,231.0
2019-09-06 10:30:00,34.0,73.8,230.0
2019-09-06 10:45:00,33.0,78.9,229.8
2019-09-06 11:00:00,35.0,88.0,228.8
2019-09-06 11:15:00,35.0,92.7,228.3
2019-09-06 11:30:00,35.0,108.8,228.2
2019-09-06 11:45:00,35.0,106.2,227.8
2019-09-06 12:00:00,36.0,119.4,224.6
2019-09-06 12:15:00,37.0,119.7,224.9
2019-09-06 12:30:00,36.0,126.6,224.2
2019-09-06 12:45:00,37.0,114.2,224.5
2019-09-06 13:00:00,38.0,123.8,224.9
2019-09-06 13:15:00,37.0,140.8,223.2
2019-09-06 13:30:00,37.0,139.5,223.2
2019-09-06 13:45:00,35.0,132.5,223.0
2019-09-06 14:00:00,36.0,136.4,222.6
2019-09-06 14:15:00,38.0,140.5,222.0
2019-09-06 14:30:00,39.0,133.9,225.9
2019-09-06 14:45:00,40.0,127.8,226.0
2019-09-06 15:00:00,37.0,137.5,227.3
2019-09-06 15:15:00,38.0,137.0,227.1
2019-09-06 15:30:00,39.0,139.7,226.2
2019-09-06 15:45:00,36.0,129.9,226.3
2019-09-06 16:00:00,35.0,100.1,233.0
2019-09-06 16:15:00,35.0,143.9,231.3
2019-09-06 16:30:00,34.0,160.0,231.1
2019-09-06 16:45:00,34.0,146.8,231.1
2019-09-06 17:00:00,34.0,133.95,234.25
2019-09-06 17:15:00,32.0,132.225,230.675
2019-09-06 17:30:00,30.0,130.5,227.1
2019-09-06 17:45:00,30.0,191.0,220.0
2019-09-06 18:00:00,30.0,212.7,221.8
2019-09-06 18:15:00,30.0,126.6,228.9
2019-09-06 18:30:00,29.0,209.5,225.1
2019-09-06 18:45:00,29.0,201.6,225.0
2019-09-06 19:00:00,29.0,193.1,225.9
2019-09-06 19:15:00,29.0,191.7,225.8
2019-09-06 19:30:00,29.0,193.7,226.3
2019-09-06 19:45:00,29.0,179.9,226.6
2019-09-06 20:00:00,29.0,172.0,227.9
2019-09-06 20:15:00,29.0,152.6,229.5
2019-09-06 20:30:00,29.0,158.3,228.2
2019-09-06 20:45:00,29.0,153.7,229.0
2019-09-06 21:00:00,29.0,143.2,229.1
2019-09-06 21:15:00,29.0,147.4,229.5
2019-09-06 21:30:00,29.0,130.0,230.5
2019-09-06 21:45:00,29.0,127.5,230.8
2019-09-06 22:00:00,29.0,107.2,230.9
2019-09-06 22:15:00,29.0,79.2,231.7
2019-09-06 22:30:00,29.0,78.1,232.0
2019-09-06 22:45:00,29.0,91.1,231.9
2019-09-06 23:00:00,28.0,101.8,232.6
2019-09-06 23:15:00,28.0,97.8,232.7
2019-09-06 23:30:00,28.0,115.7,233.3
2019-09-06 23:45:00,28.0,112.0,234.0
2019-09-07 00:00:00,28.0,114.3,234.5
2019-09-07 00:15:00,28.0,89.7,235.0
2019-09-07 00:30:00,28.0,93.2,235.6
2019-09-07 00:45:00,28.0,94.8,235.6
2019-09-07 01:00:00,28.0,80.9,234.6
2019-09-07 01:15:00,28.0,89.3,234.9
2019-09-07 01:30:00,28.0,86.2,235.5
2019-09-07 01:45:00,28.0,75.4,236.2
2019-09-07 02:00:00,28.0,93.2,235.1
2019-09-07 02:15:00,28.0,87.5,235.1
2019-09-07 02:30:00,28.0,92.7,235.5
2019-09-07 02:45:00,28.0,88.7,235.9
2019-09-07 03:00:00,27.0,76.4,236.3
2019-09-07 03:15:00,27.0,82.8,236.1
2019-09-07 03:30:00,27.0,82.1,236.3
2019-09-07 03:45:00,27.0,90.3,236.3
2019-09-07 04:00:00,27.0,72.9,237.1
2019-09-07 04:15:00,27.0,85.7,237.0
2019-09-07 04:30:00,27.0,76.3,237.5
2019-09-07 04:45:00,27.0,75.8,237.7
2019-09-07 05:00:00,27.0,64.6,238.6
2019-09-07 05:15:00,27.0,62.4,240.0
2019-09-07 05:30:00,27.0,68.7,239.6
2019-09-07 05:45:00,27.0,68.8,240.7
2019-09-07 06:00:00,27.0,61.7,240.5
2019-09-07 06:15:00,28.0,61.1,239.8
2019-09-07 06:30:00,29.0,55.7,240.1
2019-09-07 06:45:00,29.0,59.2,239.3
2019-09-07 07:00:00,30.0,56.7,238.9
2019-09-07 07:15:00,30.0,60.5,237.0
2019-09-07 07:30:00,30.0,50.4,236.4
2019-09-07 07:45:00,30.0,64.5,236.1
2019-09-07 08:00:00,31.0,57.9,235.1
2019-09-07 08:15:00,31.0,65.7,234.6
2019-09-07 08:30:00,31.0,61.4,233.7
2019-09-07 08:45:00,31.0,73.0,234.6
2019-09-07 09:00:00,32.0,58.9,234.4
2019-09-07 09:15:00,32.0,68.6,234.5
2019-09-07 09:30:00,33.0,71.7,233.4
2019-09-07 09:45:00,33.0,73.1,232.6
2019-09-07 10:00:00,33.0,68.1,231.7
2019-09-07 10:15:00,34.0,76.0,231.7
2019-09-07 10:30:00,34.0,78.4,231.2
2019-09-07 10:45:00,34.0,79.8,230.8
2019-09-07 11:00:00,33.0,101.9,230.0
2019-09-07 11:15:00,34.0,107.0,228.8
2019-09-07 11:30:00,33.0,105.9,229.2
2019-09-07 11:45:00,34.0,107.5,228.8
2019-09-07 12:00:00,32.0,120.0,228.9
2019-09-07 12:15:00,33.0,126.1,229.5
2019-09-07 12:30:00,34.0,124.2,228.7
2019-09-07 12:45:00,34.0,131.5,229.5
2019-09-07 13:00:00,38.0,135.5,227.9
2019-09-07 13:15:00,35.0,137.0,228.8
2019-09-07 13:30:00,37.0,130.4,228.0
2019-09-07 13:45:00,34.0,130.0,228.4
2019-09-07 14:00:00,33.0,128.0,228.1
2019-09-07 14:15:00,36.0,144.4,229.1
2019-09-07 14:30:00,38.0,154.7,228.4
2019-09-07 14:45:00,35.0,154.3,227.0
2019-09-07 15:00:00,34.0,148.2,227.2
2019-09-07 15:15:00,33.0,162.8,227.3
2019-09-07 15:30:00,33.0,140.7,228.0
2019-09-07 15:45:00,29.0,135.4,229.5
2019-09-07 16:00:00,29.0,149.6,229.1
2019-09-07 16:15:00,30.0,158.9,229.3
2019-09-07 16:30:00,30.0,151.8,230.2
2019-09-07 16:45:00,30.0,144.7,229.7
2019-09-07 17:00:00,30.0,143.8,230.7
2019-09-07 17:15:00,30.0,149.7,230.2
2019-09-07 17:30:00,30.0,138.2,230.2
2019-09-07 17:45:00,30.0,152.2,229.4
2019-09-07 18:00:00,30.0,186.6,226.5
2019-09-07 18:15:00,30.0,172.6,228.0
2019-09-07 18:30:00,29.0,157.7,228.3
2019-09-07 18:45:00,29.0,154.3,228.4
2019-09-07 19:00:00,29.0,164.6,227.7
2019-09-07 19:15:00,29.0,176.6,227.7
2019-09-07 19:30:00,29.0,166.9,228.3
2019-09-07 19:45:00,29.0,156.8,228.9
2019-09-07 20:00:00,29.0,150.7,229.7
2019-09-07 20:15:00,29.0,140.2,230.1
2019-09-07 20:30:00,29.0,140.4,229.5
2019-09-07 20:45:00,29.0,135.1,228.9
2019-09-07 21:00:00,28.0,128.9,229.7
2019-09-07 21:15:00,28.0,130.0,229.2
2019-09-07 21:30:00,28.0,97.9,229.6
2019-09-07 21:45:00,28.0,96.4,230.1
2019-09-07 22:00:00,28.0,83.3,230.5
2019-09-07 22:15:00,28.0,87.4,230.3
2019-09-07 22:30:00,28.0,91.0,230.5
2019-09-07 22:45:00,28.0,93.2,230.8
2019-09-07 23:00:00,28.0,96.5,231.0
2019-09-07 23:15:00,28.0,102.6,231.3
2019-09-07 23:30:00,28.0,90.2,231.9
2019-09-07 23:45:00,28.0,81.4,232.8
2019-09-08 00:00:00,28.0,97.2,232.8
2019-09-08 00:15:00,28.0,80.8,233.6
2019-09-08 00:30:00,27.0,74.1,233.4
2019-09-08 00:45:00,28.0,95.0,234.0
2019-09-08 01:00:00,28.0,92.9,234.4
2019-09-08 01:15:00,28.0,81.0,235.0
2019-09-08 01:30:00,27.0,81.5,234.6
2019-09-08 01:45:00,27.0,81.2,235.0
2019-09-08 02:00:00,27.0,68.6,235.5
2019-09-08 02:15:00,27.0,74.1,235.5
2019-09-08 02:30:00,27.0,62.5,235.6
2019-09-08 02:45:00,27.0,61.2,236.2
2019-09-08 03:00:00,27.0,59.3,236.9
2019-09-08 03:15:00,27.0,60.5,237.2
2019-09-08 03:30:00,27.0,55.3,237.6
2019-09-08 03:45:00,27.0,56.6,238.9
2019-09-08 04:00:00,27.0,57.8,237.0
2019-09-08 04:15:00,27.0,69.4,236.7
2019-09-08 04:30:00,27.0,60.6,238.1
2019-09-08 04:45:00,27.0,65.0,238.5
2019-09-08 05:00:00,27.0,54.3,239.2
2019-09-08 05:15:00,27.0,51.1,240.7
2019-09-08 05:30:00,27.0,59.8,240.7
2019-09-08 05:45:00,27.0,58.3,240.6
2019-09-08 06:00:00,27.0,53.1,240.5
2019-09-08 06:15:00,28.0,45.7,240.3
2019-09-08 06:30:00,28.0,45.6,240.3
2019-09-08 06:45:00,28.0,49.2,238.4
2019-09-08 07:00:00,28.0,44.8,238.6
2019-09-08 07:15:00,28.0,48.2,237.8
2019-09-08 07:30:00,29.0,52.0,237.6
2019-09-08 07:45:00,29.0,50.6,235.6
2019-09-08 08:00:00,29.0,53.3,235.6
2019-09-08 08:15:00,29.0,62.9,235.5
2019-09-08 08:30:00,30.0,55.9,234.5
2019-09-08 08:45:00,30.0,55.5,234.6
2019-09-08 09:00:00,30.0,52.0,235.4
2019-09-08 09:15:00,31.0,62.9,240.9
2019-09-08 09:30:00,31.0,73.8,239.7
2019-09-08 09:45:00,30.0,65.9,240.2
2019-09-08 10:00:00,31.0,65.4,236.9
2019-09-08 10:15:00,32.0,64.0,236.9
2019-09-08 10:30:00,32.0,81.0,237.5
2019-09-08 10:45:00,32.0,70.6,237.5
2019-09-08 11:00:00,32.0,73.2,237.4
2019-09-08 11:15:00,33.0,89.8,236.5
2019-09-08 11:30:00,33.0,104.2,236.3
2019-09-08 11:45:00,32.0,84.9,236.0
2019-09-08 12:00:00,33.0,92.5,235.5
2019-09-08 12:15:00,34.0,109.1,235.2
2019-09-08 12:30:00,32.0,83.6,235.9
2019-09-08 12:45:00,36.0,85.9,236.8
2019-09-08 13:00:00,35.0,83.6,236.7
2019-09-08 13:15:00,35.0,94.1,236.4
2019-09-08 13:30:00,36.0,84.65,235.2
2019-09-08 13:45:00,37.0,75.2,234.0
2019-09-08 14:00:00,36.0,85.3,234.5
2019-09-08 14:15:00,35.0,85.2,233.3
2019-09-08 14:30:00,34.0,97.8,233.6
2019-09-08 14:45:00,31.0,98.7,233.1
2019-09-08 15:00:00,32.0,81.6,233.5
2019-09-08 15:15:00,32.0,99.5,232.7
2019-09-08 15:30:00,31.0,102.7,232.3
2019-09-08 15:45:00,33.0,111.6,234.9
2019-09-08 16:00:00,32.0,123.2,235.1
2019-09-08 16:15:00,31.0,88.7,234.9
2019-09-08 16:30:00,30.5,95.85,235.75
2019-09-08 16:45:00,30.0,103.0,236.6
2019-09-08 17:00:00,30.0,89.7,235.6
2019-09-08 17:15:00,30.0,99.4,235.1
2019-09-08 17:30:00,29.5,89.30000000000001,235.55
2019-09-08 17:45:00,29.25,90.7,234.22500000000002
2019-09-08 18:00:00,29.0,92.1,232.9
2019-09-08 18:15:00,29.0,132.5,231.0
2019-09-08 18:30:00,29.0,145.7,232.7
2019-09-08 18:45:00,29.0,141.0,232.5
2019-09-08 19:00:00,29.0,154.5,233.4
2019-09-08 19:15:00,29.0,157.3,232.9
2019-09-08 19:30:00,29.0,134.9,233.6
2019-09-08 19:45:00,29.0,116.8,234.5
2019-09-08 20:00:00,29.0,111.0,234.5
2019-09-08 20:15:00,28.0,93.6,234.6
2019-09-08 20:30:00,28.0,98.6,234.3
2019-09-08 20:45:00,28.0,97.1,234.3
2019-09-08 21:00:00,28.0,85.5,235.1
2019-09-08 21:15:00,28.0,80.0,235.3
2019-09-08 21:30:00,28.0,95.0,235.4
2019-09-08 21:45:00,28.0,68.5,236.0
2019-09-08 22:00:00,28.0,72.8,236.1
2019-09-08 22:15:00,28.0,88.0,235.6
2019-09-08 22:30:00,28.0,95.2,236.4
2019-09-08 22:45:00,28.0,101.7,234.2
2019-09-08 23:00:00,28.0,75.4,237.3
2019-09-08 23:15:00,28.0,85.0,236.4
2019-09-08 23:30:00,28.0,92.7,236.0
2019-09-08 23:45:00,27.0,83.4,236.7
2019-09-09 00:00:00,28.0,86.9,237.2
2019-09-09 00:15:00,28.0,81.5,237.2
2019-09-09 00:30:00,28.0,87.0,237.4
2019-09-09 00:45:00,28.0,81.3,238.1
2019-09-09 01:00:00,27.0,81.5,238.9
2019-09-09 01:15:00,27.0,84.9,239.3
2019-09-09 01:30:00,27.0,82.8,238.4
2019-09-09 01:45:00,27.0,80.6,239.4
2019-09-09 02:00:00,27.0,79.8,238.9
2019-09-09 02:15:00,27.0,70.2,240.4
2019-09-09 02:30:00,27.0,67.3,241.8
2019-09-09 02:45:00,27.0,75.0,241.9
2019-09-09 03:00:00,27.0,69.5,242.6
2019-09-09 03:15:00,27.0,60.1,242.1
2019-09-09 03:30:00,27.0,59.3,241.8
2019-09-09 03:45:00,27.0,61.9,242.5
2019-09-09 04:00:00,27.0,62.6,242.7
2019-09-09 04:15:00,27.0,54.9,243.6
2019-09-09 04:30:00,27.0,52.2,243.5
2019-09-09 04:45:00,27.0,46.5,244.3
2019-09-09 05:00:00,27.0,57.3,243.9
2019-09-09 05:15:00,27.0,53.4,244.1
2019-09-09 05:30:00,27.0,54.8,244.5
2019-09-09 05:45:00,27.0,57.9,244.9
2019-09-09 06:00:00,27.0,60.2,242.5
2019-09-09 06:15:00,27.0,47.1,242.5
2019-09-09 06:30:00,28.0,47.5,242.3
2019-09-09 06:45:00,28.0,52.1,241.5
2019-09-09 07:00:00,28.0,42.9,241.9
2019-09-09 07:15:00,28.0,52.7,241.2
2019-09-09 07:30:00,28.0,47.8,240.1
2019-09-09 07:45:00,29.0,44.8,239.9
2019-09-09 08:00:00,28.0,45.3,239.7
2019-09-09 08:15:00,29.0,51.3,238.8
2019-09-09 08:30:00,29.0,57.3,239.0
2019-09-09 08:45:00,29.0,51.7,238.0
2019-09-09 09:00:00,30.0,63.7,239.3
2019-09-09 09:15:00,30.0,52.5,239.1
2019-09-09 09:30:00,30.5,63.05,238.35
2019-09-09 09:45:00,31.0,73.6,237.6
2019-09-09 10:00:00,31.0,73.5,237.6
2019-09-09 10:15:00,32.0,69.8,236.5
2019-09-09 10:30:00,33.0,97.4,235.1
2019-09-09 10:45:00,33.0,102.3,236.7
2019-09-09 11:00:00,34.0,101.7,236.7
2019-09-09 11:15:00,34.0,103.4,237.2
2019-09-09 11:30:00,33.0,102.7,236.4
2019-09-09 11:45:00,33.0,115.1,236.0
2019-09-09 12:00:00,33.0,123.8,236.5
2019-09-09 12:15:00,34.0,126.3,236.4
2019-09-09 12:30:00,33.0,146.9,234.9
2019-09-09 12:45:00,35.0,146.8,234.6
2019-09-09 13:00:00,33.5,146.7,234.39999999999998
2019-09-09 13:15:00,32.0,146.6,234.2
2019-09-09 13:30:00,33.0,150.6,233.1
2019-09-09 13:45:00,33.0,158.3,233.3
2019-09-09 14:00:00,32.0,147.9,233.7
2019-09-09 14:15:00,34.0,145.5,232.6
2019-09-09 14:30:00,32.0,161.1,233.1
2019-09-09 14:45:00,31.0,138.8,233.2
2019-09-09 15:00:00,31.0,131.3,234.1
2019-09-09 15:15:00,32.0,126.3,233.3
2019-09-09 15:30:00,32.0,131.5,235.0
2019-09-09 15:45:00,32.0,145.3,234.4
2019-09-09 16:00:00,32.0,139.5,233.9
2019-09-09 16:15:00,32.0,150.2,233.4
2019-09-09 16:30:00,31.0,132.5,233.3
2019-09-09 16:45:00,31.0,134.6,234.2
2019-09-09 17:00:00,30.0,132.7,234.3
2019-09-09 17:15:00,30.0,150.2,233.8
2019-09-09 17:30:00,30.0,163.1,233.7
2019-09-09 17:45:00,30.0,164.5,231.4
2019-09-09 18:00:00,29.0,185.5,229.6
2019-09-09 18:15:00,29.0,166.5,229.2
2019-09-09 18:30:00,29.0,167.0,229.9
2019-09-09 18:45:00,29.0,157.6,229.7
2019-09-09 19:00:00,29.0,150.3,230.5
2019-09-09 19:15:00,29.0,154.7,231.3
2019-09-09 19:30:00,29.0,151.3,231.0
2019-09-09 19:45:00,29.0,148.7,231.7
2019-09-09 20:00:00,28.0,151.1,232.0
2019-09-09 20:15:00,29.0,145.1,232.8
2019-09-09 20:30:00,28.0,144.7,232.5
2019-09-09 20:45:00,28.0,136.8,234.0
2019-09-09 21:00:00,28.0,140.2,234.3
2019-09-09 21:15:00,28.0,138.0,234.5
2019-09-09 21:30:00,28.0,114.8,234.8
2019-09-09 21:45:00,28.0,93.0,235.6
2019-09-09 22:00:00,28.0,92.8,236.2
2019-09-09 22:15:00,28.0,82.5,236.1
2019-09-09 22:30:00,28.0,84.7,235.1
2019-09-09 22:45:00,28.0,88.5,234.8
2019-09-09 23:00:00,28.0,90.3,235.3
2019-09-09 23:15:00,28.0,95.2,234.9
2019-09-09 23:30:00,28.0,93.3,235.2
2019-09-09 23:45:00,28.0,94.3,235.1
2019-09-10 00:00:00,28.0,96.2,235.7
2019-09-10 00:15:00,28.0,83.7,236.4
2019-09-10 00:30:00,28.0,83.9,236.4
2019-09-10 00:45:00,28.0,76.3,236.4
2019-09-10 01:00:00,28.0,87.0,237.3
2019-09-10 01:15:00,28.0,79.2,236.9
2019-09-10 01:30:00,28.0,83.9,238.2
2019-09-10 01:45:00,28.0,72.0,238.1
2019-09-10 02:00:00,28.0,77.5,238.1
2019-09-10 02:15:00,27.0,73.3,238.7
2019-09-10 02:30:00,27.0,60.4,238.7
2019-09-10 02:45:00,27.0,64.3,238.6
2019-09-10 03:00:00,27.0,74.4,239.0
2019-09-10 03:15:00,27.0,61.7,239.3
2019-09-10 03:30:00,27.0,57.4,239.9
2019-09-10 03:45:00,27.0,59.7,239.2
2019-09-10 04:00:00,27.0,78.0,239.5
2019-09-10 04:15:00,27.0,65.9,240.2
2019-09-10 04:30:00,28.0,69.2,239.6
2019-09-10 04:45:00,27.0,70.9,240.2
2019-09-10 05:00:00,27.0,67.5,240.0
2019-09-10 05:15:00,27.0,56.9,240.8
2019-09-10 05:30:00,27.0,51.7,241.5
2019-09-10 05:45:00,27.0,59.1,241.1
2019-09-10 06:00:00,28.0,57.7,241.9
2019-09-10 06:15:00,28.0,46.0,240.9
2019-09-10 06:30:00,28.0,48.7,241.0
2019-09-10 06:45:00,29.0,48.5,240.1
2019-09-10 07:00:00,29.0,46.2,240.6
2019-09-10 07:15:00,29.0,48.8,239.2
2019-09-10 07:30:00,29.0,46.2,239.5
2019-09-10 07:45:00,30.0,48.4,239.1
2019-09-10 08:00:00,30.0,47.3,239.4
2019-09-10 08:15:00,30.0,55.6,238.8
2019-09-10 08:30:00,30.0,56.5,238.7
2019-09-10 08:45:00,31.0,74.4,238.7
2019-09-10 09:00:00,32.0,59.8,238.5
2019-09-10 09:15:00,32.0,55.9,238.0
2019-09-10 09:30:00,32.0,68.4,237.5
2019-09-10 09:45:00,32.0,66.1,237.4
2019-09-10 10:00:00,32.0,68.8,235.1
2019-09-10 10:15:00,33.0,61.4,235.6
2019-09-10 10:30:00,33.0,76.4,234.6
2019-09-10 10:45:00,33.0,100.6,234.5
2019-09-10 11:00:00,33.0,123.4,233.5
2019-09-10 11:15:00,34.0,116.8,233.7
2019-09-10 11:30:00,35.0,118.5,233.5
2019-09-10 11:45:00,34.0,140.9,232.5
2019-09-10 12:00:00,36.0,130.4,233.2
2019-09-10 12:15:00,36.0,147.8,232.8
2019-09-10 12:30:00,37.0,136.1,232.4
2019-09-10 12:45:00,40.0,157.4,231.9
2019-09-10 13:00:00,40.0,138.5,232.3
2019-09-10 13:15:00,38.0,142.5,232.1
2019-09-10 13:30:00,37.0,138.9,232.9
2019-09-10 13:45:00,36.0,149.0,231.8
2019-09-10 14:00:00,36.0,150.6,232.1
2019-09-10 14:15:00,37.0,148.1,231.5
2019-09-10 14:30:00,34.0,141.8,231.3
2019-09-10 14:45:00,35.0,143.4,231.7
2019-09-10 15:00:00,35.0,141.3,233.0
2019-09-10 15:15:00,36.0,140.0,232.4
2019-09-10 15:30:00,34.0,146.1,233.4
2019-09-10 15:45:00,33.0,125.5,233.4
2019-09-10 16:00:00,33.0,133.8,233.2
2019-09-10 16:15:00,33.0,157.7,234.4
2019-09-10 16:30:00,33.0,152.1,235.5
2019-09-10 16:45:00,33.0,161.9,235.7
2019-09-10 17:00:00,32.0,169.8,236.3
2019-09-10 17:15:00,32.0,154.8,236.3
2019-09-10 17:30:00,31.0,165.6,234.8
2019-09-10 17:45:00,31.0,164.3,233.0
2019-09-10 18:00:00,31.0,183.5,231.4
2019-09-10 18:15:00,30.0,171.1,230.6
2019-09-10 18:30:00,30.0,178.6,230.1
2019-09-10 18:45:00,30.0,171.2,230.5
2019-09-10 19:00:00,30.0,185.0,231.7
2019-09-10 19:15:00,30.0,164.0,231.9
2019-09-10 19:30:00,30.0,167.7,232.2
2019-09-10 19:45:00,30.0,149.7,232.2
2019-09-10 20:00:00,29.0,141.9,232.7
2019-09-10 20:15:00,29.0,147.6,232.8
2019-09-10 20:30:00,29.0,153.0,233.2
2019-09-10 20:45:00,29.0,142.4,233.3
2019-09-10 21:00:00,29.0,144.5,233.8
2019-09-10 21:15:00,29.0,128.6,234.0
2019-09-10 21:30:00,28.0,114.0,234.4
2019-09-10 21:45:00,28.0,101.4,234.5
2019-09-10 22:00:00,28.0,102.0,235.3
2019-09-10 22:15:00,28.0,98.2,235.2
2019-09-10 22:30:00,28.0,89.7,235.3
2019-09-10 22:45:00,28.0,92.4,236.0
2019-09-10 23:00:00,28.0,101.0,235.6
2019-09-10 23:15:00,28.0,96.9,235.5
2019-09-10 23:30:00,28.0,87.0,236.3
2019-09-10 23:45:00,28.0,72.9,237.0
2019-09-11 00:00:00,28.0,92.8,236.8
2019-09-11 00:15:00,28.0,92.2,237.8
2019-09-11 00:30:00,28.0,90.0,238.5
2019-09-11 00:45:00,28.0,88.8,239.1
2019-09-11 01:00:00,27.0,88.1,239.2
2019-09-11 01:15:00,27.0,84.2,238.6
2019-09-11 01:30:00,27.0,96.5,238.0
2019-09-11 01:45:00,27.0,81.6,238.9
2019-09-11 02:00:00,27.0,84.8,239.2
2019-09-11 02:15:00,27.0,86.5,239.0
2019-09-11 02:30:00,27.0,73.6,239.7
2019-09-11 02:45:00,27.0,72.8,239.5
2019-09-11 03:00:00,27.0,89.0,240.5
2019-09-11 03:15:00,27.0,78.6,240.4
2019-09-11 03:30:00,27.0,61.9,241.0
2019-09-11 03:45:00,27.0,65.3,241.4
2019-09-11 04:00:00,27.0,66.7,240.5
2019-09-11 04:15:00,27.0,60.3,241.4
2019-09-11 04:30:00,27.0,54.6,241.3
2019-09-11 04:45:00,27.0,55.4,241.9
2019-09-11 05:00:00,27.0,62.8,242.6
2019-09-11 05:15:00,27.0,57.9,242.8
2019-09-11 05:30:00,27.0,54.0,242.9
2019-09-11 05:45:00,27.0,63.0,242.9
2019-09-11 06:00:00,27.0,62.5,243.2
2019-09-11 06:15:00,27.0,46.5,243.9
2019-09-11 06:30:00,27.0,55.2,243.6
2019-09-11 06:45:00,28.0,50.4,242.2
2019-09-11 07:00:00,28.0,42.7,241.0
2019-09-11 07:15:00,28.0,48.3,240.3
2019-09-11 07:30:00,29.0,51.1,240.4
2019-09-11 07:45:00,29.0,55.6,239.9
2019-09-11 08:00:00,30.0,51.1,240.1
2019-09-11 08:15:00,30.0,49.1,239.1
2019-09-11 08:30:00,30.0,44.6,238.4
2019-09-11 08:45:00,31.0,59.6,237.4
2019-09-11 09:00:00,32.0,64.0,238.0
2019-09-11 09:15:00,32.0,93.8,237.2
2019-09-11 09:30:00,32.0,78.5,236.5
2019-09-11 09:45:00,32.5,75.7,236.25
2019-09-11 10:00:00,33.0,72.9,236.0
2019-09-11 10:15:00,33.0,80.5,235.1
2019-09-11 10:30:00,34.0,92.5,235.7
2019-09-11 10:45:00,34.0,126.0,234.2
2019-09-11 11:00:00,35.0,110.6,235.6
2019-09-11 11:15:00,34.0,115.9,236.4
2019-09-11 11:30:00,36.0,104.5,235.9
2019-09-11 11:45:00,35.0,107.8,235.7
2019-09-11 12:00:00,35.0,140.2,236.2
2019-09-11 12:15:00,35.0,145.8,235.7
2019-09-11 12:30:00,35.0,130.9,235.6
2019-09-11 12:45:00,35.0,134.1,235.0
2019-09-11 13:00:00,34.0,151.3,234.9
2019-09-11 13:15:00,35.0,129.6,234.4
2019-09-11 13:30:00,35.0,148.6,235.3
2019-09-11 13:45:00,36.0,136.2,234.6
2019-09-11 14:00:00,35.0,138.9,234.9
2019-09-11 14:15:00,34.0,136.8,233.5
2019-09-11 14:30:00,34.0,141.7,233.7
2019-09-11 14:45:00,34.0,135.4,233.7
2019-09-11 15:00:00,33.0,138.8,233.7
2019-09-11 15:15:00,32.0,137.9,234.5
2019-09-11 15:30:00,28.0,131.4,234.5
2019-09-11 15:45:00,28.0,119.4,233.4
2019-09-11 16:00:00,29.0,137.8,234.2
2019-09-11 16:15:00,29.0,143.6,233.7
2019-09-11 16:30:00,29.0,144.5,233.9
2019-09-11 16:45:00,29.0,138.7,234.8
2019-09-11 17:00:00,29.0,140.2,235.2
2019-09-11 17:15:00,29.0,159.3,235.4
2019-09-11 17:30:00,29.0,160.6,233.3
2019-09-11 17:45:00,28.0,167.9,233.4
2019-09-11 18:00:00,29.0,170.5,231.9
2019-09-11 18:15:00,29.0,175.7,231.6
2019-09-11 18:30:00,28.0,153.8,231.8
2019-09-11 18:45:00,28.0,157.0,232.4
2019-09-11 19:00:00,28.0,141.9,232.6
2019-09-11 19:15:00,28.0,144.9,233.0
2019-09-11 19:30:00,28.0,145.6,233.3
2019-09-11 19:45:00,28.0,143.2,233.6
2019-09-11 20:00:00,28.0,139.3,234.0
2019-09-11 20:15:00,28.0,118.9,234.7
2019-09-11 20:30:00,28.0,131.6,234.8
2019-09-11 20:45:00,28.0,133.6,235.2
2019-09-11 21:00:00,28.0,129.1,235.3
2019-09-11 21:15:00,28.0,109.1,235.7
2019-09-11 21:30:00,27.0,86.7,236.3
2019-09-11 21:45:00,27.0,100.8,236.9
2019-09-11 22:00:00,27.0,99.0,237.9
2019-09-11 22:15:00,27.0,84.4,237.8
2019-09-11 22:30:00,27.0,83.9,238.2
2019-09-11 22:45:00,27.0,104.9,238.5
2019-09-11 23:00:00,27.0,94.9,238.0
2019-09-11 23:15:00,27.0,98.3,238.4
2019-09-11 23:30:00,27.0,96.6,237.6
2019-09-11 23:45:00,27.0,92.3,237.9
2019-09-12 00:00:00,27.0,93.8,238.4
2019-09-12 00:15:00,27.0,77.8,238.1
2019-09-12 00:30:00,27.0,71.9,238.7
2019-09-12 00:45:00,27.0,84.0,238.7
2019-09-12 01:00:00,27.0,76.5,239.1
2019-09-12 01:15:00,27.0,73.3,239.7
2019-09-12 01:30:00,26.0,68.0,239.8
2019-09-12 01:45:00,26.0,81.6,240.4
2019-09-12 02:00:00,26.0,71.1,240.1
2019-09-12 02:15:00,26.0,67.0,240.3
2019-09-12 02:30:00,26.0,60.5,241.3
2019-09-12 02:45:00,26.0,61.5,241.3
2019-09-12 03:00:00,26.0,66.0,241.7
2019-09-12 03:15:00,26.0,69.0,242.2
2019-09-12 03:30:00,26.0,64.0,242.4
2019-09-12 03:45:00,26.0,71.2,241.9
2019-09-12 04:00:00,26.0,60.8,242.2
2019-09-12 04:15:00,26.0,71.7,242.6
2019-09-12 04:30:00,26.0,55.2,242.9
2019-09-12 04:45:00,26.0,54.5,242.6
2019-09-12 05:00:00,26.0,66.4,243.5
2019-09-12 05:15:00,26.0,62.8,244.3
2019-09-12 05:30:00,26.0,61.1,244.5
2019-09-12 05:45:00,26.0,50.1,245.1
2019-09-12 06:00:00,26.0,51.1,245.1
2019-09-12 06:15:00,26.0,56.6,244.7
2019-09-12 06:30:00,26.0,50.6,244.6
2019-09-12 06:45:00,27.0,44.1,243.6
2019-09-12 07:00:00,27.0,41.2,242.8
2019-09-12 07:15:00,27.0,44.4,242.4
2019-09-12 07:30:00,27.0,49.9,241.6
2019-09-12 07:45:00,28.0,49.7,241.7
2019-09-12 08:00:00,28.0,48.9,240.3
2019-09-12 08:15:00,28.0,64.0,240.0
2019-09-12 08:30:00,28.0,49.3,239.9
2019-09-12 08:45:00,29.0,51.4,239.9
2019-09-12 09:00:00,30.0,64.4,239.1
2019-09-12 09:15:00,29.0,59.0,239.0
2019-09-12 09:30:00,29.0,61.4,239.1
2019-09-12 09:45:00,29.0,67.2,237.6
2019-09-12 10:00:00,30.0,69.8,238.8
2019-09-12 10:15:00,29.0,87.1,238.7
2019-09-12 10:30:00,30.0,81.1,238.1
2019-09-12 10:45:00,30.0,109.3,237.4
2019-09-12 11:00:00,29.0,104.6,237.0
2019-09-12 11:15:00,30.0,93.4,238.2
2019-09-12 11:30:00,30.0,91.9,238.1
2019-09-12 11:45:00,30.0,103.8,238.0
2019-09-12 12:00:00,30.0,104.0,237.6
2019-09-12 12:15:00,32.0,118.6,237.1
2019-09-12 12:30:00,32.0,123.1,237.35
2019-09-12 12:45:00,32.0,127.6,237.6
2019-09-12 13:00:00,31.0,119.4,237.0
2019-09-12 13:15:00,28.0,118.8,237.7
2019-09-12 13:30:00,29.0,129.4,236.7
2019-09-12 13:45:00,33.0,113.1,236.8
2019-09-12 14:00:00,32.0,127.0,236.8
2019-09-12 14:15:00,30.0,118.1,236.8
2019-09-12 14:30:00,32.0,116.7,236.1
2019-09-12 14:45:00,31.0,121.7,236.3
2019-09-12 15:00:00,30.333333333333332,121.76666666666667,236.4
2019-09-12 15:15:00,29.666666666666668,121.83333333333334,236.5
2019-09-12 15:30:00,29.0,121.9,236.6
2019-09-12 15:45:00,29.0,139.10000000000002,236.2
2019-09-12 16:00:00,29.0,156.3,235.8
2019-09-12 16:15:00,29.0,150.2,236.1
2019-09-12 16:30:00,28.0,162.6,236.0
2019-09-12 16:45:00,28.0,140.4,236.1
2019-09-12 17:00:00,28.0,142.7,236.6
2019-09-12 17:15:00,28.0,157.9,237.3
2019-09-12 17:30:00,28.0,142.9,237.0
2019-09-12 17:45:00,28.0,158.5,230.9
2019-09-12 18:00:00,28.0,155.4,231.0
2019-09-12 18:15:00,28.0,152.9,231.4
2019-09-12 18:30:00,28.0,145.0,231.5
2019-09-12 18:45:00,27.0,147.1,230.9
2019-09-12 19:00:00,27.0,149.4,230.5
2019-09-12 19:15:00,27.0,143.2,231.1
2019-09-12 19:30:00,27.0,141.7,231.9
2019-09-12 19:45:00,27.0,135.7,232.1
2019-09-12 20:00:00,27.0,138.9,232.0
2019-09-12 20:15:00,27.0,123.4,232.4
2019-09-12 20:30:00,27.0,126.2,232.4
2019-09-12 20:45:00,27.0,125.1,233.9
2019-09-12 21:00:00,27.0,124.0,234.5
2019-09-12 21:15:00,27.0,113.7,234.2
2019-09-12 21:30:00,27.0,123.6,235.3
2019-09-12 21:45:00,27.0,88.6,236.3
2019-09-12 22:00:00,27.0,89.7,236.2
2019-09-12 22:15:00,27.0,93.0,236.1
2019-09-12 22:30:00,27.0,94.8,235.9
2019-09-12 22:45:00,27.0,91.1,236.3
2019-09-12 23:00:00,27.0,80.2,235.9
2019-09-12 23:15:00,27.0,76.2,236.1
2019-09-12 23:30:00,27.0,91.7,236.9
2019-09-12 23:45:00,27.0,73.0,236.6
2019-09-13 00:00:00,27.0,74.4,238.0
2019-09-13 00:15:00,27.0,71.8,237.8
2019-09-13 00:30:00,27.0,67.3,238.6
2019-09-13 00:45:00,26.0,72.6,238.9
2019-09-13 01:00:00,26.0,66.6,238.4
2019-09-13 01:15:00,26.0,64.8,239.1
2019-09-13 01:30:00,26.0,55.4,238.7
2019-09-13 01:45:00,26.0,58.3,239.0
2019-09-13 02:00:00,26.0,60.2,240.0
2019-09-13 02:15:00,26.0,59.9,240.2
2019-09-13 02:30:00,26.0,63.8,240.6
2019-09-13 02:45:00,25.0,50.1,240.6
2019-09-13 03:00:00,25.0,62.2,241.5
2019-09-13 03:15:00,26.0,55.5,239.7
2019-09-13 03:30:00,26.0,51.2,240.8
2019-09-13 03:45:00,26.0,57.5,240.6
2019-09-13 04:00:00,26.0,55.5,240.6
2019-09-13 04:15:00,26.0,52.199999999999996,240.55
2019-09-13 04:30:00,26.0,48.9,240.5
2019-09-13 04:45:00,26.0,56.1,240.6
2019-09-13 05:00:00,26.0,47.7,241.6
2019-09-13 05:15:00,26.0,52.35,241.075
2019-09-13 05:30:00,26.0,57.0,240.55
2019-09-13 05:45:00,26.0,61.65,240.025
2019-09-13 06:00:00,26.0,66.3,239.5
2019-09-13 06:15:00,26.0,66.5,239.4
2019-09-13 06:30:00,26.0,52.7,240.0
2019-09-13 06:45:00,26.0,46.9,241.0
2019-09-13 07:00:00,26.0,47.9,239.9
2019-09-13 07:15:00,26.0,59.1,238.7
2019-09-13 07:30:00,26.25925925925926,61.68518518518519,238.43703703703702
2019-09-13 07:45:00,26.51851851851852,64.27037037037037,238.17407407407407
2019-09-13 08:00:00,26.77777777777778,66.85555555555555,237.9111111111111
2019-09-13 08:15:00,27.037037037037038,69.44074074074075,237.64814814814812
2019-09-13 13:00:00,31.962962962962962,118.55925925925928,232.65185185185186
2019-09-13 13:15:00,32.22222222222222,121.14444444444445,232.38888888888889
2019-09-13 13:30:00,32.48148148148148,123.72962962962964,232.1259259259259
2019-09-13 13:45:00,32.74074074074074,126.31481481481484,231.86296296296297
2019-09-13 14:00:00,33.0,128.9,231.6
2019-09-13 14:15:00,34.0,131.6,231.4
2019-09-13 14:30:00,32.0,135.4,231.9
2019-09-13 14:45:00,31.0,128.1,232.5
2019-09-13 15:00:00,31.0,119.8,231.6
2019-09-13 15:15:00,32.0,126.5,232.3
2019-09-13 15:30:00,31.0,131.8,232.7
2019-09-13 15:45:00,30.0,129.9,232.9
2019-09-13 16:00:00,29.0,125.8,233.5
2019-09-13 16:15:00,28.0,129.3,233.1
2019-09-13 16:30:00,28.0,132.2,233.9
2019-09-13 16:45:00,27.0,124.2,233.6
2019-09-13 17:00:00,27.0,130.0,234.6
2019-09-13 17:15:00,27.0,149.7,233.1
2019-09-13 17:30:00,28.0,147.4,231.7
2019-09-13 17:45:00,28.0,139.8,229.8
2019-09-13 18:00:00,28.0,147.9,229.2
2019-09-13 18:15:00,28.0,144.7,229.1
2019-09-13 18:30:00,28.0,142.2,229.8
2019-09-13 18:45:00,27.0,130.8,229.7
2019-09-13 19:00:00,27.0,136.7,230.3
2019-09-13 19:15:00,27.0,143.0,230.6
2019-09-13 19:30:00,27.0,146.5,230.5
2019-09-13 19:45:00,27.0,129.4,230.6
2019-09-13 20:00:00,26.0,126.0,231.8
2019-09-13 20:15:00,27.0,122.4,231.5
2019-09-13 20:30:00,27.0,119.3,232.4
2019-09-13 20:45:00,27.0,116.5,232.5
2019-09-13 21:00:00,27.0,118.7,232.5
2019-09-13 21:15:00,27.0,112.7,231.7
2019-09-13 21:30:00,27.0,87.1,232.3
2019-09-13 21:45:00,27.0,84.7,232.5
2019-09-13 22:00:00,27.0,81.0,233.7
2019-09-13 22:15:00,27.0,84.3,233.6
2019-09-13 22:30:00,27.0,88.6,234.3
2019-09-13 22:45:00,27.0,79.8,234.9
2019-09-13 23:00:00,27.0,80.1,235.6
2019-09-13 23:15:00,27.0,88.2,236.7
2019-09-13 23:30:00,27.0,74.7,236.1
2019-09-13 23:45:00,27.0,74.5,237.0
2019-09-14 00:00:00,27.0,68.55,236.95
2019-09-14 00:15:00,27.0,62.6,236.9
2019-09-14 00:30:00,27.0,68.3,236.7
2019-09-14 00:45:00,27.0,64.5,237.8
2019-09-14 01:00:00,27.0,61.6,237.6
2019-09-14 01:15:00,27.0,63.3,238.5
2019-09-14 01:30:00,27.0,62.5,238.6
2019-09-14 01:45:00,27.0,62.5,238.8
2019-09-14 02:00:00,27.0,65.2,238.6
2019-09-14 02:15:00,27.0,63.6,238.8
2019-09-14 02:30:00,27.0,59.7,239.6
2019-09-14 02:45:00,27.0,54.4,239.6
2019-09-14 03:00:00,27.0,56.6,239.2
2019-09-14 03:15:00,27.0,55.5,240.3
2019-09-14 03:30:00,27.0,46.7,240.2
2019-09-14 03:45:00,27.0,50.2,241.1
2019-09-14 04:00:00,27.0,50.0,240.6
2019-09-14 04:15:00,26.0,58.6,240.2
2019-09-14 04:30:00,26.0,55.5,240.2
2019-09-14 04:45:00,27.0,50.6,240.7
2019-09-14 05:00:00,27.0,49.7,241.8
2019-09-14 05:15:00,27.0,45.6,242.2
2019-09-14 05:30:00,27.0,49.2,242.7
2019-09-14 05:45:00,27.0,49.4,243.0
2019-09-14 06:00:00,27.0,46.4,243.1
2019-09-14 06:15:00,27.0,49.5,242.1
2019-09-14 06:30:00,27.0,42.3,241.0
2019-09-14 06:45:00,27.0,40.5,241.4
2019-09-14 07:00:00,27.0,39.7,240.5
2019-09-14 07:15:00,28.0,41.3,239.4
2019-09-14 07:30:00,29.0,45.0,239.2
2019-09-14 07:45:00,29.0,41.9,238.8
2019-09-14 08:00:00,29.0,53.0,238.2
2019-09-14 08:15:00,30.0,54.1,237.9
2019-09-14 08:30:00,30.0,56.9,237.2
2019-09-14 08:45:00,30.0,56.5,238.2
2019-09-14 09:00:00,30.0,58.1,238.3
2019-09-14 09:15:00,31.0,69.5,230.4
2019-09-14 09:30:00,31.0,89.1,218.5
2019-09-14 09:45:00,31.0,70.7,219.1
2019-09-14 10:00:00,32.0,61.4,222.3
2019-09-14 10:15:00,32.0,67.4,223.5
2019-09-14 10:30:00,32.0,101.7,222.5
2019-09-14 10:45:00,33.0,91.19999999999999,230.8
2019-09-14 11:00:00,33.0,120.4,238.5
2019-09-14 11:15:00,34.0,108.3,238.6
2019-09-14 11:30:00,34.0,107.8,238.3
2019-09-14 11:45:00,35.0,118.2,237.0
2019-09-14 12:00:00,36.0,120.7,234.9
2019-09-14 12:15:00,37.0,135.3,233.4
2019-09-14 12:30:00,36.0,129.5,233.5
2019-09-14 12:45:00,36.0,127.3,232.8
2019-09-14 13:00:00,36.0,138.5,232.8
2019-09-14 13:15:00,35.0,143.5,232.5
2019-09-14 13:30:00,34.0,159.1,232.7
2019-09-14 13:45:00,34.0,128.7,233.7
2019-09-14 14:00:00,34.0,144.4,232.6
2019-09-14 14:15:00,33.0,130.9,231.7
2019-09-14 14:30:00,36.0,133.9,231.8
2019-09-14 14:45:00,36.0,152.2,232.0
2019-09-14 15:00:00,35.0,153.2,231.2
2019-09-14 15:15:00,34.0,133.9,231.7
2019-09-14 15:30:00,33.0,150.2,233.1
2019-09-14 15:45:00,33.0,138.8,233.2
2019-09-14 16:00:00,32.0,158.2,234.3
2019-09-14 16:15:00,32.0,139.7,234.6
2019-09-14 16:30:00,32.0,128.8,235.8
2019-09-14 16:45:00,32.0,134.3,231.1
2019-09-14 17:00:00,31.0,107.25,230.1
2019-09-14 17:15:00,31.0,152.9,220.0
2019-09-14 17:30:00,31.0,155.4,216.6
2019-09-14 17:45:00,31.0,110.0,225.8
2019-09-14 18:00:00,30.0,166.0,226.1
2019-09-14 18:15:00,30.0,157.5,227.5
2019-09-14 18:30:00,30.0,147.6,227.3
2019-09-14 18:45:00,30.0,151.8,226.5
2019-09-14 19:00:00,30.0,165.7,228.6
2019-09-14 19:15:00,30.0,164.5,227.6
2019-09-14 19:30:00,29.0,156.0,227.4
2019-09-14 19:45:00,29.0,143.1,228.3
2019-09-14 20:00:00,29.0,146.6,228.7
2019-09-14 20:15:00,29.0,127.2,229.3
2019-09-14 20:30:00,29.0,139.5,228.8
2019-09-14 20:45:00,29.0,138.7,229.3
2019-09-14 21:00:00,29.0,115.5,229.6
2019-09-14 21:15:00,29.0,108.4,230.9
2019-09-14 21:30:00,29.0,99.3,230.9
2019-09-14 21:45:00,28.0,95.0,231.1
2019-09-14 22:00:00,28.0,85.6,231.7
2019-09-14 22:15:00,28.0,95.6,233.0
2019-09-14 22:30:00,28.0,106.6,232.6
2019-09-14 22:45:00,28.0,101.9,232.0
2019-09-14 23:00:00,28.0,93.2,231.5
2019-09-14 23:15:00,28.0,93.6,232.5
2019-09-14 23:30:00,28.0,73.4,233.0
2019-09-14 23:45:00,28.0,79.1,233.6
2019-09-15 00:00:00,28.0,88.4,234.6
2019-09-15 00:15:00,27.0,75.4,234.2
2019-09-15 00:30:00,27.0,75.7,235.4
2019-09-15 00:45:00,27.0,79.9,234.9
2019-09-15 01:00:00,27.0,80.6,235.7
2019-09-15 01:15:00,27.0,70.8,235.9
2019-09-15 01:30:00,27.0,81.8,235.4
2019-09-15 01:45:00,27.0,73.9,235.8
2019-09-15 02:00:00,27.0,75.1,235.9
2019-09-15 02:15:00,27.0,67.3,236.1
2019-09-15 02:30:00,27.0,60.5,236.9
2019-09-15 02:45:00,27.0,58.9,236.7
2019-09-15 03:00:00,27.0,55.2,237.2
2019-09-15 03:15:00,27.0,55.7,238.0
2019-09-15 03:30:00,27.0,58.6,238.2
2019-09-15 03:45:00,27.0,59.6,238.3
2019-09-15 04:00:00,27.0,45.2,238.1
2019-09-15 04:15:00,27.0,49.3,238.7
2019-09-15 04:30:00,27.0,53.7,238.4
2019-09-15 04:45:00,27.0,55.0,238.7
2019-09-15 05:00:00,27.0,48.6,239.2
2019-09-15 05:15:00,27.0,53.8,239.9
2019-09-15 05:30:00,27.0,50.9,240.8
2019-09-15 05:45:00,27.0,53.5,240.6
2019-09-15 06:00:00,27.0,61.6,240.0
2019-09-15 06:15:00,27.0,51.9,239.6
2019-09-15 06:30:00,28.0,49.6,239.1
2019-09-15 06:45:00,28.0,55.8,239.8
2019-09-15 07:00:00,28.0,45.8,238.9
2019-09-15 07:15:00,29.0,42.0,238.7
2019-09-15 07:30:00,29.0,46.6,237.4
2019-09-15 07:45:00,29.0,42.7,237.2
2019-09-15 08:00:00,29.0,55.6,237.5
2019-09-15 08:15:00,29.0,54.5,236.9
2019-09-15 08:30:00,30.0,56.5,236.6
2019-09-15 08:45:00,31.0,53.9,235.8
2019-09-15 09:00:00,31.0,69.6,236.5
2019-09-15 09:15:00,31.0,88.0,235.3
2019-09-15 09:30:00,32.0,99.8,233.3
2019-09-15 09:45:00,32.0,77.6,235.3
2019-09-15 10:00:00,33.0,72.2,232.8
2019-09-15 10:15:00,33.0,67.7,233.5
2019-09-15 10:30:00,34.0,77.2,232.2
2019-09-15 10:45:00,34.0,78.7,232.6
2019-09-15 11:00:00,34.0,65.3,231.1
2019-09-15 11:15:00,34.0,79.9,231.0
2019-09-15 11:30:00,35.0,89.1,231.5
2019-09-15 11:45:00,36.0,87.1,230.9
2019-09-15 12:00:00,37.0,108.8,228.3
2019-09-15 12:15:00,38.0,113.3,227.6
2019-09-15 12:30:00,36.0,116.4,228.0
2019-09-15 12:45:00,41.0,110.8,228.6
2019-09-15 13:00:00,41.0,119.8,227.3
2019-09-15 13:15:00,38.0,114.0,226.9
2019-09-15 13:30:00,38.0,101.0,227.6
2019-09-15 13:45:00,40.0,128.4,225.6
2019-09-15 14:00:00,40.0,125.4,225.7
2019-09-15 14:15:00,41.0,127.0,225.8
2019-09-15 14:30:00,41.0,118.8,225.5
2019-09-15 14:45:00,37.0,114.0,227.2
2019-09-15 15:00:00,37.0,105.6,226.9
2019-09-15 15:15:00,36.0,95.3,227.5
2019-09-15 15:30:00,36.0,90.2,226.9
2019-09-15 15:45:00,35.0,92.1,227.5
2019-09-15 16:00:00,35.0,110.0,227.0
2019-09-15 16:15:00,34.0,127.6,228.2
2019-09-15 16:30:00,34.0,110.6,228.8
2019-09-15 16:45:00,34.0,100.6,229.9
2019-09-15 17:00:00,33.0,94.4,230.4
2019-09-15 17:15:00,33.0,97.1,230.7
2019-09-15 17:30:00,33.0,131.2,229.3
2019-09-15 17:45:00,32.0,123.4,226.0
2019-09-15 18:00:00,32.0,111.6,224.0
2019-09-15 18:15:00,32.0,120.7,222.8
2019-09-15 18:30:00,32.0,117.8,222.5
2019-09-15 18:45:00,31.0,134.7,223.4
2019-09-15 19:00:00,31.0,139.8,223.6
2019-09-15 19:15:00,31.0,130.1,224.7
2019-09-15 19:30:00,31.0,122.9,224.7
2019-09-15 19:45:00,31.0,129.1,225.7
2019-09-15 20:00:00,31.0,115.5,225.5
2019-09-15 20:15:00,30.0,107.9,225.4
2019-09-15 20:30:00,30.0,91.4,225.9
2019-09-15 20:45:00,30.0,82.4,225.5
2019-09-15 21:00:00,30.0,84.8,225.7
2019-09-15 21:15:00,30.0,83.9,226.8
2019-09-15 21:30:00,30.0,96.5,227.2
2019-09-15 21:45:00,30.0,91.5,227.7
2019-09-15 22:00:00,30.0,90.7,228.6
2019-09-15 22:15:00,29.0,108.3,227.9
2019-09-15 22:30:00,29.0,109.1,228.5
2019-09-15 22:45:00,29.0,104.2,228.4
2019-09-15 23:00:00,29.0,118.7,229.2
2019-09-15 23:15:00,29.0,107.9,229.9
2019-09-15 23:30:00,29.0,111.5,229.6
2019-09-15 23:45:00,29.0,106.1,230.6
2019-09-16 00:00:00,29.0,97.5,232.0
2019-09-16 00:15:00,29.0,112.1,232.6
2019-09-16 00:30:00,29.0,108.4,232.8
2019-09-16 00:45:00,29.0,97.3,234.2
2019-09-16 01:00:00,28.0,97.8,234.3
2019-09-16 01:15:00,28.0,96.6,234.7
2019-09-16 01:30:00,28.0,96.2,234.2
2019-09-16 01:45:00,28.0,97.9,234.0
2019-09-16 02:00:00,28.0,86.1,234.8
2019-09-16 02:15:00,28.0,75.3,235.6
2019-09-16 02:30:00,28.0,92.9,234.9
2019-09-16 02:45:00,28.0,84.2,236.0
2019-09-16 03:00:00,28.0,86.3,235.9
2019-09-16 03:15:00,28.0,83.5,236.0
2019-09-16 03:30:00,28.0,71.7,236.7
2019-09-16 03:45:00,28.0,84.1,235.7
2019-09-16 04:00:00,28.0,82.6,236.3
2019-09-16 04:15:00,28.0,53.8,237.0
2019-09-16 04:30:00,28.0,62.4,237.3
2019-09-16 04:45:00,28.0,52.8,237.1
2019-09-16 05:00:00,28.0,80.2,238.4
2019-09-16 05:15:00,28.0,74.9,238.6
2019-09-16 05:30:00,28.0,53.5,239.8
2019-09-16 05:45:00,28.0,57.4,239.3
2019-09-16 06:00:00,28.0,54.8,239.9
2019-09-16 06:15:00,29.0,49.9,238.1
2019-09-16 06:30:00,29.0,62.0,238.6
2019-09-16 06:45:00,29.0,48.0,238.2
2019-09-16 07:00:00,29.0,47.8,237.3
2019-09-16 07:15:00,30.0,52.2,236.1
2019-09-16 07:30:00,30.0,50.6,234.8
2019-09-16 07:45:00,31.0,47.5,234.8
2019-09-16 08:00:00,31.0,50.0,234.7
2019-09-16 08:15:00,31.0,72.5,232.8
2019-09-16 08:30:00,32.0,68.4,233.5
2019-09-16 08:45:00,32.0,67.0,232.3
2019-09-16 09:00:00,33.0,68.8,231.7
2019-09-16 09:15:00,32.0,76.9,231.7
2019-09-16 09:30:00,32.0,73.5,231.3
2019-09-16 09:45:00,33.0,77.4,232.9
2019-09-16 10:00:00,33.0,71.5,233.3
2019-09-16 10:15:00,34.0,103.0,230.7
2019-09-16 10:30:00,34.0,120.6,229.3
2019-09-16 10:45:00,35.0,143.7,228.5
2019-09-16 11:00:00,36.0,144.2,229.1
2019-09-16 11:15:00,37.0,143.1,228.8
2019-09-16 11:30:00,37.0,155.2,227.7
2019-09-16 11:45:00,37.0,151.1,227.8
2019-09-16 12:00:00,37.0,148.1,227.8
2019-09-16 12:15:00,39.0,143.4,227.9
2019-09-16 12:30:00,35.0,145.1,228.5
2019-09-16 12:45:00,39.0,149.7,229.2
2019-09-16 13:00:00,36.0,174.5,228.2
2019-09-16 13:15:00,37.0,143.5,226.7
2019-09-16 13:30:00,38.0,145.7,227.1
2019-09-16 13:45:00,36.0,146.7,226.2
2019-09-16 14:00:00,35.0,162.6,227.0
2019-09-16 14:15:00,35.0,151.2,227.5
2019-09-16 14:30:00,34.0,157.8,227.3
2019-09-16 14:45:00,33.0,166.9,226.5
2019-09-16 15:00:00,33.0,152.0,228.2
2019-09-16 15:15:00,32.0,146.8,228.0
2019-09-16 15:30:00,32.0,147.0,227.6
2019-09-16 15:45:00,31.0,152.5,227.9
2019-09-16 16:00:00,31.0,150.4,227.8
2019-09-16 16:15:00,30.0,161.6,227.1
2019-09-16 16:30:00,30.0,166.4,225.2
2019-09-16 16:45:00,30.0,165.0,225.2
2019-09-16 17:00:00,30.0,161.5,226.4
2019-09-16 17:15:00,30.0,188.2,226.3
2019-09-16 17:30:00,30.0,172.5,225.9
2019-09-16 17:45:00,30.0,195.8,221.1
2019-09-16 18:00:00,30.0,206.5,223.1
2019-09-16 18:15:00,29.0,206.3,223.1
2019-09-16 18:30:00,29.0,218.5,223.2
2019-09-16 18:45:00,29.0,193.1,223.7
2019-09-16 19:00:00,29.0,176.1,224.2
2019-09-16 19:15:00,29.0,170.8,224.7
2019-09-16 19:30:00,29.0,169.3,224.8
2019-09-16 19:45:00,29.0,163.7,224.5
2019-09-16 20:00:00,29.0,158.8,225.6
2019-09-16 20:15:00,29.0,186.9,225.1
2019-09-16 20:30:00,29.0,177.6,225.5
2019-09-16 20:45:00,29.0,165.6,225.1
2019-09-16 21:00:00,29.0,133.4,225.9
2019-09-16 21:15:00,29.0,122.2,226.7
2019-09-16 21:30:00,29.0,125.9,227.1
2019-09-16 21:45:00,29.0,112.1,228.2
2019-09-16 22:00:00,29.0,108.4,228.3
2019-09-16 22:15:00,29.0,109.8,228.8
2019-09-16 22:30:00,28.0,103.1,229.4
2019-09-16 22:45:00,28.0,108.0,229.2
2019-09-16 23:00:00,28.0,99.2,230.1
2019-09-16 23:15:00,28.0,93.8,230.2
2019-09-16 23:30:00,28.0,94.1,230.3
2019-09-16 23:45:00,28.0,96.1,231.1
2019-09-17 00:00:00,28.0,99.9,231.5
2019-09-17 00:15:00,28.0,89.2,232.3
2019-09-17 00:30:00,28.0,91.1,233.0
2019-09-17 00:45:00,28.0,98.4,233.8
2019-09-17 01:00:00,28.0,78.1,234.7
2019-09-17 01:15:00,28.0,90.5,234.9
2019-09-17 01:30:00,28.0,86.1,235.3
2019-09-17 01:45:00,28.0,84.0,236.1
2019-09-17 02:00:00,28.0,78.0,235.3
2019-09-17 02:15:00,28.0,73.0,236.0
2019-09-17 02:30:00,28.0,67.4,235.7
2019-09-17 02:45:00,28.0,72.9,236.2
2019-09-17 03:00:00,28.0,73.4,237.6
2019-09-17 03:15:00,27.0,81.2,237.3
2019-09-17 03:30:00,27.0,86.4,237.2
2019-09-17 03:45:00,27.0,74.1,236.9
2019-09-17 04:00:00,27.0,83.1,237.2
2019-09-17 04:15:00,27.0,71.2,238.0
2019-09-17 04:30:00,27.0,52.3,237.9
2019-09-17 04:45:00,27.0,56.3,238.0
2019-09-17 05:00:00,27.0,71.8,238.8
2019-09-17 05:15:00,27.0,35.8,240.6
2019-09-17 05:30:00,27.0,65.7,240.2
2019-09-17 05:45:00,27.0,58.6,240.6
2019-09-17 06:00:00,27.0,74.6,240.8
2019-09-17 06:15:00,28.0,54.0,240.1
2019-09-17 06:30:00,28.0,61.2,240.0
2019-09-17 06:45:00,28.0,60.9,239.2
2019-09-17 07:00:00,29.0,55.2,239.2
2019-09-17 07:15:00,29.0,60.5,237.9
2019-09-17 07:30:00,30.0,59.8,236.8
2019-09-17 07:45:00,30.0,66.9,236.4
2019-09-17 08:00:00,30.0,60.0,236.3
2019-09-17 08:15:00,31.0,59.0,233.9
2019-09-17 08:30:00,31.0,70.5,234.5
2019-09-17 08:45:00,31.0,76.0,233.7
2019-09-17 09:00:00,32.0,93.7,233.5
2019-09-17 09:15:00,33.0,76.6,232.8
2019-09-17 09:30:00,33.0,81.5,232.6
2019-09-17 09:45:00,33.0,95.5,231.6
2019-09-17 10:00:00,33.0,98.6,230.5
2019-09-17 10:15:00,34.0,98.0,230.1
2019-09-17 10:30:00,34.0,101.4,229.3
2019-09-17 10:45:00,34.0,131.6,229.1
2019-09-17 11:00:00,36.0,142.1,223.9
2019-09-17 11:15:00,36.0,157.1,225.2
2019-09-17 11:30:00,38.0,137.2,227.8
2019-09-17 11:45:00,35.0,138.4,227.1
2019-09-17 12:00:00,35.0,154.5,225.5
2019-09-17 12:15:00,34.0,148.1,227.0
2019-09-17 12:30:00,34.0,157.5,226.4
2019-09-17 12:45:00,34.0,154.0,226.4
2019-09-17 13:00:00,37.0,160.7,226.3
2019-09-17 13:15:00,35.0,161.9,226.3
2019-09-17 13:30:00,33.0,153.8,226.6
2019-09-17 13:45:00,28.0,101.4,229.0
2019-09-17 14:00:00,28.0,143.1,227.9
2019-09-17 14:15:00,29.0,131.9,228.5
2019-09-17 14:30:00,31.0,151.1,225.5
2019-09-17 14:45:00,32.0,144.8,225.1
2019-09-17 15:00:00,32.0,146.4,225.5
2019-09-17 15:15:00,33.0,151.2,225.7
2019-09-17 15:30:00,33.0,150.8,225.0
2019-09-17 15:45:00,33.0,147.3,225.6
2019-09-17 16:00:00,33.0,143.7,224.3
2019-09-17 16:15:00,33.0,170.6,225.0
2019-09-17 16:30:00,33.0,168.6,226.0
2019-09-17 16:45:00,33.0,152.7,226.8
2019-09-17 17:00:00,32.0,164.4,227.2
2019-09-17 17:15:00,32.0,154.3,226.1
2019-09-17 17:30:00,31.5,185.6,223.45
2019-09-17 17:45:00,31.0,216.9,220.8
2019-09-17 18:00:00,31.0,224.0,220.4
2019-09-17 18:15:00,31.0,224.1,220.2
2019-09-17 18:30:00,31.0,201.1,220.6
2019-09-17 18:45:00,30.0,196.3,221.2
2019-09-17 19:00:00,30.0,198.2,221.8
2019-09-17 19:15:00,30.0,177.9,221.8
2019-09-17 19:30:00,30.0,165.0,221.7
2019-09-17 19:45:00,29.0,146.2,222.7
2019-09-17 20:00:00,29.0,142.7,223.3
2019-09-17 20:15:00,29.0,130.1,224.1
2019-09-17 20:30:00,29.0,137.2,224.2
2019-09-17 20:45:00,29.0,144.3,224.3
2019-09-17 21:00:00,29.0,133.5,224.9
2019-09-17 21:15:00,29.0,105.8,225.7
2019-09-17 21:30:00,29.0,112.0,226.7
2019-09-17 21:45:00,29.0,119.6,226.1
2019-09-17 22:00:00,28.5,117.85,227.2
2019-09-17 22:15:00,28.0,116.1,228.3
2019-09-17 22:30:00,29.0,94.8,228.3
2019-09-17 22:45:00,28.0,101.5,228.9
2019-09-17 23:00:00,28.0,96.4,228.9
2019-09-17 23:15:00,28.0,98.6,230.0
2019-09-17 23:30:00,28.0,110.8,229.6
2019-09-17 23:45:00,28.0,103.8,230.8
2019-09-18 00:00:00,28.0,93.2,230.5
2019-09-18 00:15:00,28.0,94.6,231.9
2019-09-18 00:30:00,28.0,93.4,232.6
2019-09-18 00:45:00,28.0,84.7,233.0
2019-09-18 01:00:00,28.0,87.7,233.3
2019-09-18 01:15:00,28.0,72.6,233.6
2019-09-18 01:30:00,28.0,46.2,236.0
2019-09-18 01:45:00,28.0,77.5,234.6
2019-09-18 02:00:00,28.0,60.2,234.9
2019-09-18 02:15:00,28.0,71.7,234.7
2019-09-18 02:30:00,27.0,68.8,235.5
2019-09-18 02:45:00,27.0,70.6,235.4
2019-09-18 03:00:00,27.0,70.0,236.0
2019-09-18 03:15:00,27.0,59.2,235.7
2019-09-18 03:30:00,27.0,73.8,235.6
2019-09-18 03:45:00,27.0,60.5,236.0
2019-09-18 04:00:00,27.0,63.0,235.5
2019-09-18 04:15:00,27.0,71.4,236.0
2019-09-18 04:30:00,27.0,63.1,236.5
2019-09-18 04:45:00,27.0,69.2,236.9
2019-09-18 05:00:00,27.0,56.5,237.7
2019-09-18 05:15:00,27.0,62.8,237.6
2019-09-18 05:30:00,27.0,58.2,238.1
2019-09-18 05:45:00,27.0,55.85,238.14999999999998
2019-09-18 06:00:00,27.0,53.5,238.2
2019-09-18 06:15:00,27.0,51.5,238.0
2019-09-18 06:30:00,27.0,60.4,237.7
2019-09-18 06:45:00,25.0,57.8,238.1
2019-09-18 07:00:00,25.0,57.6,238.3
2019-09-18 07:15:00,25.0,48.3,237.8
2019-09-18 07:30:00,26.0,53.2,236.5
2019-09-18 07:45:00,27.0,49.4,237.6
2019-09-18 08:00:00,27.0,54.1,236.8
2019-09-18 08:15:00,28.0,81.5,235.8
2019-09-18 08:30:00,29.0,62.4,235.2
2019-09-18 08:45:00,29.0,58.1,234.4
2019-09-18 09:00:00,30.0,70.6,233.6
2019-09-18 09:15:00,31.0,61.8,233.8
2019-09-18 09:30:00,32.0,70.7,233.2
2019-09-18 09:45:00,32.0,72.9,233.1
2019-09-18 10:00:00,33.0,85.1,232.3
2019-09-18 10:15:00,33.0,95.8,230.6
2019-09-18 10:30:00,34.0,109.2,230.0
2019-09-18 10:45:00,35.0,114.2,230.9
2019-09-18 11:00:00,35.0,131.2,230.0
2019-09-18 11:15:00,36.0,159.4,230.2
2019-09-18 11:30:00,35.5,155.75,229.75
2019-09-18 11:45:00,35.0,152.1,229.3
2019-09-18 12:00:00,36.0,144.3,228.9
2019-09-18 12:15:00,40.0,146.5,228.4
2019-09-18 12:30:00,39.0,158.9,227.5
2019-09-18 12:45:00,36.0,144.3,228.3
2019-09-18 13:00:00,37.0,140.7,227.1
2019-09-18 13:15:00,36.0,151.7,227.4
2019-09-18 13:30:00,39.0,162.2,226.5
2019-09-18 13:45:00,41.0,140.4,226.7
2019-09-18 14:00:00,38.0,153.4,226.7
2019-09-18 14:15:00,36.0,150.15,226.35
2019-09-18 14:30:00,34.0,146.9,226.0
2019-09-18 14:45:00,36.0,148.2,226.7
2019-09-18 15:00:00,37.0,141.9,227.8
2019-09-18 15:15:00,35.0,165.6,226.9
2019-09-18 15:30:00,35.0,153.0,227.7
2019-09-18 15:45:00,35.0,154.1,227.6
2019-09-18 16:00:00,35.0,158.0,227.4
2019-09-18 16:15:00,34.0,152.3,228.5
2019-09-18 16:30:00,34.0,152.0,228.1
2019-09-18 16:45:00,34.0,159.0,228.8
2019-09-18 17:00:00,34.0,161.9,227.4
2019-09-18 17:15:00,33.0,152.6,228.0
2019-09-18 17:30:00,33.0,154.5,227.6
2019-09-18 17:45:00,32.0,151.1,222.3
2019-09-18 18:00:00,32.0,170.1,220.8
2019-09-18 18:15:00,32.0,168.64999999999998,221.25
2019-09-18 18:30:00,32.0,167.2,221.7
2019-09-18 18:45:00,32.0,178.8,221.8
2019-09-18 19:00:00,32.0,181.0,221.8
2019-09-18 19:15:00,31.0,168.7,222.6
2019-09-18 19:30:00,31.0,142.3,223.5
2019-09-18 19:45:00,31.0,146.9,223.5
2019-09-18 20:00:00,31.0,149.8,223.8
2019-09-18 20:15:00,31.0,121.5,225.0
2019-09-18 20:30:00,31.0,118.6,224.9
2019-09-18 20:45:00,30.0,96.8,225.7
2019-09-18 21:00:00,30.0,91.8,225.7
2019-09-18 21:15:00,30.0,92.7,226.1
2019-09-18 21:30:00,30.0,91.9,226.2
2019-09-18 21:45:00,30.0,110.1,226.2
2019-09-18 22:00:00,29.0,98.0,227.8
2019-09-18 22:15:00,29.0,109.8,227.6
2019-09-18 22:30:00,29.0,117.4,228.4
2019-09-18 22:45:00,29.0,97.6,228.3
2019-09-18 23:00:00,29.0,115.8,229.8
2019-09-18 23:15:00,29.0,93.2,229.8
2019-09-18 23:30:00,29.0,102.9,230.1
2019-09-18 23:45:00,29.0,87.6,230.8
2019-09-19 00:00:00,29.0,88.8,231.0
2019-09-19 00:15:00,29.008253094910593,88.85625859697386,231.00302613480056
2019-09-19 00:30:00,29.016506189821182,88.91251719394772,231.0060522696011
2019-09-19 00:45:00,29.024759284731775,88.9687757909216,231.00907840440166
2019-09-19 01:00:00,29.033012379642365,89.02503438789546,231.0121045392022
2019-09-26 12:45:00,34.966987620357635,129.47496561210454,233.1878954607978
2019-09-26 13:00:00,34.97524071526823,129.5312242090784,233.19092159559833
2019-09-26 13:15:00,34.983493810178814,129.58748280605226,233.1939477303989
2019-09-26 13:30:00,34.99174690508941,129.64374140302613,233.19697386519942
2019-09-26 13:45:00,35.0,129.7,233.2
2019-09-26 14:00:00,34.0,135.2,232.8
2019-09-26 14:15:00,34.0,135.1,232.5
2019-09-26 14:30:00,34.0,139.5,231.9
2019-09-26 14:45:00,33.0,133.1,232.6
2019-09-26 15:00:00,33.0,145.1,229.5
2019-09-26 15:15:00,33.0,140.4,230.2
2019-09-26 15:30:00,32.0,135.4,231.0
2019-09-26 15:45:00,32.0,128.5,231.9
2019-09-26 16:00:00,32.0,137.1,230.9
2019-09-26 16:15:00,32.0,137.0,231.7
2019-09-26 16:30:00,31.0,91.6,235.1
2019-09-26 16:45:00,31.0,135.5,228.0
2019-09-26 17:00:00,31.0,150.1,227.0
2019-09-26 17:15:00,30.0,158.9,222.9
2019-09-26 17:30:00,30.0,176.4,219.4
2019-09-26 17:45:00,30.0,149.0,221.0
2019-09-26 18:00:00,30.0,202.2,213.8
2019-09-26 18:15:00,29.0,163.3,217.5
2019-09-26 18:30:00,29.0,173.9,217.3
2019-09-26 18:45:00,29.0,173.6,217.2
2019-09-26 19:00:00,29.0,166.6,218.3
2019-09-26 19:15:00,29.0,177.0,218.5
2019-09-26 19:30:00,29.0,178.5,219.3
2019-09-26 19:45:00,28.0,166.6,218.7
2019-09-26 20:00:00,28.0,165.3,219.3
2019-09-26 20:15:00,28.0,166.9,219.6
2019-09-26 20:30:00,28.0,165.5,220.0
2019-09-26 20:45:00,28.0,155.4,220.7
2019-09-26 21:00:00,28.0,143.6,221.5
2019-09-26 21:15:00,28.0,129.5,222.6
2019-09-26 21:30:00,28.0,110.3,224.2
2019-09-26 21:45:00,28.0,98.3,224.8
2019-09-26 22:00:00,27.0,77.8,226.2
2019-09-26 22:15:00,27.0,89.8,225.8
2019-09-26 22:30:00,27.0,103.2,226.4
2019-09-26 22:45:00,27.0,99.6,227.8
2019-09-26 23:00:00,27.0,96.5,227.5
2019-09-26 23:15:00,27.0,93.1,225.8
2019-09-26 23:30:00,27.0,87.8,228.3
2019-09-26 23:45:00,27.0,86.0,229.3
2019-09-27 00:00:00,27.0,94.5,229.4
2019-09-27 00:15:00,27.0,89.6,230.8
2019-09-27 00:30:00,27.0,81.4,231.4
2019-09-27 00:45:00,27.0,78.1,232.1
2019-09-27 01:00:00,27.0,69.6,233.0
2019-09-27 01:15:00,27.0,71.6,233.6
2019-09-27 01:30:00,27.0,64.8,234.3
2019-09-27 01:45:00,27.0,69.6,234.1
2019-09-27 02:00:00,27.0,67.2,234.2
2019-09-27 02:15:00,27.0,67.5,234.3
2019-09-27 02:30:00,27.0,78.7,234.1
2019-09-27 02:45:00,27.0,63.3,235.1
2019-09-27 03:00:00,27.0,58.1,235.6
2019-09-27 03:15:00,27.0,66.4,235.1
2019-09-27 03:30:00,27.0,82.2,234.7
2019-09-27 03:45:00,27.0,52.6,236.0
2019-09-27 04:00:00,26.0,50.4,235.9
2019-09-27 04:15:00,27.0,61.4,235.9
2019-09-27 04:30:00,27.0,50.3,236.1
2019-09-27 04:45:00,27.0,55.5,236.6
2019-09-27 05:00:00,26.0,47.1,236.8
2019-09-27 05:15:00,26.5,50.25,238.39999999999998
2019-09-27 05:30:00,26.0,61.8,237.4
2019-09-27 05:45:00,26.0,47.6,239.2
2019-09-27 06:00:00,27.0,46.1,242.8
2019-09-27 06:15:00,27.0,54.2,241.5
2019-09-27 06:30:00,27.0,42.3,241.8
2019-09-27 06:45:00,28.0,41.6,242.0
2019-09-27 07:00:00,28.0,50.7,240.7
2019-09-27 07:15:00,28.0,55.1,239.5
2019-09-27 07:30:00,29.0,57.2,239.3
2019-09-27 07:45:00,29.0,53.7,239.0
2019-09-27 08:00:00,29.0,62.2,238.2
2019-09-27 08:15:00,30.0,56.8,237.4
2019-09-27 08:30:00,30.0,62.4,237.2
2019-09-27 08:45:00,30.0,58.8,236.6
2019-09-27 09:00:00,31.0,66.2,236.5
2019-09-27 09:15:00,31.0,75.5,236.2
2019-09-27 09:30:00,32.0,68.6,236.6
2019-09-27 09:45:00,32.0,63.5,237.3
2019-09-27 10:00:00,32.0,85.8,235.4
2019-09-27 10:15:00,33.0,78.7,233.9
2019-09-27 10:30:00,33.0,81.8,233.4
2019-09-27 10:45:00,32.0,91.5,233.0
2019-09-27 11:00:00,31.0,115.5,232.5
2019-09-27 11:15:00,32.0,117.9,232.9
2019-09-27 11:30:00,34.0,127.0,232.0
2019-09-27 11:45:00,34.0,129.14285714285714,229.6
2019-09-27 12:00:00,34.0,131.28571428571428,227.2
2019-09-27 12:15:00,34.0,133.42857142857142,224.79999999999998
2019-09-27 12:30:00,34.0,135.57142857142858,222.4
2019-09-27 12:45:00,34.0,137.71428571428572,220.0
2019-09-27 13:00:00,34.0,139.85714285714286,217.6
2019-09-27 13:15:00,34.0,142.0,215.2
2019-09-27 13:30:00,33.0,193.7,211.8
2019-09-27 13:45:00,33.0,183.9,212.7
2019-09-27 14:00:00,30.0,157.9,203.4
2019-09-27 14:15:00,30.0,190.4,201.0
2019-09-27 14:30:00,30.0,151.5,205.4
2019-09-27 14:45:00,30.0,149.5,208.0
2019-09-27 15:00:00,30.0,164.1,203.8
2019-09-27 15:15:00,30.0,143.8,205.3
2019-09-27 15:30:00,29.0,159.8,210.3
2019-09-27 15:45:00,29.0,164.8,209.8
2019-09-27 16:00:00,29.0,163.3,212.3
2019-09-27 16:15:00,29.0,147.0,213.2
2019-09-27 16:30:00,28.5,124.5,222.35000000000002
2019-09-27 16:45:00,28.0,137.5,227.1
2019-09-27 17:00:00,28.0,136.5,226.0
2019-09-27 17:15:00,28.0,143.0,224.9
2019-09-27 17:30:00,28.0,159.0,220.3
2019-09-27 17:45:00,28.0,165.7,217.6
2019-09-27 18:00:00,28.0,169.7,217.5
2019-09-27 18:15:00,28.0,163.9,219.4
2019-09-27 18:30:00,28.0,175.2,219.3
2019-09-27 18:45:00,28.0,152.9,219.8
2019-09-27 19:00:00,28.0,155.9,220.2
2019-09-27 19:15:00,28.0,157.4,219.5
2019-09-27 19:30:00,28.0,154.8,219.5
2019-09-27 19:45:00,28.0,142.9,220.8
2019-09-27 20:00:00,28.0,180.7,219.6
2019-09-27 20:15:00,28.0,156.4,220.5
2019-09-27 20:30:00,28.0,147.5,220.5
2019-09-27 20:45:00,28.0,150.6,221.0
2019-09-27 21:00:00,28.0,145.9,221.5
2019-09-27 21:15:00,27.0,133.0,221.3
2019-09-27 21:30:00,27.0,132.7,222.4
2019-09-27 21:45:00,27.0,113.8,223.8
2019-09-27 22:00:00,27.0,98.8,224.1
2019-09-27 22:15:00,27.0,85.3,225.0
2019-09-27 22:30:00,27.0,99.1,225.1
2019-09-27 22:45:00,26.0,85.9,226.5
2019-09-27 23:00:00,26.0,89.4,227.0
2019-09-27 23:15:00,26.0,87.6,226.9
2019-09-27 23:30:00,26.0,99.3,227.8
2019-09-27 23:45:00,26.0,100.5,228.5
2019-09-28 00:00:00,26.0,78.8,229.3
2019-09-28 00:15:00,26.0,82.3,230.7
2019-09-28 00:30:00,26.0,65.2,231.4
2019-09-28 00:45:00,26.0,72.2,229.9
2019-09-28 01:00:00,26.0,75.3,230.7
2019-09-28 01:15:00,26.0,65.5,231.1
2019-09-28 01:30:00,26.0,67.6,231.7
2019-09-28 01:45:00,26.0,60.3,232.7
2019-09-28 02:00:00,26.0,65.2,232.7
2019-09-28 02:15:00,25.0,65.1,233.3
2019-09-28 02:30:00,25.0,65.8,233.1
2019-09-28 02:45:00,25.0,54.5,233.8
2019-09-28 03:00:00,25.0,56.9,234.3
2019-09-28 03:15:00,25.0,47.7,234.7
2019-09-28 03:30:00,25.0,50.3,234.6
2019-09-28 03:45:00,25.0,59.1,235.1
2019-09-28 04:00:00,26.0,50.6,235.1
2019-09-28 04:15:00,26.0,49.7,235.5
2019-09-28 04:30:00,25.0,53.0,235.0
2019-09-28 04:45:00,25.0,51.3,234.8
2019-09-28 05:00:00,25.0,56.0,235.3
2019-09-28 05:15:00,26.0,64.4,236.2
2019-09-28 05:30:00,26.0,55.9,237.0
2019-09-28 05:45:00,26.0,60.2,236.6
2019-09-28 06:00:00,26.0,62.2,235.8
2019-09-28 06:15:00,26.0,57.7,235.4
2019-09-28 06:30:00,26.0,48.1,235.6
2019-09-28 06:45:00,26.0,53.0,235.0
2019-09-28 07:00:00,27.0,57.7,234.9
2019-09-28 07:15:00,27.0,56.7,233.4
2019-09-28 07:30:00,27.0,54.9,232.7
2019-09-28 07:45:00,28.0,55.7,233.0
2019-09-28 08:00:00,28.0,71.4,232.5
2019-09-28 08:15:00,29.0,61.5,231.6
2019-09-28 08:30:00,29.0,51.6,232.1
2019-09-28 08:45:00,29.0,56.4,233.1
2019-09-28 09:00:00,29.0,70.0,230.1
2019-09-28 09:15:00,30.0,67.3,230.3
2019-09-28 09:30:00,30.0,65.3,230.2
2019-09-28 09:45:00,30.0,61.8,230.2
2019-09-28 10:00:00,30.0,67.1,230.7
2019-09-28 10:15:00,31.0,69.9,230.1
2019-09-28 10:30:00,31.0,66.4,230.5
2019-09-28 10:45:00,32.0,67.9,229.2
2019-09-28 11:00:00,32.0,122.0,227.6
2019-09-28 11:15:00,32.0,117.0,227.7
2019-09-28 11:30:00,32.0,117.1,227.7
2019-09-28 11:45:00,32.0,120.7,228.6
2019-09-28 12:00:00,32.0,127.2,226.6
2019-09-28 12:15:00,32.0,137.8,226.7
2019-09-28 12:30:00,33.0,138.2,225.4
2019-09-28 12:45:00,32.0,127.5,228.2
2019-09-28 13:00:00,33.0,139.3,227.2
2019-09-28 13:15:00,34.0,129.7,225.8
2019-09-28 13:30:00,34.0,142.6,224.4
2019-09-28 13:45:00,33.0,124.6,225.1
2019-09-28 14:00:00,33.0,125.6,225.4
2019-09-28 14:15:00,32.0,125.8,225.6
2019-09-28 14:30:00,32.0,124.2,225.0
2019-09-28 14:45:00,31.0,129.9,226.0
2019-09-28 15:00:00,32.0,115.1,225.1
2019-09-28 15:15:00,31.0,112.6,226.4
2019-09-28 15:30:00,31.0,113.3,226.7
2019-09-28 15:45:00,30.0,114.2,227.0
2019-09-28 16:00:00,30.0,125.5,225.6
2019-09-28 16:15:00,30.0,138.6,226.3
2019-09-28 16:30:00,29.0,124.0,227.0
2019-09-28 16:45:00,29.0,131.4,227.6
2019-09-28 17:00:00,29.0,158.2,224.6
2019-09-28 17:15:00,28.0,165.0,221.1
2019-09-28 17:30:00,28.0,164.0,220.5
2019-09-28 17:45:00,28.0,167.0,219.7
2019-09-28 18:00:00,28.0,171.2,220.0
2019-09-28 18:15:00,28.0,168.7,220.1
2019-09-28 18:30:00,28.0,158.5,219.9
2019-09-28 18:45:00,28.0,150.5,221.8
2019-09-28 19:00:00,28.0,159.6,222.5
2019-09-28 19:15:00,28.0,142.8,223.4
2019-09-28 19:30:00,28.0,149.1,223.1
2019-09-28 19:45:00,28.0,156.9,222.7
2019-09-28 20:00:00,28.0,167.2,223.2
2019-09-28 20:15:00,29.0,168.1,222.7
2019-09-28 20:30:00,28.0,163.1,223.3
2019-09-28 20:45:00,28.0,154.7,222.7
2019-09-28 21:00:00,28.0,139.0,224.0
2019-09-28 21:15:00,28.0,126.1,224.0
2019-09-28 21:30:00,28.0,107.6,225.7
2019-09-28 21:45:00,28.0,97.3,227.0
2019-09-28 22:00:00,27.0,99.7,226.4
2019-09-28 22:15:00,27.0,79.0,228.0
2019-09-28 22:30:00,27.0,78.6,229.1
2019-09-28 22:45:00,27.0,78.5,227.8
2019-09-28 23:00:00,27.0,76.4,227.5
2019-09-28 23:15:00,27.0,73.7,228.3
2019-09-28 23:30:00,27.0,83.8,228.1
2019-09-28 23:45:00,27.0,76.5,230.4
2019-09-29 00:00:00,27.0,74.9,230.1
2019-09-29 00:15:00,27.0,81.0,229.7
2019-09-29 00:30:00,26.0,69.3,231.6
2019-09-29 00:45:00,26.0,77.5,230.8
2019-09-29 01:00:00,26.0,65.7,232.3
2019-09-29 01:15:00,27.0,70.2,232.3
2019-09-29 01:30:00,26.0,61.6,233.0
2019-09-29 01:45:00,26.0,67.5,231.9
2019-09-29 02:00:00,26.0,71.6,232.1
2019-09-29 02:15:00,26.0,77.5,232.5
2019-09-29 02:30:00,26.0,61.5,232.7
2019-09-29 02:45:00,26.0,75.2,232.7
2019-09-29 03:00:00,26.0,68.6,232.9
2019-09-29 03:15:00,26.0,72.2,233.3
2019-09-29 03:30:00,26.0,64.3,233.7
2019-09-29 03:45:00,26.0,54.8,234.3
2019-09-29 04:00:00,26.0,57.4,234.7
2019-09-29 04:15:00,26.0,60.2,234.4
2019-09-29 04:30:00,26.0,68.9,234.1
2019-09-29 04:45:00,26.0,50.0,234.5
2019-09-29 05:00:00,26.0,49.3,234.9
2019-09-29 05:15:00,26.0,58.5,236.1
2019-09-29 05:30:00,26.0,66.1,236.2
2019-09-29 05:45:00,26.0,58.4,237.3
2019-09-29 06:00:00,26.0,57.4,236.6
2019-09-29 06:15:00,27.0,55.1,237.3
2019-09-29 06:30:00,27.0,49.5,236.4
2019-09-29 06:45:00,27.0,52.5,234.9
2019-09-29 07:00:00,28.0,56.8,234.3
2019-09-29 07:15:00,28.0,48.9,234.0
2019-09-29 07:30:00,28.0,49.1,234.2
2019-09-29 07:45:00,29.0,56.6,232.8
2019-09-29 08:00:00,29.0,53.5,231.9
2019-09-29 08:15:00,29.0,45.1,231.8
2019-09-29 08:30:00,29.0,47.0,230.5
2019-09-29 08:45:00,30.0,52.1,230.2
2019-09-29 09:00:00,30.0,61.0,229.8
2019-09-29 09:15:00,30.0,60.1,230.4
2019-09-29 09:30:00,30.0,52.9,230.4
2019-09-29 09:45:00,31.0,57.8,230.4
2019-09-29 10:00:00,31.0,75.0,229.8
2019-09-29 10:15:00,31.0,63.9,231.1
2019-09-29 10:30:00,32.0,64.9,229.9
2019-09-29 10:45:00,32.0,89.5,228.6
2019-09-29 11:00:00,31.0,103.6,227.7
2019-09-29 11:15:00,32.0,107.4,230.0
2019-09-29 11:30:00,32.0,114.2,230.1
2019-09-29 11:45:00,31.0,82.8,233.7
2019-09-29 12:00:00,30.533333333333335,83.84666666666666,233.84
2019-09-29 12:15:00,30.066666666666666,84.89333333333333,233.98
2019-09-29 12:30:00,29.6,85.94,234.12
2019-09-29 12:45:00,29.133333333333333,86.98666666666666,234.26
2019-09-29 14:30:00,25.866666666666667,94.31333333333333,235.24
2019-09-29 14:45:00,25.4,95.36,235.38
2019-09-29 15:00:00,24.933333333333334,96.40666666666667,235.52
2019-09-29 15:15:00,24.46666666666667,97.45333333333333,235.66
2019-09-29 15:30:00,24.0,98.5,235.8
2019-09-29 15:45:00,24.0,95.4,236.4
2019-09-29 16:00:00,24.0,91.4,235.5
2019-09-29 16:15:00,24.0,100.6,235.5
2019-09-29 16:30:00,24.0,97.8,234.8
2019-09-29 16:45:00,24.0,105.1,234.0
2019-09-29 17:00:00,24.0,82.8,233.5
2019-09-29 17:15:00,24.0,84.0,233.1
2019-09-29 17:30:00,24.0,84.3,230.6
2019-09-29 17:45:00,24.0,114.1,229.2
2019-09-29 18:00:00,24.0,104.4,228.9
2019-09-29 18:15:00,24.0,108.8,229.2
2019-09-29 18:30:00,24.0,115.05,229.05
2019-09-29 18:45:00,24.0,111.8,229.6
2019-09-29 19:00:00,24.0,104.3,230.0
2019-09-29 19:15:00,24.0,99.7,230.3
2019-09-29 19:30:00,24.0,101.9,229.9
2019-09-29 19:45:00,24.0,96.0,229.9
2019-09-29 20:00:00,24.0,91.3,230.3
2019-09-29 20:15:00,24.0,93.5,230.3
2019-09-29 20:30:00,24.0,90.2,230.3
2019-09-29 20:45:00,24.0,82.3,230.9
2019-09-29 21:00:00,24.0,70.3,231.3
2019-09-29 21:15:00,24.0,73.5,231.4
2019-09-29 21:30:00,24.0,89.8,231.2
2019-09-29 21:45:00,24.0,82.0,232.1
2019-09-29 22:00:00,24.0,94.7,232.2
2019-09-29 22:15:00,24.0,84.3,233.0
2019-09-29 22:30:00,24.0,84.7,234.0
2019-09-29 22:45:00,24.0,86.1,233.9
2019-09-29 23:00:00,24.0,90.8,234.3
2019-09-29 23:15:00,24.0,71.3,235.4
2019-09-29 23:30:00,24.0,61.5,236.4
2019-09-29 23:45:00,24.0,58.4,237.4
2019-09-30 00:00:00,24.0,65.9,237.4
2019-09-30 00:15:00,24.0,57.4,237.8
2019-09-30 00:30:00,24.0,63.5,237.5
2019-09-30 00:45:00,24.0,61.7,237.7
2019-09-30 01:00:00,24.0,58.2,238.0
2019-09-30 01:15:00,24.0,54.9,239.0
2019-09-30 01:30:00,24.0,52.1,239.8
2019-09-30 01:45:00,24.0,56.8,238.7
2019-09-30 02:00:00,24.0,51.4,239.4
2019-09-30 02:15:00,24.0,50.1,239.6
2019-09-30 02:30:00,24.0,52.7,240.0
2019-09-30 02:45:00,24.0,47.9,239.5
2019-09-30 03:00:00,24.0,51.2,239.6
2019-09-30 03:15:00,24.0,43.1,240.2
2019-09-30 03:30:00,24.0,44.4,239.9
2019-09-30 03:45:00,24.0,48.3,239.7
2019-09-30 04:00:00,24.0,40.1,239.9
2019-09-30 04:15:00,24.0,42.4,240.3
2019-09-30 04:30:00,24.0,43.0,240.4
2019-09-30 04:45:00,24.0,45.0,239.7
2019-09-30 05:00:00,24.0,44.4,240.0
2019-09-30 05:15:00,24.0,49.0,241.2
2019-09-30 05:30:00,24.0,52.1,240.6
2019-09-30 05:45:00,24.0,46.3,240.7
2019-09-30 06:00:00,24.0,45.8,240.4
2019-09-30 06:15:00,24.0,41.1,240.3
2019-09-30 06:30:00,25.0,39.0,239.1
2019-09-30 06:45:00,25.0,41.4,239.3
2019-09-30 07:00:00,26.0,45.5,238.6
2019-09-30 07:15:00,26.0,38.7,237.3
2019-09-30 07:30:00,26.0,44.5,236.9
2019-09-30 07:45:00,27.0,39.7,236.3
2019-09-30 08:00:00,27.0,52.7,235.1
2019-09-30 08:15:00,27.0,58.7,234.8
2019-09-30 08:30:00,28.0,73.5,233.5
2019-09-30 08:45:00,28.0,59.1,232.7
2019-09-30 09:00:00,29.0,72.35,234.64999999999998
2019-09-30 09:15:00,29.0,71.8,235.3
2019-09-30 09:30:00,30.0,70.4,235.3
2019-09-30 09:45:00,29.0,75.2,234.2
2019-09-30 10:00:00,30.0,64.5,235.3
2019-09-30 10:15:00,31.0,65.9,236.3
2019-09-30 10:30:00,31.0,74.8,235.7
2019-09-30 10:45:00,31.0,97.0,234.0
2019-09-30 11:00:00,31.0,99.3,234.7
2019-09-30 11:15:00,32.0,112.9,233.55
2019-09-30 11:30:00,33.0,126.5,232.4
2019-09-30 11:45:00,34.0,142.1,232.0
2019-09-30 12:00:00,35.0,131.2,231.8
2019-09-30 12:15:00,36.0,128.0,232.8
2019-09-30 12:30:00,37.0,132.2,231.9
2019-09-30 12:45:00,34.0,132.7,229.8
2019-09-30 13:00:00,33.0,134.6,225.8
2019-09-30 13:15:00,33.0,133.8,225.7
2019-09-30 13:30:00,36.0,146.1,224.7
2019-09-30 13:45:00,34.0,161.1,223.4
2019-09-30 14:00:00,34.0,172.3,223.1
2019-09-30 14:15:00,34.0,163.8,223.7
2019-09-30 14:30:00,34.0,168.7,222.8
2019-09-30 14:45:00,33.0,152.6,225.2
2019-09-30 15:00:00,32.0,134.5,226.4
2019-09-30 15:15:00,32.0,127.4,225.0
2019-09-30 15:30:00,32.0,131.7,225.7
2019-09-30 15:45:00,31.0,140.2,225.7
2019-09-30 16:00:00,30.0,151.1,224.0
2019-09-30 16:15:00,30.0,151.7,227.6
2019-09-30 16:30:00,28.0,134.8,228.6
2019-09-30 16:45:00,27.0,147.9,227.6
2019-09-30 17:00:00,26.0,150.9,227.4
2019-09-30 17:15:00,26.0,144.05,226.8
2019-09-30 17:30:00,26.0,162.7,223.1
2019-09-30 17:45:00,26.0,148.9,223.6
2019-09-30 18:00:00,26.0,158.5,222.7
2019-09-30 18:15:00,26.0,148.7,223.7
2019-09-30 18:30:00,26.0,161.9,223.0
2019-09-30 18:45:00,26.0,151.9,223.0
2019-09-30 19:00:00,26.0,161.6,223.3
2019-09-30 19:15:00,27.0,158.3,224.4
2019-09-30 19:30:00,27.0,154.7,224.5
2019-09-30 19:45:00,27.0,149.9,224.3
2019-09-30 20:00:00,26.0,144.9,225.3
2019-09-30 20:15:00,26.0,141.3,224.9
2019-09-30 20:30:00,26.0,155.3,226.5
2019-09-30 20:45:00,26.0,123.4,227.4
2019-09-30 21:00:00,26.0,118.4,228.8
2019-09-30 21:15:00,26.0,120.8,226.9
2019-09-30 21:30:00,26.0,116.5,228.3
2019-09-30 21:45:00,26.0,104.2,228.4
2019-09-30 22:00:00,26.0,89.4,229.6
2019-09-30 22:15:00,26.0,78.2,230.9
2019-09-30 22:30:00,26.0,68.7,231.8
2019-09-30 22:45:00,26.0,72.6,232.4
2019-09-30 23:00:00,26.0,71.6,233.3
2019-09-30 23:15:00,25.0,76.4,232.6
2019-09-30 23:30:00,25.0,68.9,233.5
2019-09-30 23:45:00,25.0,79.4,232.5
2019-10-01 00:00:00,25.0,76.0,233.1
2019-10-01 00:15:00,25.0,75.6,234.2
2019-10-01 00:30:00,25.0,72.2,234.9
2019-10-01 00:45:00,25.0,58.5,235.9
2019-10-01 01:00:00,25.0,54.9,236.5
2019-10-01 01:15:00,25.0,62.0,236.4
2019-10-01 01:30:00,25.0,62.2,236.7
2019-10-01 01:45:00,25.0,59.8,237.3
2019-10-01 02:00:00,25.0,53.0,237.5
2019-10-01 02:15:00,25.0,56.7,238.3
2019-10-01 02:30:00,25.0,52.3,239.1
2019-10-01 02:45:00,25.0,49.4,238.8
2019-10-01 03:00:00,25.0,49.8,239.0
2019-10-01 03:15:00,25.0,44.9,241.0
2019-10-01 03:30:00,25.0,51.5,239.8
2019-10-01 03:45:00,25.0,52.5,240.2
2019-10-01 04:00:00,25.0,50.7,241.6
2019-10-01 04:15:00,25.0,48.6,241.1
2019-10-01 04:30:00,25.0,48.8,242.5
2019-10-01 04:45:00,25.0,52.4,241.7
2019-10-01 05:00:00,24.0,42.7,243.1
2019-10-01 05:15:00,24.0,43.7,243.2
2019-10-01 05:30:00,24.0,40.4,243.2
2019-10-01 05:45:00,24.0,40.0,244.7
2019-10-01 06:00:00,24.0,48.1,243.4
2019-10-01 06:15:00,24.0,41.2,243.4
2019-10-01 06:30:00,24.0,39.8,242.4
2019-10-01 06:45:00,24.0,42.2,241.4
2019-10-01 07:00:00,24.0,41.8,241.9
2019-10-01 07:15:00,25.0,44.4,241.4
2019-10-01 07:30:00,24.0,46.3,240.3
2019-10-01 07:45:00,24.0,57.1,238.8
2019-10-01 08:00:00,25.0,50.0,237.8
2019-10-01 08:15:00,25.0,53.2,238.0
2019-10-01 08:30:00,25.0,62.3,237.7
2019-10-01 08:45:00,26.0,53.3,235.8
2019-10-01 09:00:00,26.0,55.3,234.9
2019-10-01 09:15:00,26.0,59.4,235.2
2019-10-01 09:30:00,26.0,41.4,240.0
2019-10-01 09:45:00,26.0,67.7,233.9
2019-10-01 10:00:00,26.0,51.4,236.3
2019-10-01 10:15:00,26.0,85.2,233.7
2019-10-01 10:30:00,28.0,76.2,234.3
2019-10-01 10:45:00,29.0,81.3,233.9
2019-10-01 11:00:00,29.0,103.6,231.7
2019-10-01 11:15:00,28.0,112.7,230.4
2019-10-01 11:30:00,28.0,114.6,230.4
2019-10-01 11:45:00,27.0,116.8,231.2
2019-10-01 12:00:00,28.0,116.2,231.1
2019-10-01 12:15:00,29.0,112.4,231.1
2019-10-01 12:30:00,29.0,109.8,230.6
2019-10-01 12:45:00,31.0,108.8,223.1
2019-10-01 13:00:00,30.0,126.9,213.4
2019-10-01 13:15:00,30.0,141.8,211.6
2019-10-01 13:30:00,30.0,149.3,209.3
2019-10-01 13:45:00,29.0,134.5,211.7
2019-10-01 14:00:00,29.0,145.4,211.4
2019-10-01 14:15:00,29.0,133.6,212.7
2019-10-01 14:30:00,29.0,130.6,212.4
2019-10-01 14:45:00,29.0,136.7,212.7
2019-10-01 15:00:00,28.0,127.5,219.9
2019-10-01 15:15:00,28.0,122.7,217.8
2019-10-01 15:30:00,28.0,116.0,224.1
2019-10-01 15:45:00,28.0,117.2,223.6
2019-10-01 16:00:00,28.0,114.1,224.8
2019-10-01 16:15:00,28.0,118.7,223.8
2019-10-01 16:30:00,28.0,129.6,222.9
2019-10-01 16:45:00,27.0,120.4,223.2
2019-10-01 17:00:00,27.0,133.0,221.7
2019-10-01 17:15:00,27.0,166.9,222.2
2019-10-01 17:30:00,27.0,157.0,222.0
2019-10-01 17:45:00,27.0,164.6,220.8
2019-10-01 18:00:00,27.0,150.3,219.4
2019-10-01 18:15:00,27.0,143.8,221.7
2019-10-01 18:30:00,27.0,135.6,222.2
2019-10-01 18:45:00,27.0,141.0,223.7
2019-10-01 19:00:00,26.0,139.3,224.0
2019-10-01 19:15:00,26.0,135.0,225.3
2019-10-01 19:30:00,26.0,129.1,225.7
2019-10-01 19:45:00,26.0,133.4,226.5
2019-10-01 20:00:00,26.0,132.1,226.5
2019-10-01 20:15:00,26.0,121.1,228.1
2019-10-01 20:30:00,26.0,128.9,226.9
2019-10-01 20:45:00,26.0,135.3,225.2
2019-10-01 21:00:00,26.0,124.0,226.3
2019-10-01 21:15:00,26.0,122.2,226.8
2019-10-01 21:30:00,26.0,105.7,227.1
2019-10-01 21:45:00,26.0,81.0,228.7
2019-10-01 22:00:00,26.0,74.2,229.4
2019-10-01 22:15:00,25.0,75.8,230.0
2019-10-01 22:30:00,25.0,73.9,230.1
2019-10-01 22:45:00,25.0,78.8,231.5
2019-10-01 23:00:00,25.0,68.5,232.1
2019-10-01 23:15:00,25.0,74.3,231.8
2019-10-01 23:30:00,25.0,71.8,232.2
2019-10-01 23:45:00,25.0,62.1,233.0
2019-10-02 00:00:00,25.0,65.2,233.3
2019-10-02 00:15:00,25.0,63.0,234.3
2019-10-02 00:30:00,25.0,59.3,235.3
2019-10-02 00:45:00,25.0,63.2,233.3
2019-10-02 01:00:00,25.0,57.7,234.6
2019-10-02 01:15:00,25.0,55.2,234.5
2019-10-02 01:30:00,25.0,50.7,235.7
2019-10-02 01:45:00,25.0,48.8,235.2
2019-10-02 02:00:00,25.0,48.8,235.4
2019-10-02 02:15:00,25.0,52.4,235.6
2019-10-02 02:30:00,25.0,53.5,236.1
2019-10-02 02:45:00,25.0,43.0,236.4
2019-10-02 03:00:00,25.0,48.7,236.4
2019-10-02 03:15:00,25.0,45.0,237.0
2019-10-02 03:30:00,25.0,42.0,237.6
2019-10-02 03:45:00,25.0,38.4,239.4
2019-10-02 04:00:00,25.0,46.4,232.1
2019-10-02 04:15:00,25.0,43.5,233.2
2019-10-02 04:30:00,25.0,45.0,235.0
2019-10-02 04:45:00,25.0,44.1,232.9
2019-10-02 05:00:00,25.0,39.8,233.5
2019-10-02 05:15:00,25.0,41.9,234.1
2019-10-02 05:30:00,24.0,57.0,233.5
2019-10-02 05:45:00,25.0,44.5,233.7
2019-10-02 06:00:00,25.0,43.7,233.5
2019-10-02 06:15:00,25.0,41.6,235.0
2019-10-02 06:30:00,26.0,53.8,239.2
2019-10-02 06:45:00,26.0,49.1,239.8
2019-10-02 07:00:00,26.0,44.3,240.0
2019-10-02 07:15:00,26.0,47.1,239.3
2019-10-02 07:30:00,26.0,51.3,238.6
2019-10-02 07:45:00,27.0,39.0,238.5
2019-10-02 08:00:00,27.0,47.5,239.0
2019-10-02 08:15:00,27.0,47.5,237.7
2019-10-02 08:30:00,28.0,54.8,239.6
2019-10-02 08:45:00,28.0,50.7,239.8
2019-10-02 09:00:00,29.0,67.3,234.5
2019-10-02 09:15:00,29.0,71.9,233.2
2019-10-02 09:30:00,29.0,68.6,232.2
2019-10-02 09:45:00,29.0,61.1,232.1
2019-10-02 10:00:00,30.0,65.3,232.9
2019-10-02 10:15:00,31.0,73.3,232.9
2019-10-02 10:30:00,31.0,102.05000000000001,227.65
2019-10-02 10:45:00,31.0,130.8,222.4
2019-10-02 11:00:00,31.0,123.0,222.8
2019-10-02 11:15:00,31.0,108.3,226.9
2019-10-02 11:30:00,32.0,108.9,226.2
2019-10-02 11:45:00,32.0,113.8,229.2
2019-10-02 12:00:00,33.0,128.8,225.7
2019-10-02 12:15:00,32.0,117.5,223.6
2019-10-02 12:30:00,34.0,118.2,223.8
2019-10-02 12:45:00,32.0,123.8,222.6
2019-10-02 13:00:00,35.0,137.3,219.8
2019-10-02 13:15:00,34.0,139.7,219.3
2019-10-02 13:30:00,31.0,154.3,218.7
2019-10-02 13:45:00,31.5,134.5,222.25
2019-10-02 14:00:00,30.0,129.1,224.2
2019-10-02 14:15:00,31.0,133.7,224.7
2019-10-02 14:30:00,31.0,146.7,225.3
2019-10-02 14:45:00,31.0,130.2,221.8
2019-10-02 15:00:00,31.0,129.1,222.9
2019-10-02 15:15:00,30.0,122.5,223.4
2019-10-02 15:30:00,28.0,98.5,228.3
2019-10-02 15:45:00,28.0,120.8,226.3
2019-10-02 16:00:00,28.0,125.6,225.2
2019-10-02 16:15:00,28.0,124.7,227.1
2019-10-02 16:30:00,27.0,120.0,225.7
2019-10-02 16:45:00,28.0,103.8,233.0
2019-10-02 17:00:00,28.0,129.1,231.7
2019-10-02 17:15:00,28.0,135.7,229.9
2019-10-02 17:30:00,28.0,164.2,224.1
2019-10-02 17:45:00,28.0,171.0,222.4
2019-10-02 18:00:00,27.0,166.2,222.6
2019-10-02 18:15:00,27.0,165.8,222.8
2019-10-02 18:30:00,27.0,173.8,222.9
2019-10-02 18:45:00,27.0,166.5,221.7
2019-10-02 19:00:00,27.0,156.7,222.2
2019-10-02 19:15:00,27.0,163.2,222.4
2019-10-02 19:30:00,27.0,143.7,223.9
2019-10-02 19:45:00,27.0,149.0,223.7
2019-10-02 20:00:00,27.0,147.3,224.3
2019-10-02 20:15:00,27.0,144.1,224.66666666666669
2019-10-02 20:30:00,27.0,140.9,225.03333333333333
2019-10-02 20:45:00,27.0,137.7,225.4
2019-10-02 21:00:00,27.0,133.7,225.4
2019-10-02 21:15:00,27.0,141.9,225.2
2019-10-02 21:30:00,27.0,135.9,226.4
2019-10-02 21:45:00,26.0,116.2,227.7
2019-10-02 22:00:00,26.0,107.6,227.0
2019-10-02 22:15:00,26.0,86.6,228.5
2019-10-02 22:30:00,26.0,84.6,228.2
2019-10-02 22:45:00,26.0,91.1,228.2
2019-10-02 23:00:00,26.0,78.4,229.6
2019-10-02 23:15:00,26.0,77.2,230.2
2019-10-02 23:30:00,26.0,81.3,230.8
2019-10-02 23:45:00,26.0,80.2,231.5
2019-10-03 00:00:00,26.0,72.9,232.5
2019-10-03 00:15:00,26.0,65.7,233.2
2019-10-03 00:30:00,26.0,65.8,233.6
2019-10-03 00:45:00,26.0,62.4,233.5
2019-10-03 01:00:00,26.0,61.4,233.7
2019-10-03 01:15:00,26.0,61.9,234.1
2019-10-03 01:30:00,26.0,62.6,234.4
2019-10-03 01:45:00,26.0,57.8,235.1
2019-10-03 02:00:00,26.0,57.4,235.0
2019-10-03 02:15:00,26.0,54.3,235.6
2019-10-03 02:30:00,26.0,57.4,236.1
2019-10-03 02:45:00,26.0,52.2,237.2
2019-10-03 03:00:00,26.0,55.5,236.5
2019-10-03 03:15:00,26.0,53.4,236.6
2019-10-03 03:30:00,26.0,58.1,236.6
2019-10-03 03:45:00,26.0,51.1,237.1
2019-10-03 04:00:00,26.0,46.7,237.3
2019-10-03 04:15:00,26.0,50.6,237.3
2019-10-03 04:30:00,26.0,45.3,237.5
2019-10-03 04:45:00,26.0,51.4,237.2
2019-10-03 05:00:00,26.0,43.0,237.8
2019-10-03 05:15:00,26.0,54.8,238.4
2019-10-03 05:30:00,26.0,45.2,239.3
2019-10-03 05:45:00,26.0,44.3,239.8
2019-10-03 06:00:00,26.0,44.3,238.2
2019-10-03 06:15:00,26.0,43.4,238.1
2019-10-03 06:30:00,26.0,52.3,239.7
2019-10-03 06:45:00,26.0,45.4,238.7
2019-10-03 07:00:00,27.0,48.8,237.9
2019-10-03 07:15:00,27.0,52.4,236.5
2019-10-03 07:30:00,27.0,46.6,236.8
2019-10-03 07:45:00,28.0,54.3,235.0
2019-10-03 08:00:00,28.0,51.8,233.3
2019-10-03 08:15:00,29.0,62.3,232.7
2019-10-03 08:30:00,29.0,61.8,231.9
2019-10-03 08:45:00,29.0,65.4,231.7
2019-10-03 09:00:00,29.0,77.9,231.1
2019-10-03 09:15:00,29.0,74.3,231.0
2019-10-03 09:30:00,30.0,70.1,230.1
2019-10-03 09:45:00,30.0,68.5,231.0
2019-10-03 10:00:00,31.0,89.2,229.4
2019-10-03 10:15:00,31.0,79.9,229.5
2019-10-03 10:30:00,32.0,83.0,228.3
2019-10-03 10:45:00,32.0,100.4,227.8
2019-10-03 11:00:00,32.0,107.9,228.1
2019-10-03 11:15:00,32.0,108.5,224.3
2019-10-03 11:30:00,33.0,124.4,218.8
2019-10-03 11:45:00,34.0,126.4,219.1
2019-10-03 12:00:00,33.0,144.7,218.4
2019-10-03 12:15:00,35.0,157.2,218.3
2019-10-03 12:30:00,38.0,133.1,220.1
2019-10-03 12:45:00,37.0,152.1,218.8
2019-10-03 13:00:00,36.0,138.2,219.2
2019-10-03 13:15:00,36.0,125.1,215.7
2019-10-03 13:30:00,38.0,136.5,215.2
2019-10-03 13:45:00,36.0,141.6,213.3
2019-10-03 14:00:00,36.0,145.0,214.1
2019-10-03 14:15:00,38.0,134.1,214.9
2019-10-03 14:30:00,35.0,141.3,214.2
2019-10-03 14:45:00,33.0,135.9,213.4
2019-10-03 15:00:00,33.0,153.1,212.6
2019-10-03 15:15:00,32.0,154.3,213.6
2019-10-03 15:30:00,32.0,138.5,214.3
2019-10-03 15:45:00,32.0,143.8,214.7
2019-10-03 16:00:00,32.0,153.2,215.9
2019-10-03 16:15:00,32.0,161.3,215.0
2019-10-03 16:30:00,32.0,161.2,214.3
2019-10-03 16:45:00,30.5,139.45,220.0
2019-10-03 17:00:00,30.0,162.2,223.9
2019-10-03 17:15:00,30.0,168.3,222.0
2019-10-03 17:30:00,29.5,172.25,217.5
2019-10-03 17:45:00,29.0,194.7,216.5
2019-10-03 18:00:00,29.0,201.1,214.4
2019-10-03 18:15:00,29.0,197.3,214.3
2019-10-03 18:30:00,29.0,181.5,215.4
2019-10-03 18:45:00,29.0,178.5,216.1
2019-10-03 19:00:00,29.0,180.2,216.9
2019-10-03 19:15:00,29.0,177.4,217.8
2019-10-03 19:30:00,29.0,163.5,218.7
2019-10-03 19:45:00,29.0,161.9,218.9
2019-10-03 20:00:00,29.0,163.3,220.2
2019-10-03 20:15:00,29.0,140.6,221.0
2019-10-03 20:30:00,29.0,160.6,220.9
2019-10-03 20:45:00,28.0,151.6,221.7
2019-10-03 21:00:00,28.0,144.8,222.4
2019-10-03 21:15:00,28.0,131.5,223.1
2019-10-03 21:30:00,28.0,127.9,223.7
2019-10-03 21:45:00,28.0,135.1,223.7
2019-10-03 22:00:00,28.0,128.8,224.2
2019-10-03 22:15:00,28.0,89.9,225.6
2019-10-03 22:30:00,28.0,89.8,225.7
2019-10-03 22:45:00,28.0,100.7,226.2
2019-10-03 23:00:00,27.0,106.1,227.3
2019-10-03 23:15:00,27.0,95.2,227.8
2019-10-03 23:30:00,27.0,96.1,228.4
2019-10-03 23:45:00,27.0,102.4,228.8
2019-10-04 00:00:00,27.0,102.5,230.1
2019-10-04 00:15:00,27.0,91.9,230.5
2019-10-04 00:30:00,27.0,92.8,231.3
2019-10-04 00:45:00,27.0,77.4,231.7
2019-10-04 01:00:00,27.0,83.6,233.0
2019-10-04 01:15:00,27.0,92.6,233.4
2019-10-04 01:30:00,26.0,99.3,233.5
2019-10-04 01:45:00,26.0,94.3,234.0
2019-10-04 02:00:00,26.0,93.1,234.3
2019-10-04 02:15:00,26.0,79.1,235.0
2019-10-04 02:30:00,26.0,79.0,235.2
2019-10-04 02:45:00,26.0,78.6,233.8
2019-10-04 03:00:00,26.0,72.3,234.0
2019-10-04 03:15:00,26.0,64.5,234.6
2019-10-04 03:30:00,26.0,63.8,234.5
2019-10-04 03:45:00,26.0,70.2,234.9
2019-10-04 04:00:00,26.0,63.0,234.8
2019-10-04 04:15:00,26.0,59.1,235.1
2019-10-04 04:30:00,26.0,66.2,234.9
2019-10-04 04:45:00,26.0,56.1,235.8
2019-10-04 05:00:00,26.0,62.9,235.6
2019-10-04 05:15:00,26.0,60.9,237.1
2019-10-04 05:30:00,26.0,56.6,237.6
2019-10-04 05:45:00,26.0,53.6,237.7
2019-10-04 06:00:00,26.0,48.3,238.0
2019-10-04 06:15:00,26.0,49.4,237.5
2019-10-04 06:30:00,27.0,45.9,237.4
2019-10-04 06:45:00,27.0,50.3,236.7
2019-10-04 07:00:00,27.0,47.3,236.7
2019-10-04 07:15:00,27.0,53.6,236.1
2019-10-04 07:30:00,27.0,55.4,235.7
2019-10-04 07:45:00,28.0,59.2,235.4
2019-10-04 08:00:00,28.0,57.6,234.9
2019-10-04 08:15:00,29.0,53.9,234.6
2019-10-04 08:30:00,29.0,53.4,234.7
2019-10-04 08:45:00,29.0,51.9,234.0
2019-10-04 09:00:00,30.0,61.7,233.2
2019-10-04 09:15:00,30.0,66.7,234.0
2019-10-04 09:30:00,31.0,64.0,233.4
2019-10-04 09:45:00,31.0,69.8,233.4
2019-10-04 10:00:00,32.0,65.9,233.0
2019-10-04 10:15:00,32.0,86.2,232.3
2019-10-04 10:30:00,32.0,102.3,230.8
2019-10-04 10:45:00,32.0,102.6,230.3
2019-10-04 11:00:00,33.0,138.4,229.2
2019-10-04 11:15:00,32.0,140.8,227.5
2019-10-04 11:30:00,34.0,125.4,226.8
2019-10-04 11:45:00,35.0,130.8,226.4
2019-10-04 12:00:00,37.0,155.0,225.3
2019-10-04 12:15:00,39.0,164.7,224.7
2019-10-04 12:30:00,39.0,155.2,225.5
2019-10-04 12:45:00,39.0,172.2,223.2
2019-10-04 13:00:00,38.0,152.5,223.5
2019-10-04 13:15:00,37.0,141.2,224.1
2019-10-04 13:30:00,39.0,162.6,222.9
2019-10-04 13:45:00,39.0,152.1,223.7
2019-10-04 14:00:00,39.0,145.4,224.1
2019-10-04 14:15:00,38.0,162.1,223.1
2019-10-04 14:30:00,37.0,166.0,223.3
2019-10-04 14:45:00,35.0,158.2,223.1
2019-10-04 15:00:00,35.0,160.0,223.4
2019-10-04 15:15:00,35.0,162.0,222.7
2019-10-04 15:30:00,34.0,158.0,221.7
2019-10-04 15:45:00,34.0,154.0,219.4
2019-10-04 16:00:00,33.0,150.7,220.4
2019-10-04 16:15:00,33.0,155.9,222.2
2019-10-04 16:30:00,32.0,174.6,221.7
2019-10-04 16:45:00,32.0,182.9,222.4
2019-10-04 17:00:00,32.0,179.2,221.8
2019-10-04 17:15:00,31.0,197.9,219.0
2019-10-04 17:30:00,31.0,194.0,214.9
2019-10-04 17:45:00,31.0,210.7,213.5
2019-10-04 18:00:00,31.0,207.9,213.1
2019-10-04 18:15:00,31.0,215.7,213.0
2019-10-04 18:30:00,30.0,193.1,213.8
2019-10-04 18:45:00,30.0,219.2,213.9
2019-10-04 19:00:00,30.0,204.6,214.1
2019-10-04 19:15:00,30.0,200.1,215.1
2019-10-04 19:30:00,30.0,195.0,215.6
2019-10-04 19:45:00,30.0,175.5,216.0
2019-10-04 20:00:00,29.0,181.7,217.0
2019-10-04 20:15:00,29.0,178.7,217.4
2019-10-04 20:30:00,29.0,165.4,217.9
2019-10-04 20:45:00,29.0,159.3,218.6
2019-10-04 21:00:00,29.0,150.0,218.9
2019-10-04 21:15:00,29.0,142.3,219.4
2019-10-04 21:30:00,29.0,146.3,219.4
2019-10-04 21:45:00,28.0,133.8,219.4
2019-10-04 22:00:00,28.0,125.6,220.0
2019-10-04 22:15:00,28.0,136.2,220.7
2019-10-04 22:30:00,28.0,114.9,221.7
2019-10-04 22:45:00,28.0,123.6,221.7
2019-10-04 23:00:00,28.0,101.5,223.3
2019-10-04 23:15:00,27.0,89.4,223.7
2019-10-04 23:30:00,27.0,84.8,225.0
2019-10-04 23:45:00,27.0,83.2,225.0
2019-10-05 00:00:00,27.0,77.3,225.0
2019-10-05 00:15:00,27.0,76.4,226.2
2019-10-05 00:30:00,27.0,76.4,226.3
2019-10-05 00:45:00,27.0,84.2,226.8
2019-10-05 01:00:00,27.0,75.1,227.3
2019-10-05 01:15:00,27.0,78.9,227.4
2019-10-05 01:30:00,27.0,79.3,228.0
2019-10-05 01:45:00,27.0,73.1,228.4
2019-10-05 02:00:00,27.0,74.2,228.8
2019-10-05 02:15:00,27.0,84.4,229.0
2019-10-05 02:30:00,27.0,82.4,229.4
2019-10-05 02:45:00,26.0,79.1,229.8
2019-10-05 03:00:00,26.0,80.9,229.9
2019-10-05 03:15:00,26.0,84.1,230.3
2019-10-05 03:30:00,26.0,68.3,230.8
2019-10-05 03:45:00,26.0,73.8,232.0
2019-10-05 04:00:00,26.0,68.7,232.2
2019-10-05 04:15:00,26.0,72.5,232.4
2019-10-05 04:30:00,26.0,74.4,232.8
2019-10-05 04:45:00,26.0,68.3,233.1
2019-10-05 05:00:00,26.0,63.3,233.8
2019-10-05 05:15:00,26.0,82.6,234.4
2019-10-05 05:30:00,26.0,82.0,234.4
2019-10-05 05:45:00,26.0,55.5,236.1
2019-10-05 06:00:00,26.0,56.0,236.5
2019-10-05 06:15:00,26.0,73.0,235.1
2019-10-05 06:30:00,26.0,60.4,234.8
2019-10-05 06:45:00,27.0,66.4,235.0
2019-10-05 07:00:00,27.0,68.6,234.2
2019-10-05 07:15:00,28.0,61.7,233.6
2019-10-05 07:30:00,28.0,82.1,233.0
2019-10-05 07:45:00,28.0,80.1,233.0
2019-10-05 08:00:00,29.0,54.2,233.7
2019-10-05 08:15:00,30.0,60.6,233.0
2019-10-05 08:30:00,30.0,73.7,231.3
2019-10-05 08:45:00,30.0,72.6,230.0
2019-10-05 09:00:00,30.0,70.9,229.5
2019-10-05 09:15:00,31.0,66.3,230.1
2019-10-05 09:30:00,31.0,68.1,229.4
2019-10-05 09:45:00,31.0,71.9,228.6
2019-10-05 10:00:00,32.0,76.5,228.3
2019-10-05 10:15:00,33.0,74.8,228.5
2019-10-05 10:30:00,33.0,86.9,227.5
2019-10-05 10:45:00,34.0,117.9,226.2
2019-10-05 11:00:00,35.0,113.0,226.2
2019-10-05 11:15:00,35.0,106.1,227.5
2019-10-05 11:30:00,35.0,124.5,225.8
2019-10-05 11:45:00,35.0,109.8,228.0
2019-10-05 12:00:00,36.0,119.6,227.5
2019-10-05 12:15:00,40.0,124.2,227.4
2019-10-05 12:30:00,40.0,122.3,228.5
2019-10-05 12:45:00,41.0,128.9,227.4
2019-10-05 13:00:00,37.0,138.3,227.5
2019-10-05 13:15:00,34.0,116.60000000000001,230.15
2019-10-05 13:30:00,34.0,120.6,229.8
2019-10-05 13:45:00,32.0,121.8,228.9
2019-10-05 14:00:00,31.0,128.2,227.7
2019-10-05 14:15:00,31.0,121.7,227.9
2019-10-05 14:30:00,31.0,128.4,228.1
2019-10-05 14:45:00,31.0,121.1,228.7
2019-10-05 15:00:00,32.0,99.64999999999999,231.7
2019-10-05 15:15:00,31.0,119.9,229.7
2019-10-05 15:30:00,31.0,119.2,228.4
2019-10-05 15:45:00,31.0,129.7,227.9
2019-10-05 16:00:00,31.0,134.4,227.8
2019-10-05 16:15:00,31.0,123.4,228.1
2019-10-05 16:30:00,31.0,118.0,228.8
2019-10-05 16:45:00,31.0,121.1,228.8
2019-10-05 17:00:00,31.0,127.4,227.1
2019-10-05 17:15:00,30.0,142.7,225.4
2019-10-05 17:30:00,30.0,150.0,223.6
2019-10-05 17:45:00,30.0,160.6,223.7
2019-10-05 18:00:00,29.0,185.6,221.8
2019-10-05 18:15:00,29.0,166.8,224.7
2019-10-05 18:30:00,29.0,148.0,224.7
2019-10-05 18:45:00,29.0,151.5,225.2
2019-10-05 19:00:00,29.0,155.4,225.2
2019-10-05 19:15:00,29.0,141.1,226.4
2019-10-05 19:30:00,29.0,137.4,226.7
2019-10-05 19:45:00,29.0,148.7,226.6
2019-10-05 20:00:00,29.0,134.2,227.2
2019-10-05 20:15:00,29.0,126.6,228.1
2019-10-05 20:30:00,29.0,129.5,228.5
2019-10-05 20:45:00,28.0,108.7,229.3
2019-10-05 21:00:00,28.0,105.1,229.8
2019-10-05 21:15:00,28.0,108.4,230.1
2019-10-05 21:30:00,28.0,109.5,228.8
2019-10-05 21:45:00,28.0,109.2,229.2
2019-10-05 22:00:00,28.0,103.1,229.6
2019-10-05 22:15:00,28.0,112.3,229.7
2019-10-05 22:30:00,27.0,116.6,228.8
2019-10-05 22:45:00,27.0,113.2,229.6
2019-10-05 23:00:00,27.0,120.7,229.5
2019-10-05 23:15:00,27.0,117.2,229.9
2019-10-05 23:30:00,27.0,116.9,230.4
2019-10-05 23:45:00,27.0,119.9,229.5
2019-10-06 00:00:00,27.0,87.6,231.0
2019-10-06 00:15:00,27.0,91.2,230.9
2019-10-06 00:30:00,27.0,87.8,231.0
2019-10-06 00:45:00,27.0,77.8,232.1
2019-10-06 01:00:00,27.0,79.3,232.5
2019-10-06 01:15:00,27.0,67.1,232.8
2019-10-06 01:30:00,27.0,71.9,233.2
2019-10-06 01:45:00,27.0,81.2,233.3
2019-10-06 02:00:00,27.0,80.3,233.0
2019-10-06 02:15:00,27.0,76.0,233.4
2019-10-06 02:30:00,27.0,87.2,233.3
2019-10-06 02:45:00,27.0,81.3,233.9
2019-10-06 03:00:00,27.0,72.7,234.4
2019-10-06 03:15:00,27.0,84.6,234.0
2019-10-06 03:30:00,27.0,73.1,234.5
2019-10-06 03:45:00,27.0,67.9,235.3
2019-10-06 04:00:00,27.0,70.6,235.8
2019-10-06 04:15:00,26.0,68.4,235.7
2019-10-06 04:30:00,26.0,73.1,235.9
2019-10-06 04:45:00,26.0,73.4,236.5
2019-10-06 05:00:00,26.0,64.6,237.1
2019-10-06 05:15:00,26.0,67.7,237.9
2019-10-06 05:30:00,26.0,68.5,238.5
2019-10-06 05:45:00,26.0,72.9,238.4
2019-10-06 06:00:00,26.0,71.9,238.6
2019-10-06 06:15:00,27.0,56.3,238.2
2019-10-06 06:30:00,27.0,61.6,237.6
2019-10-06 06:45:00,27.0,56.0,237.7
2019-10-06 07:00:00,28.0,55.1,237.6
2019-10-06 07:15:00,28.0,63.8,236.5
2019-10-06 07:30:00,29.0,62.0,236.1
2019-10-06 07:45:00,29.0,63.6,234.4
2019-10-06 08:00:00,29.0,57.7,233.9
2019-10-06 08:15:00,29.0,66.2,233.5
2019-10-06 08:30:00,29.0,67.3,232.3
2019-10-06 08:45:00,30.0,70.5,232.3
2019-10-06 09:00:00,30.0,66.6,233.1
2019-10-06 09:15:00,31.0,65.4,233.7
2019-10-06 09:30:00,31.0,70.5,232.4
2019-10-06 09:45:00,32.0,78.0,231.7
2019-10-06 10:00:00,33.0,80.5,231.9
2019-10-06 10:15:00,32.0,66.2,233.0
2019-10-06 10:30:00,32.0,64.1,232.8
2019-10-06 10:45:00,34.0,76.5,232.5
2019-10-06 11:00:00,34.0,89.9,232.3
2019-10-06 11:15:00,34.0,103.7,232.1
2019-10-06 11:30:00,34.0,109.6,231.5
2019-10-06 11:45:00,34.0,97.7,231.7
2019-10-06 12:00:00,35.0,93.4,231.6
2019-10-06 12:15:00,34.0,114.6,230.6
2019-10-06 12:30:00,37.0,90.6,231.9
2019-10-06 12:45:00,36.0,86.3,231.9
2019-10-06 13:00:00,35.0,113.4,230.9
2019-10-06 13:15:00,35.0,98.5,230.5
2019-10-06 13:30:00,34.0,119.9,229.3
2019-10-06 13:45:00,35.0,109.5,229.0
2019-10-06 14:00:00,35.0,116.9,228.8
2019-10-06 14:15:00,35.0,112.6,230.0
2019-10-06 14:30:00,35.0,120.4,229.6
2019-10-06 14:45:00,34.0,112.7,229.6
2019-10-06 15:00:00,34.0,90.9,231.3
2019-10-06 15:15:00,33.0,96.4,232.0
2019-10-06 15:30:00,33.0,113.0,231.8
2019-10-06 15:45:00,32.0,116.9,232.1
2019-10-06 16:00:00,32.0,99.3,234.2
2019-10-06 16:15:00,31.0,119.9,233.1
2019-10-06 16:30:00,31.0,107.4,234.1
2019-10-06 16:45:00,30.0,111.7,234.3
2019-10-06 17:00:00,30.0,110.3,233.8
2019-10-06 17:15:00,30.0,139.9,231.7
2019-10-06 17:30:00,29.0,148.5,227.6
2019-10-06 17:45:00,29.0,141.3,227.1
2019-10-06 18:00:00,29.0,138.7,227.0
2019-10-06 18:15:00,29.0,113.3,227.9
2019-10-06 18:30:00,29.0,112.9,228.2
2019-10-06 18:45:00,29.0,115.2,226.4
2019-10-06 19:00:00,29.0,115.5,226.8
2019-10-06 19:15:00,29.0,118.9,227.2
2019-10-06 19:30:00,28.0,100.8,228.0
2019-10-06 19:45:00,29.0,111.3,227.9
2019-10-06 20:00:00,28.0,88.9,228.5
2019-10-06 20:15:00,28.0,94.2,228.7
2019-10-06 20:30:00,28.0,96.4,228.6
2019-10-06 20:45:00,28.0,88.6,229.9
2019-10-06 21:00:00,28.0,84.5,230.3
2019-10-06 21:15:00,28.0,98.2,230.3
2019-10-06 21:30:00,28.0,89.0,230.9
2019-10-06 21:45:00,28.0,104.4,230.2
2019-10-06 22:00:00,28.0,97.2,231.1
2019-10-06 22:15:00,27.0,96.9,231.3
2019-10-06 22:30:00,27.0,98.2,231.4
2019-10-06 22:45:00,27.0,98.6,230.7
2019-10-06 23:00:00,27.0,107.8,230.4
2019-10-06 23:15:00,27.0,115.8,229.8
2019-10-06 23:30:00,27.0,102.2,230.6
2019-10-06 23:45:00,27.0,106.5,230.4
2019-10-07 00:00:00,27.0,95.7,231.5
2019-10-07 00:15:00,27.0,110.0,231.1
2019-10-07 00:30:00,27.0,79.5,233.2
2019-10-07 00:45:00,27.0,80.7,233.4
2019-10-07 01:00:00,27.0,74.7,233.8
2019-10-07 01:15:00,27.0,82.3,233.9
2019-10-07 01:30:00,27.0,99.5,233.9
2019-10-07 01:45:00,27.0,83.3,234.6
2019-10-07 02:00:00,27.0,76.4,234.9
2019-10-07 02:15:00,27.0,74.1,235.5
2019-10-07 02:30:00,26.0,84.5,235.8
2019-10-07 02:45:00,26.0,73.0,235.8
2019-10-07 03:00:00,26.0,76.6,236.1
2019-10-07 03:15:00,26.0,73.8,236.3
2019-10-07 03:30:00,26.0,83.4,236.2
2019-10-07 03:45:00,26.0,78.8,236.4
2019-10-07 04:00:00,26.0,67.8,236.8
2019-10-07 04:15:00,26.0,76.4,236.9
2019-10-07 04:30:00,26.0,65.5,237.1
2019-10-07 04:45:00,26.0,75.5,236.9
2019-10-07 05:00:00,26.0,70.7,237.5
2019-10-07 05:15:00,26.0,63.4,238.3
2019-10-07 05:30:00,26.0,65.0,239.0
2019-10-07 05:45:00,26.0,54.0,239.7
2019-10-07 06:00:00,26.0,64.2,239.3
2019-10-07 06:15:00,26.0,53.6,240.0
2019-10-07 06:30:00,27.0,54.1,240.2
2019-10-07 06:45:00,27.0,61.1,239.1
2019-10-07 07:00:00,27.0,53.9,239.6
2019-10-07 07:15:00,27.0,71.0,235.8
2019-10-07 07:30:00,28.0,74.4,235.9
2019-10-07 07:45:00,28.0,66.4,235.1
2019-10-07 08:00:00,29.0,53.2,234.5
2019-10-07 08:15:00,29.0,52.3,235.5
2019-10-07 08:30:00,29.0,54.4,234.6
2019-10-07 08:45:00,30.0,52.1,234.8
2019-10-07 09:00:00,30.0,60.6,234.0
2019-10-07 09:15:00,31.0,72.1,233.1
2019-10-07 09:30:00,31.0,78.0,233.1
2019-10-07 09:45:00,31.0,86.0,231.7
2019-10-07 10:00:00,32.0,61.4,232.8
2019-10-07 10:15:00,32.0,67.6,232.7
2019-10-07 10:30:00,32.0,72.0,232.4
2019-10-07 10:45:00,32.0,74.0,234.0
2019-10-07 11:00:00,32.0,85.3,234.1
2019-10-07 11:15:00,32.0,82.3,234.1
2019-10-07 11:30:00,32.0,80.5,234.4
2019-10-07 11:45:00,32.0,88.6,233.5
2019-10-07 12:00:00,35.0,95.3,233.4
2019-10-07 12:15:00,32.0,76.5,234.3
2019-10-07 12:30:00,32.0,102.7,233.7
2019-10-07 12:45:00,36.0,113.5,233.2
2019-10-07 13:00:00,30.0,115.3,233.8
2019-10-07 13:15:00,28.0,100.5,234.3
2019-10-07 13:30:00,29.0,86.9,235.89999999999998
2019-10-07 13:45:00,28.0,85.3,236.7
2019-10-07 14:00:00,28.0,94.9,238.1
2019-10-07 14:15:00,27.0,89.3,237.9
2019-10-07 14:30:00,27.0,97.0,236.0
2019-10-07 14:45:00,27.0,94.0,235.5
2019-10-07 15:00:00,27.0,92.4,235.3
2019-10-07 15:15:00,27.0,85.9,237.0
2019-10-07 15:30:00,27.0,103.6,235.5
2019-10-07 15:45:00,27.0,107.4,234.7
2019-10-07 16:00:00,27.0,105.2,233.9
2019-10-07 16:15:00,27.0,80.0,236.3
2019-10-07 16:30:00,26.0,78.2,230.4
2019-10-07 16:45:00,26.0,116.5,226.6
2019-10-07 17:00:00,26.0,88.7,235.0
2019-10-07 17:15:00,26.0,119.0,230.0
2019-10-07 17:30:00,26.0,102.9,229.6
2019-10-07 17:45:00,26.0,102.9,228.3
2019-10-07 18:00:00,26.0,110.1,231.9
2019-10-07 18:15:00,26.0,103.3,233.5
2019-10-07 18:30:00,26.0,91.8,234.3
2019-10-07 18:45:00,26.0,95.1,234.5
2019-10-07 19:00:00,26.0,98.0,235.4
2019-10-07 19:15:00,26.0,85.9,235.7
2019-10-07 19:30:00,26.0,85.2,236.7
2019-10-07 19:45:00,26.0,95.7,237.8
2019-10-07 20:00:00,26.0,86.4,237.6
2019-10-07 20:15:00,26.0,101.3,236.3
2019-10-07 20:30:00,26.0,87.6,237.7
2019-10-07 20:45:00,26.0,90.4,237.2
2019-10-07 21:00:00,25.0,80.6,237.2
2019-10-07 21:15:00,25.0,83.1,237.7
2019-10-07 21:30:00,25.0,83.8,237.9
2019-10-07 21:45:00,25.0,74.9,238.1
2019-10-07 22:00:00,25.0,82.8,238.0
2019-10-07 22:15:00,25.0,78.0,237.9
2019-10-07 22:30:00,25.0,89.0,236.7
2019-10-07 22:45:00,25.0,86.5,237.4
2019-10-07 23:00:00,25.0,74.2,238.2
2019-10-07 23:15:00,25.0,80.0,237.8
2019-10-07 23:30:00,25.0,70.0,237.9
2019-10-07 23:45:00,25.0,80.3,237.6
2019-10-08 00:00:00,25.0,82.2,238.2
2019-10-08 00:15:00,25.0,74.5,237.9
2019-10-08 00:30:00,25.0,76.9,238.1
2019-10-08 00:45:00,25.0,66.6,238.7
2019-10-08 01:00:00,25.0,84.6,238.2
2019-10-08 01:15:00,25.0,82.4,238.6
2019-10-08 01:30:00,25.0,100.3,237.7
2019-10-08 01:45:00,25.0,102.9,237.9
2019-10-08 02:00:00,25.0,99.9,238.4
2019-10-08 02:15:00,25.0,97.9,239.1
2019-10-08 02:30:00,25.0,103.7,239.2
2019-10-08 02:45:00,25.0,78.1,239.8
2019-10-08 03:00:00,25.0,75.1,240.2
2019-10-08 03:15:00,25.0,90.1,240.8
2019-10-08 03:30:00,25.0,87.0,240.7
2019-10-08 03:45:00,25.0,81.6,241.0
2019-10-08 04:00:00,25.0,84.6,240.8
2019-10-08 04:15:00,25.0,60.8,241.5
2019-10-08 04:30:00,25.0,65.3,241.6
2019-10-08 04:45:00,25.0,76.1,241.7
2019-10-08 05:00:00,25.0,63.4,241.9
2019-10-08 05:15:00,25.0,56.8,243.0
2019-10-08 05:30:00,25.0,50.2,243.4
2019-10-08 05:45:00,25.0,59.2,243.6
2019-10-08 06:00:00,26.0,63.2,243.1
2019-10-08 06:15:00,26.0,56.1,242.7
2019-10-08 06:30:00,26.0,54.0,241.2
2019-10-08 06:45:00,27.0,53.2,241.1
2019-10-08 07:00:00,27.0,44.2,241.5
2019-10-08 07:15:00,27.0,46.7,240.7
2019-10-08 07:30:00,28.0,55.3,240.3
2019-10-08 07:45:00,28.0,64.3,238.7
2019-10-08 08:00:00,29.0,57.9,237.1
2019-10-08 08:15:00,29.0,49.4,236.6
2019-10-08 08:30:00,29.0,46.1,236.7
2019-10-08 08:45:00,29.0,48.7,237.1
2019-10-08 09:00:00,30.0,50.2,237.0
2019-10-08 09:15:00,31.0,52.75,237.7
2019-10-08 09:30:00,31.0,82.9,239.2
2019-10-08 09:45:00,31.0,75.6,239.3
2019-10-08 10:00:00,31.0,65.8,239.8
2019-10-08 10:15:00,31.0,58.0,239.5
2019-10-08 10:30:00,31.0,62.3,238.9
2019-10-08 10:45:00,32.0,64.1,238.2
2019-10-08 11:00:00,32.0,69.4,237.8
2019-10-08 11:15:00,32.0,66.5,238.1
2019-10-08 11:30:00,32.0,67.5,237.6
2019-10-08 11:45:00,33.0,73.2,236.7
2019-10-08 12:00:00,34.0,90.4,237.7
2019-10-08 12:15:00,33.0,81.9,239.7
2019-10-08 12:30:00,35.0,81.3,239.6
2019-10-08 12:45:00,34.0,81.6,239.5
2019-10-08 13:00:00,33.0,99.9,238.7
2019-10-08 13:15:00,35.0,109.4,237.9
2019-10-08 13:30:00,36.0,124.9,237.4
2019-10-08 13:45:00,34.0,100.4,237.8
2019-10-08 14:00:00,35.0,95.3,238.3
2019-10-08 14:15:00,34.0,103.5,238.3
2019-10-08 14:30:00,34.0,94.3,238.0
2019-10-08 14:45:00,32.0,100.0,238.6
2019-10-08 15:00:00,32.0,96.7,238.0
2019-10-08 15:15:00,32.0,113.1,237.8
2019-10-08 15:30:00,31.0,115.9,238.1
2019-10-08 15:45:00,31.0,101.6,238.5
2019-10-08 16:00:00,31.0,112.8,238.5
2019-10-08 16:15:00,30.0,117.1,238.6
2019-10-08 16:30:00,30.0,114.2,238.4
2019-10-08 16:45:00,30.0,91.8,239.2
2019-10-08 17:00:00,30.0,88.2,238.8
2019-10-08 17:15:00,29.0,95.7,235.3
2019-10-08 17:30:00,29.0,95.1,234.9
2019-10-08 17:45:00,29.0,97.7,235.8
2019-10-08 18:00:00,29.0,105.9,235.7
2019-10-08 18:15:00,29.0,109.2,236.0
2019-10-08 18:30:00,29.0,104.3,236.3
2019-10-08 18:45:00,29.0,114.3,236.4
2019-10-08 19:00:00,28.0,104.3,237.4
2019-10-08 19:15:00,28.0,96.3,237.5
2019-10-08 19:30:00,28.0,93.4,238.0
2019-10-08 19:45:00,28.0,86.7,237.9
2019-10-08 20:00:00,28.0,90.8,238.4
2019-10-08 20:15:00,28.0,94.5,238.3
2019-10-08 20:30:00,28.0,112.7,238.0
2019-10-08 20:45:00,28.0,101.9,238.4
2019-10-08 21:00:00,28.0,105.2,238.5
2019-10-08 21:15:00,28.0,102.4,238.9
2019-10-08 21:30:00,28.0,127.8,238.4
2019-10-08 21:45:00,28.0,113.3,238.7
2019-10-08 22:00:00,28.0,113.5,239.0
2019-10-08 22:15:00,28.0,100.0,239.5
2019-10-08 22:30:00,27.0,105.6,240.0
2019-10-08 22:45:00,27.0,85.0,240.7
2019-10-08 23:00:00,27.0,89.7,240.8
2019-10-08 23:15:00,27.0,92.0,240.9
2019-10-08 23:30:00,27.0,88.3,241.1
2019-10-08 23:45:00,27.0,80.2,241.6
2019-10-09 00:00:00,27.0,86.7,241.9
2019-10-09 00:15:00,27.0,78.9,242.4
2019-10-09 00:30:00,26.0,72.0,242.4
2019-10-09 00:45:00,26.0,76.5,242.2
2019-10-09 01:00:00,26.0,76.0,243.0
2019-10-09 01:15:00,26.0,85.6,242.3
2019-10-09 01:30:00,26.0,83.9,242.7
2019-10-09 01:45:00,26.0,78.8,242.7
2019-10-09 02:00:00,26.0,83.1,243.0
2019-10-09 02:15:00,26.0,75.2,243.1
2019-10-09 02:30:00,26.0,60.5,244.3
2019-10-09 02:45:00,26.0,59.3,243.8
2019-10-09 03:00:00,25.0,62.7,244.0
2019-10-09 03:15:00,25.0,64.3,244.2
2019-10-09 03:30:00,26.0,70.2,243.7
2019-10-09 03:45:00,26.0,62.6,243.7
2019-10-09 04:00:00,25.0,75.9,244.7
2019-10-09 04:15:00,25.0,64.1,244.6
2019-10-09 04:30:00,25.0,66.6,245.0
2019-10-09 04:45:00,25.0,51.1,245.4
2019-10-09 05:00:00,25.0,79.0,244.5
2019-10-09 05:15:00,25.0,74.9,245.4
2019-10-09 05:30:00,25.0,65.6,246.2
2019-10-09 05:45:00,25.0,66.6,245.4
2019-10-09 06:00:00,25.0,61.6,245.8
2019-10-09 06:15:00,26.0,63.3,244.6
2019-10-09 06:30:00,26.0,69.7,244.0
2019-10-09 06:45:00,26.0,55.0,245.2
2019-10-09 07:00:00,27.0,50.8,244.5
2019-10-09 07:15:00,27.0,61.7,243.2
2019-10-09 07:30:00,28.0,55.5,244.0
2019-10-09 07:45:00,28.0,51.0,243.2
2019-10-09 08:00:00,29.0,53.7,243.8
2019-10-09 08:15:00,29.0,48.2,242.6
2019-10-09 08:30:00,30.0,55.4,241.8
2019-10-09 08:45:00,30.0,55.2,241.5
2019-10-09 09:00:00,31.0,66.1,240.9
2019-10-09 09:15:00,31.0,52.9,240.6
2019-10-09 09:30:00,32.0,58.7,240.1
2019-10-09 09:45:00,32.0,70.7,239.7
2019-10-09 10:00:00,32.0,57.4,240.8
2019-10-09 10:15:00,33.0,59.6,241.1
2019-10-09 10:30:00,33.0,81.5,239.3
2019-10-09 10:45:00,34.0,96.7,238.7
2019-10-09 11:00:00,33.0,114.9,237.7
2019-10-09 11:15:00,34.0,133.0,236.8
2019-10-09 11:30:00,34.0,125.9,237.4
2019-10-09 11:45:00,34.0,132.2,237.2
2019-10-09 12:00:00,36.0,129.3,237.1
2019-10-09 12:15:00,33.0,138.9,237.0
2019-10-09 12:30:00,33.0,130.9,237.6
2019-10-09 12:45:00,34.0,137.8,237.6
2019-10-09 13:00:00,34.0,128.0,238.5
2019-10-09 13:15:00,34.0,132.2,236.7
2019-10-09 13:30:00,32.0,127.2,237.1
2019-10-09 13:45:00,32.0,116.3,237.3
2019-10-09 14:00:00,31.0,133.6,237.5
2019-10-09 14:15:00,28.5,97.0,239.5
2019-10-09 14:30:00,27.0,134.5,238.2
2019-10-09 14:45:00,27.0,129.0,237.9
2019-10-09 15:00:00,27.0,118.4,239.2
2019-10-09 15:15:00,27.0,120.5,239.8
2019-10-09 15:30:00,27.0,97.7,240.0
2019-10-09 15:45:00,27.0,95.6,238.7
2019-10-09 16:00:00,27.0,91.5,239.4
2019-10-09 16:15:00,27.0,95.9,238.9
2019-10-09 16:30:00,27.0,92.2,238.8
2019-10-09 16:45:00,27.0,109.9,238.3
2019-10-09 17:00:00,27.0,122.7,237.9
2019-10-09 17:15:00,27.0,132.2,236.1
2019-10-09 17:30:00,26.0,116.0,235.5
2019-10-09 17:45:00,24.0,118.0,236.1
2019-10-09 18:00:00,24.0,118.0,236.0
2019-10-09 18:15:00,24.0,112.8,236.8
2019-10-09 18:30:00,24.0,123.8,236.8
2019-10-09 18:45:00,24.0,123.6,237.3
2019-10-09 19:00:00,24.0,127.8,237.4
2019-10-09 19:15:00,24.0,119.8,237.8
2019-10-09 19:30:00,24.0,119.6,237.5
2019-10-09 19:45:00,24.0,116.0,238.1
2019-10-09 20:00:00,24.0,123.5,238.3
2019-10-09 20:15:00,24.0,118.1,239.1
2019-10-09 20:30:00,24.0,114.3,238.8
2019-10-09 20:45:00,24.0,112.0,239.0
2019-10-09 21:00:00,24.0,108.2,239.5
2019-10-09 21:15:00,24.0,101.6,239.3
2019-10-09 21:30:00,24.0,98.1,239.4
2019-10-09 21:45:00,24.0,109.1,239.9
2019-10-09 22:00:00,24.0,100.5,240.3
2019-10-09 22:15:00,24.0,96.5,239.6
2019-10-09 22:30:00,24.0,99.5,239.5
2019-10-09 22:45:00,24.0,92.1,239.9
2019-10-09 23:00:00,24.0,89.9,240.6
2019-10-09 23:15:00,24.0,94.7,240.3
2019-10-09 23:30:00,24.0,94.6,241.2
2019-10-09 23:45:00,24.0,72.1,242.5
2019-10-10 00:00:00,24.0,67.6,242.4
2019-10-10 00:15:00,24.0,68.9,242.7
2019-10-10 00:30:00,24.0,65.6,243.1
2019-10-10 00:45:00,24.0,59.6,243.9
2019-10-10 01:00:00,24.0,77.6,243.5
2019-10-10 01:15:00,24.0,71.7,243.8
2019-10-10 01:30:00,24.0,66.9,243.9
2019-10-10 01:45:00,24.0,82.0,243.3
2019-10-10 02:00:00,24.0,64.8,244.0
2019-10-10 02:15:00,24.0,60.6,244.2
2019-10-10 02:30:00,24.0,63.6,243.9
2019-10-10 02:45:00,24.0,69.8,244.1
2019-10-10 03:00:00,24.0,55.9,244.4
2019-10-10 03:15:00,24.0,56.4,244.8
2019-10-10 03:30:00,24.0,62.8,245.0
2019-10-10 03:45:00,24.0,56.1,245.6
2019-10-10 04:00:00,24.0,63.6,244.9
2019-10-10 04:15:00,24.0,58.55,245.10000000000002
2019-10-10 04:30:00,24.0,53.5,245.3
2019-10-10 04:45:00,24.0,54.0,245.5
2019-10-10 05:00:00,24.0,65.7,245.0
2019-10-10 05:15:00,24.0,65.3,245.7
2019-10-10 05:30:00,24.0,66.5,245.8
2019-10-10 05:45:00,24.0,53.4,246.2
2019-10-10 06:00:00,24.0,45.5,246.8
2019-10-10 06:15:00,24.0,42.2,245.7
2019-10-10 06:30:00,25.0,48.0,245.2
2019-10-10 06:45:00,25.0,40.4,245.3
2019-10-10 07:00:00,25.0,42.0,244.9
2019-10-10 07:15:00,26.0,45.9,244.3
2019-10-10 07:30:00,26.0,54.2,244.2
2019-10-10 07:45:00,26.0,55.0,242.5
2019-10-10 08:00:00,26.0,44.8,243.2
2019-10-10 08:15:00,27.0,44.4,242.5
2019-10-10 08:30:00,27.0,56.0,241.9
2019-10-10 08:45:00,27.0,62.9,241.3
2019-10-10 09:00:00,27.0,54.5,241.5
2019-10-10 09:15:00,28.0,64.6,240.3
2019-10-10 09:30:00,28.0,67.9,240.5
2019-10-10 09:45:00,27.0,60.5,239.9
2019-10-10 10:00:00,28.0,64.3,240.9
2019-10-10 10:15:00,28.0,66.4,240.4
2019-10-10 10:30:00,28.0,75.9,239.3
2019-10-10 10:45:00,27.0,74.6,239.6
2019-10-10 11:00:00,25.0,65.3,240.5
2019-10-10 11:15:00,25.0,75.3,241.3
2019-10-10 11:30:00,25.0,76.3,242.0
2019-10-10 11:45:00,25.0,86.6,240.4
2019-10-10 12:00:00,25.0,91.9,240.3
2019-10-10 12:15:00,25.0,95.8,239.1
2019-10-10 12:30:00,25.0,93.4,239.3
2019-10-10 12:45:00,25.0,90.7,239.3
2019-10-10 13:00:00,25.0,91.8,239.3
2019-10-10 13:15:00,24.0,95.2,239.6
2019-10-10 13:30:00,24.25,98.625,239.725
2019-10-10 13:45:00,24.5,102.05000000000001,239.85
2019-10-10 14:00:00,24.75,105.47500000000001,239.975
2019-10-10 14:15:00,25.0,108.9,240.1
2019-10-10 14:30:00,25.0,110.0,239.8
2019-10-10 14:45:00,25.0,105.5,240.4
2019-10-10 15:00:00,25.0,109.3,239.8
2019-10-10 15:15:00,25.0,97.8,240.0
2019-10-10 15:30:00,25.0,105.1,240.0
2019-10-10 15:45:00,25.0,97.8,240.1
2019-10-10 16:00:00,25.0,0.0,240.8
2019-10-10 16:15:00,25.0,0.0,240.2
2019-10-10 16:30:00,25.0,111.0,240.4
2019-10-10 16:45:00,25.0,129.6,239.9
2019-10-10 17:00:00,25.0,116.0,239.8
2019-10-10 17:15:00,25.0,0.0,239.0
2019-10-10 17:30:00,25.0,144.0,237.9
2019-10-10 17:45:00,25.0,149.3,237.9
2019-10-10 18:00:00,25.0,151.1,238.4
2019-10-10 18:15:00,25.0,146.0,238.9
2019-10-10 18:30:00,25.0,152.7,238.8
2019-10-10 18:45:00,25.0,141.2,238.9
2019-10-10 19:00:00,25.0,145.5,239.2
2019-10-10 19:15:00,25.0,135.7,240.0
2019-10-10 19:30:00,25.0,149.8,239.7
2019-10-10 19:45:00,25.0,146.0,240.3
2019-10-10 20:00:00,25.0,131.8,240.9
2019-10-10 20:15:00,25.0,135.9,240.8
2019-10-10 20:30:00,25.0,135.7,241.5
2019-10-10 20:45:00,25.0,124.5,242.1
2019-10-10 21:00:00,25.0,129.2,242.2
2019-10-10 21:15:00,25.0,121.1,242.6
2019-10-10 21:30:00,25.0,109.2,243.3
2019-10-10 21:45:00,25.0,107.9,243.2
2019-10-10 22:00:00,25.0,105.1,243.9
2019-10-10 22:15:00,25.0,114.8,244.2
2019-10-10 22:30:00,25.0,100.9,244.9
2019-10-10 22:45:00,25.0,104.6,244.7
2019-10-10 23:00:00,25.0,105.8,244.6
2019-10-10 23:15:00,25.0,115.5,244.3
2019-10-10 23:30:00,25.0,83.3,245.7
2019-10-10 23:45:00,25.0,77.4,246.1
2019-10-11 00:00:00,25.0,78.2,246.0
2019-10-11 00:15:00,25.0,78.6,245.7
2019-10-11 00:30:00,25.0,75.4,246.4
2019-10-11 00:45:00,25.0,81.7,246.1
2019-10-11 01:00:00,25.0,84.4,246.2
2019-10-11 01:15:00,25.0,75.1,247.0
2019-10-11 01:30:00,25.0,73.0,246.7
2019-10-11 01:45:00,25.0,77.4,246.9
2019-10-11 02:00:00,25.0,76.4,247.7
2019-10-11 02:15:00,25.0,75.2,247.7
2019-10-11 02:30:00,25.0,66.0,248.2
2019-10-11 02:45:00,24.0,69.5,247.2
2019-10-11 03:00:00,24.0,62.7,247.8
2019-10-11 03:15:00,24.0,64.3,247.7
2019-10-11 03:30:00,24.0,62.2,248.0
2019-10-11 03:45:00,24.0,59.5,247.9
2019-10-11 04:00:00,24.0,58.5,248.1
2019-10-11 04:15:00,24.0,59.1,248.3
2019-10-11 04:30:00,24.0,56.2,248.3
2019-10-11 04:45:00,24.0,57.1,248.4
2019-10-11 05:00:00,24.0,59.5,247.6
2019-10-11 05:15:00,24.0,57.8,248.3
2019-10-11 05:30:00,25.0,57.3,247.9
2019-10-11 05:45:00,25.0,60.9,248.0
2019-10-11 06:00:00,25.0,57.3,248.7
2019-10-11 06:15:00,25.0,50.5,247.0
2019-10-11 06:30:00,25.0,53.4,246.9
2019-10-11 06:45:00,25.0,48.3,247.1
2019-10-11 07:00:00,25.0,51.9,246.5
2019-10-11 07:15:00,26.0,50.6,245.7
2019-10-11 07:30:00,26.0,52.7,245.4
2019-10-11 07:45:00,26.0,61.0,245.1
2019-10-11 08:00:00,26.0,67.9,245.1
2019-10-11 08:15:00,27.0,55.0,244.5
2019-10-11 08:30:00,27.0,59.3,244.1
2019-10-11 08:45:00,27.0,66.9,244.2
2019-10-11 09:00:00,27.0,71.6,243.0
2019-10-11 09:15:00,27.0,64.4,243.0
2019-10-11 09:30:00,28.0,74.3,242.0
2019-10-11 09:45:00,28.0,82.2,241.6
2019-10-11 10:00:00,29.0,111.1,240.9
2019-10-11 10:15:00,30.0,94.9,240.9
2019-10-11 10:30:00,30.0,86.2,241.4
2019-10-11 10:45:00,29.0,99.2,240.2
2019-10-11 11:00:00,30.0,104.1,239.4
2019-10-11 11:15:00,30.0,121.7,237.1
2019-10-11 11:30:00,31.0,118.6,236.9
2019-10-11 11:45:00,31.0,112.8,237.6
2019-10-11 12:00:00,32.0,110.7,239.3
2019-10-11 12:15:00,32.0,131.9,239.0
2019-10-11 12:30:00,33.0,135.7,238.2
2019-10-11 12:45:00,31.0,136.4,238.1
2019-10-11 13:00:00,31.0,124.4,238.3
2019-10-11 13:15:00,31.0,127.5,238.7
2019-10-11 13:30:00,30.0,128.3,238.6
2019-10-11 13:45:00,33.0,133.1,237.7
2019-10-11 14:00:00,37.0,146.9,236.7
2019-10-11 14:15:00,37.0,139.0,237.8
2019-10-11 14:30:00,34.0,136.8,237.3
2019-10-11 14:45:00,32.0,132.7,237.7
2019-10-11 15:00:00,34.0,131.1,238.5
2019-10-11 15:15:00,32.0,143.8,239.0
2019-10-11 15:30:00,32.0,144.3,238.0
2019-10-11 15:45:00,31.0,132.8,238.0
2019-10-11 16:00:00,31.0,134.3,237.8
2019-10-11 16:15:00,31.0,151.8,239.4
2019-10-11 16:30:00,30.0,134.0,239.7
2019-10-11 16:45:00,30.0,126.2,239.0
2019-10-11 17:00:00,30.0,129.5,239.6
2019-10-11 17:15:00,29.0,143.9,238.1
2019-10-11 17:30:00,29.0,127.6,239.3
2019-10-11 17:45:00,29.0,129.8,239.3
2019-10-11 18:00:00,29.0,131.5,239.5
2019-10-11 18:15:00,28.0,130.3,240.7
2019-10-11 18:30:00,28.0,135.3,236.8
2019-10-11 18:45:00,28.0,132.2,237.9
2019-10-11 19:00:00,28.0,141.9,238.1
2019-10-11 19:15:00,28.0,130.2,238.2
2019-10-11 19:30:00,28.0,136.3,238.7
2019-10-11 19:45:00,28.0,129.4,238.8
2019-10-11 20:00:00,28.0,125.9,239.6
2019-10-11 20:15:00,27.0,126.5,239.8
2019-10-11 20:30:00,27.0,130.5,240.2
2019-10-11 20:45:00,27.0,129.6,241.0
2019-10-11 21:00:00,27.0,128.4,241.4
2019-10-11 21:15:00,27.0,123.6,241.5
2019-10-11 21:30:00,27.0,118.6,242.1
2019-10-11 21:45:00,27.0,127.5,242.5
2019-10-11 22:00:00,26.0,124.3,242.6
2019-10-11 22:15:00,26.0,114.7,242.9
2019-10-11 22:30:00,26.0,114.5,243.2
2019-10-11 22:45:00,26.0,84.3,244.3
2019-10-11 23:00:00,26.0,76.0,245.2
2019-10-11 23:15:00,26.0,75.6,245.4
2019-10-11 23:30:00,26.0,80.5,245.2
2019-10-11 23:45:00,25.0,78.5,245.9
2019-10-12 00:00:00,25.0,77.1,246.4
2019-10-12 00:15:00,25.0,83.3,245.8
2019-10-12 00:30:00,25.0,81.5,246.0
2019-10-12 00:45:00,25.0,80.5,247.0
2019-10-12 01:00:00,25.0,75.0,246.7
2019-10-12 01:15:00,25.0,65.2,246.9
2019-10-12 01:30:00,25.0,73.4,246.9
2019-10-12 01:45:00,25.0,65.9,247.2
2019-10-12 02:00:00,25.0,65.7,247.5
2019-10-12 02:15:00,25.0,67.0,247.3
2019-10-12 02:30:00,25.0,64.4,248.0
2019-10-12 02:45:00,24.5,55.8,248.35000000000002
2019-10-12 03:00:00,25.0,57.0,248.3
2019-10-12 03:15:00,24.0,53.1,248.3
2019-10-12 03:30:00,24.0,53.1,248.3
2019-10-12 03:45:00,24.0,57.6,247.9
2019-10-12 04:00:00,24.0,58.5,248.4
2019-10-12 04:15:00,24.0,60.5,247.8
2019-10-12 04:30:00,24.0,59.6,248.6
2019-10-12 04:45:00,24.0,52.8,248.3
2019-10-12 05:00:00,24.0,47.9,248.9
2019-10-12 05:15:00,24.0,46.4,250.3
2019-10-12 05:30:00,24.0,53.3,250.2
2019-10-12 05:45:00,24.0,49.6,250.1
2019-10-12 06:00:00,24.0,53.2,250.0
2019-10-12 06:15:00,24.0,64.0,248.6
2019-10-12 06:30:00,24.0,52.2,248.8
2019-10-12 06:45:00,24.0,52.1,248.6
2019-10-12 07:00:00,25.0,53.1,248.1
2019-10-12 07:15:00,26.0,55.1,248.3
2019-10-12 07:30:00,26.0,49.1,247.7
2019-10-12 07:45:00,26.0,52.4,246.7
2019-10-12 08:00:00,27.0,60.0,246.7
2019-10-12 08:15:00,27.0,66.9,245.7
2019-10-12 08:30:00,28.0,60.1,246.2
2019-10-12 08:45:00,28.0,58.4,246.3
2019-10-12 09:00:00,28.0,83.7,246.1
2019-10-12 09:15:00,29.0,68.4,245.3
2019-10-12 09:30:00,30.0,81.6,244.7
2019-10-12 09:45:00,30.0,75.0,244.8
2019-10-12 10:00:00,30.0,75.9,244.2
2019-10-12 10:15:00,30.0,88.8,243.0
2019-10-12 10:30:00,31.0,84.5,242.5
2019-10-12 10:45:00,32.0,99.2,241.7
2019-10-12 11:00:00,32.5,95.80000000000001,241.75
2019-10-12 11:15:00,33.0,92.4,241.8
2019-10-12 11:30:00,33.0,115.8,240.9
2019-10-12 11:45:00,33.0,106.3,240.8
2019-10-12 12:00:00,37.0,101.7,241.1
2019-10-12 12:15:00,35.0,123.4,240.4
2019-10-12 12:30:00,39.0,121.6,239.7
2019-10-12 12:45:00,33.0,128.4,238.3
2019-10-12 13:00:00,35.0,146.4,237.5
2019-10-12 13:15:00,35.0,129.5,238.3
2019-10-12 13:30:00,37.0,147.4,237.5
2019-10-12 13:45:00,37.0,140.9,236.4
2019-10-12 14:00:00,38.0,127.7,238.1
2019-10-12 14:15:00,37.0,141.9,236.5
2019-10-12 14:30:00,37.0,126.9,238.2
2019-10-12 14:45:00,34.0,126.6,238.3
2019-10-12 15:00:00,35.0,128.2,239.4
2019-10-12 15:15:00,32.0,136.5,239.0
2019-10-12 15:30:00,31.5,111.45,240.75
2019-10-12 15:45:00,31.0,126.1,241.1
2019-10-12 16:00:00,31.0,123.0,240.1
2019-10-12 16:15:00,31.0,129.3,240.8
2019-10-12 16:30:00,30.0,127.9,240.7
2019-10-12 16:45:00,30.0,130.6,240.6
2019-10-12 17:00:00,30.0,130.5,240.9
2019-10-12 17:15:00,29.0,136.4,239.4
2019-10-12 17:30:00,29.0,147.1,237.4
2019-10-12 17:45:00,29.0,157.3,236.8
2019-10-12 18:00:00,29.0,139.4,237.8
2019-10-12 18:15:00,29.0,135.9,237.9
2019-10-12 18:30:00,28.0,154.1,237.8
2019-10-12 18:45:00,28.0,133.3,239.3
2019-10-12 19:00:00,28.0,137.4,239.5
2019-10-12 19:15:00,28.0,133.9,240.1
2019-10-12 19:30:00,28.0,145.9,239.6
2019-10-12 19:45:00,27.0,116.5,240.3
2019-10-12 20:00:00,27.0,114.3,241.6
2019-10-12 20:15:00,27.0,111.4,241.0
2019-10-12 20:30:00,27.0,119.4,241.0
2019-10-12 20:45:00,27.0,109.5,241.7
2019-10-12 21:00:00,27.0,106.3,242.2
2019-10-12 21:15:00,27.0,76.1,243.5
2019-10-12 21:30:00,26.0,78.9,244.0
2019-10-12 21:45:00,26.0,72.8,244.7
2019-10-12 22:00:00,26.0,72.3,245.1
2019-10-12 22:15:00,26.0,77.0,244.3
2019-10-12 22:30:00,26.0,91.5,243.5
2019-10-12 22:45:00,26.0,93.3,244.0
2019-10-12 23:00:00,26.0,77.8,244.5
2019-10-12 23:15:00,25.0,76.6,245.0
2019-10-12 23:30:00,25.0,78.9,245.1
2019-10-12 23:45:00,25.0,73.6,245.5
2019-10-13 00:00:00,25.0,69.4,245.6
2019-10-13 00:15:00,25.0,63.0,245.9
2019-10-13 00:30:00,25.0,64.9,246.0
2019-10-13 00:45:00,25.0,68.0,246.3
2019-10-13 01:00:00,25.0,67.3,246.4
2019-10-13 01:15:00,25.0,58.9,246.7
2019-10-13 01:30:00,25.0,66.2,246.7
2019-10-13 01:45:00,25.0,70.6,246.9
2019-10-13 02:00:00,25.0,64.9,246.9
2019-10-13 02:15:00,25.0,58.8,247.3
2019-10-13 02:30:00,24.0,56.6,247.5
2019-10-13 02:45:00,24.0,58.5,247.6
2019-10-13 03:00:00,24.0,51.7,248.0
2019-10-13 03:15:00,24.0,57.4,247.8
2019-10-13 03:30:00,24.0,48.4,248.2
2019-10-13 03:45:00,24.0,44.9,248.4
2019-10-13 04:00:00,24.0,47.1,248.6
2019-10-13 04:15:00,24.0,39.3,249.0
2019-10-13 04:30:00,24.0,44.4,248.8
2019-10-13 04:45:00,24.0,41.5,247.2
2019-10-13 05:00:00,24.0,42.4,247.4
2019-10-13 05:15:00,24.0,42.0,247.7
2019-10-13 05:30:00,24.0,55.1,247.2
2019-10-13 05:45:00,24.0,51.3,247.5
2019-10-13 06:00:00,24.0,49.4,247.2
2019-10-13 06:15:00,24.0,50.4,246.7
2019-10-13 06:30:00,24.0,42.3,246.8
2019-10-13 06:45:00,25.0,46.3,246.3
2019-10-13 07:00:00,25.0,52.1,245.9
2019-10-13 07:15:00,26.0,56.3,245.0
2019-10-13 07:30:00,27.0,41.6,244.8
2019-10-13 07:45:00,27.0,44.0,243.9
2019-10-13 08:00:00,28.0,41.9,244.3
2019-10-13 08:15:00,28.0,57.3,243.6
2019-10-13 08:30:00,29.0,49.8,243.1
2019-10-13 08:45:00,29.0,55.0,242.0
2019-10-13 09:00:00,30.0,57.3,242.1
2019-10-13 09:15:00,30.0,46.5,242.2
2019-10-13 09:30:00,30.0,48.3,242.3
2019-10-13 09:45:00,31.0,47.2,242.9
2019-10-13 10:00:00,31.0,45.5,242.7
2019-10-13 10:15:00,31.0,54.4,242.9
2019-10-13 10:30:00,32.0,57.7,241.9
2019-10-13 10:45:00,33.0,80.1,241.1
2019-10-13 11:00:00,33.0,87.3,240.0
2019-10-13 11:15:00,33.0,80.0,240.5
2019-10-13 11:30:00,34.0,72.8,240.6
2019-10-13 11:45:00,34.0,73.2,240.9
2019-10-13 12:00:00,37.0,83.3,240.8
2019-10-13 12:15:00,38.0,74.6,239.8
2019-10-13 12:30:00,39.0,84.8,239.1
2019-10-13 12:45:00,38.0,85.3,239.2
2019-10-13 13:00:00,35.0,82.5,239.9
2019-10-13 13:15:00,36.0,72.1,239.1
2019-10-13 13:30:00,38.0,85.6,239.0
2019-10-13 13:45:00,38.0,81.2,239.7
2019-10-13 14:00:00,37.0,77.2,240.0
2019-10-13 14:15:00,37.0,63.8,240.9
2019-10-13 14:30:00,36.0,61.8,241.0
2019-10-13 14:45:00,34.0,64.3,241.0
2019-10-13 15:00:00,35.0,76.6,240.8
2019-10-13 15:15:00,33.0,75.7,240.9
2019-10-13 15:30:00,32.0,79.7,241.1
2019-10-13 15:45:00,32.0,82.6,241.0
2019-10-13 16:00:00,31.0,82.2,241.1
2019-10-13 16:15:00,31.0,81.5,240.9
2019-10-13 16:30:00,30.0,85.7,241.1
2019-10-13 16:45:00,30.0,81.3,240.9
2019-10-13 17:00:00,29.0,101.4,240.1
2019-10-13 17:15:00,29.0,94.7,240.9
2019-10-13 17:30:00,29.0,95.7,240.1
2019-10-13 17:45:00,29.0,98.8,240.1
2019-10-13 18:00:00,29.0,110.9,239.6
2019-10-13 18:15:00,28.0,113.8,240.4
2019-10-13 18:30:00,28.0,100.5,241.3
2019-10-13 18:45:00,28.0,111.4,241.8
2019-10-13 19:00:00,28.0,109.4,242.1
2019-10-13 19:15:00,28.0,79.8,243.4
2019-10-13 19:30:00,27.0,72.1,243.6
2019-10-13 19:45:00,27.0,70.2,243.8
2019-10-13 20:00:00,27.0,72.2,244.2
2019-10-13 20:15:00,27.0,73.4,244.4
2019-10-13 20:30:00,27.0,70.7,245.1
2019-10-13 20:45:00,27.0,70.7,244.1
2019-10-13 21:00:00,26.0,75.8,244.1
2019-10-13 21:15:00,26.0,64.1,244.5
2019-10-13 21:30:00,26.0,72.1,244.4
2019-10-13 21:45:00,26.0,73.9,244.8
2019-10-13 22:00:00,25.0,68.6,244.9
2019-10-13 22:15:00,25.0,70.4,245.2
2019-10-13 22:30:00,25.0,64.0,245.6
2019-10-13 22:45:00,25.0,68.7,245.5
2019-10-13 23:00:00,25.0,73.2,245.8
2019-10-13 23:15:00,25.0,63.099999999999994,245.95
2019-10-13 23:30:00,25.0,68.7,245.6
2019-10-13 23:45:00,25.0,65.9,245.6
2019-10-14 00:00:00,25.0,80.5,245.6
2019-10-14 00:15:00,25.0,76.1,245.9
2019-10-14 00:30:00,25.0,64.3,246.0
2019-10-14 00:45:00,24.0,68.4,246.5
2019-10-14 01:00:00,24.0,69.0,246.6
2019-10-14 01:15:00,24.0,62.1,247.0
2019-10-14 01:30:00,24.0,62.6,247.6
2019-10-14 01:45:00,24.0,60.2,247.6
2019-10-14 02:00:00,24.0,57.4,247.9
2019-10-14 02:15:00,24.0,62.0,247.5
2019-10-14 02:30:00,24.0,63.5,247.7
2019-10-14 02:45:00,24.0,52.0,248.2
2019-10-14 03:00:00,24.0,59.8,247.9
2019-10-14 03:15:00,23.0,65.0,248.2
2019-10-14 03:30:00,23.0,55.9,248.2
2019-10-14 03:45:00,23.0,53.0,248.5
2019-10-14 04:00:00,23.0,50.0,248.6
2019-10-14 04:15:00,23.0,56.5,248.7
2019-10-14 04:30:00,23.0,59.0,248.7
2019-10-14 04:45:00,23.0,58.5,246.7
2019-10-14 05:00:00,23.0,47.1,247.5
2019-10-14 05:15:00,23.0,53.1,247.3
2019-10-14 05:30:00,23.0,44.4,248.0
2019-10-14 05:45:00,23.0,44.9,247.8
2019-10-14 06:00:00,23.0,49.7,247.5
2019-10-14 06:15:00,24.0,50.8,247.1
2019-10-14 06:30:00,24.0,49.3,247.0
2019-10-14 06:45:00,25.0,54.3,247.0
2019-10-14 07:00:00,25.0,46.8,246.5
2019-10-14 07:15:00,27.0,40.3,246.3
2019-10-14 07:30:00,26.0,53.8,245.3
2019-10-14 07:45:00,27.0,47.4,244.6
2019-10-14 08:00:00,28.0,55.7,244.0
2019-10-14 08:15:00,28.0,49.8,244.1
2019-10-14 08:30:00,28.0,57.5,243.4
2019-10-14 08:45:00,29.0,56.2,243.2
2019-10-14 09:00:00,29.0,64.6,242.5
2019-10-14 09:15:00,29.0,68.2,241.2
2019-10-14 09:30:00,30.0,66.1,240.7
2019-10-14 09:45:00,31.0,70.2,240.0
2019-10-14 10:00:00,32.0,72.2,240.8
2019-10-14 10:15:00,32.0,89.1,238.9
2019-10-14 10:30:00,32.0,82.0,238.7
2019-10-14 10:45:00,32.0,78.9,238.5
2019-10-14 11:00:00,33.0,98.0,238.3
2019-10-14 11:15:00,34.0,110.6,238.0
2019-10-14 11:30:00,33.0,114.4,237.5
2019-10-14 11:45:00,33.0,137.0,236.8
2019-10-14 12:00:00,35.0,132.4,237.5
2019-10-14 12:15:00,33.0,137.0,237.1
2019-10-14 12:30:00,39.0,129.3,237.2
2019-10-14 12:45:00,34.0,116.8,237.6
2019-10-14 13:00:00,36.0,133.2,237.0
2019-10-14 13:15:00,37.0,149.3,236.2
2019-10-14 13:30:00,39.0,135.2,236.2
2019-10-14 13:45:00,39.0,139.2,235.7
2019-10-14 14:00:00,39.0,130.9,236.2
2019-10-14 14:15:00,39.0,142.0,236.4
2019-10-14 14:30:00,38.0,160.8,235.8
2019-10-14 14:45:00,35.0,151.1,236.1
2019-10-14 15:00:00,36.0,150.6,236.7
2019-10-14 15:15:00,34.0,153.0,236.3
2019-10-14 15:30:00,33.0,149.8,236.6
2019-10-14 15:45:00,33.0,143.9,236.0
2019-10-14 16:00:00,32.0,150.8,236.1
2019-10-14 16:15:00,32.0,148.3,236.7
2019-10-14 16:30:00,32.0,136.6,236.9
2019-10-14 16:45:00,31.0,140.5,237.3
2019-10-14 17:00:00,30.0,154.8,237.3
2019-10-14 17:15:00,30.0,162.5,237.7
2019-10-14 17:30:00,30.0,173.8,233.4
2019-10-14 17:45:00,29.0,168.1,234.2
2019-10-14 18:00:00,29.0,164.8,235.4
2019-10-14 18:15:00,29.0,155.3,237.1
2019-10-14 18:30:00,29.0,131.0,238.7
2019-10-14 18:45:00,29.0,158.1,237.8
2019-10-14 19:00:00,28.0,141.1,238.8
2019-10-14 19:15:00,28.0,149.4,238.9
2019-10-14 19:30:00,28.0,143.9,238.9
2019-10-14 19:45:00,28.0,145.0,239.2
2019-10-14 20:00:00,27.0,140.6,239.9
2019-10-14 20:15:00,27.0,145.7,239.3
2019-10-14 20:30:00,27.0,129.5,240.3
2019-10-14 20:45:00,27.0,126.8,240.7
2019-10-14 21:00:00,27.0,100.4,242.4
2019-10-14 21:15:00,27.0,85.5,242.9
2019-10-14 21:30:00,27.0,95.9,243.2
2019-10-14 21:45:00,27.0,98.0,243.4
2019-10-14 22:00:00,26.0,96.1,243.6
2019-10-14 22:15:00,26.0,90.1,243.7
2019-10-14 22:30:00,26.0,89.4,243.4
2019-10-14 22:45:00,26.0,85.8,244.3
2019-10-14 23:00:00,26.0,75.5,244.5
2019-10-14 23:15:00,26.0,79.5,244.5
2019-10-14 23:30:00,26.0,87.1,244.4
2019-10-14 23:45:00,26.0,85.1,244.9
2019-10-15 00:00:00,26.0,73.8,245.6
2019-10-15 00:15:00,25.0,69.0,245.9
2019-10-15 00:30:00,25.0,71.7,246.0
2019-10-15 00:45:00,25.0,64.0,246.4
2019-10-15 01:00:00,25.0,65.8,246.4
2019-10-15 01:15:00,25.0,69.5,246.6
2019-10-15 01:30:00,25.0,65.2,247.0
2019-10-15 01:45:00,25.0,62.2,247.3
2019-10-15 02:00:00,25.0,65.4,246.5
2019-10-15 02:15:00,25.0,57.0,247.1
2019-10-15 02:30:00,25.0,63.4,246.8
2019-10-15 02:45:00,25.0,56.7,247.2
2019-10-15 03:00:00,25.0,50.6,247.6
2019-10-15 03:15:00,24.5,56.95,247.15
2019-10-15 03:30:00,24.0,54.9,247.4
2019-10-15 03:45:00,24.0,58.5,247.3
2019-10-15 04:00:00,24.0,50.2,247.9
2019-10-15 04:15:00,24.0,49.4,247.9
2019-10-15 04:30:00,24.0,50.9,247.7
2019-10-15 04:45:00,24.0,50.8,247.8
2019-10-15 05:00:00,24.0,55.5,248.0
2019-10-15 05:15:00,24.0,43.5,248.7
2019-10-15 05:30:00,24.0,44.3,248.7
2019-10-15 05:45:00,24.0,57.6,248.2
2019-10-15 06:00:00,25.0,39.4,249.3
2019-10-15 06:15:00,25.0,44.7,248.4
2019-10-15 06:30:00,25.0,42.0,247.9
2019-10-15 06:45:00,26.0,56.3,247.2
2019-10-15 07:00:00,27.0,44.9,246.9
2019-10-15 07:15:00,28.0,46.9,246.4
2019-10-15 07:30:00,27.0,52.0,245.8
2019-10-15 07:45:00,28.0,47.9,245.3
2019-10-15 08:00:00,28.0,49.1,245.0
2019-10-15 08:15:00,29.0,59.7,243.8
2019-10-15 08:30:00,29.0,51.9,243.2
2019-10-15 08:45:00,30.0,54.3,242.9
2019-10-15 09:00:00,30.5,52.25,243.0
2019-10-15 09:15:00,31.0,50.2,243.1
2019-10-15 09:30:00,32.0,59.6,241.4
2019-10-15 09:45:00,31.0,72.2,241.0
2019-10-15 10:00:00,32.0,66.2,241.0
2019-10-15 10:15:00,32.0,73.1,240.3
2019-10-15 10:30:00,33.0,102.9,238.2
2019-10-15 10:45:00,32.0,106.3,237.9
2019-10-15 11:00:00,33.0,125.9,236.8
2019-10-15 11:15:00,32.0,119.5,236.8
2019-10-15 11:30:00,34.0,104.1,237.5
2019-10-15 11:45:00,35.0,128.5,236.3
2019-10-15 12:00:00,34.0,122.6,236.7
2019-10-15 12:15:00,36.0,129.4,237.1
2019-10-15 12:30:00,34.0,139.4,236.3
2019-10-15 12:45:00,33.0,116.7,236.9
2019-10-15 13:00:00,33.0,128.6,236.7
2019-10-15 13:15:00,33.0,133.7,236.2
2019-10-15 13:30:00,33.0,131.0,236.3
2019-10-15 13:45:00,33.0,132.0,235.6
2019-10-15 14:00:00,39.0,122.8,236.3
2019-10-15 14:15:00,40.0,134.9,235.8
2019-10-15 14:30:00,38.0,147.0,234.0
2019-10-15 14:45:00,35.0,143.5,235.4
2019-10-15 15:00:00,36.0,152.5,234.4
2019-10-15 15:15:00,35.0,151.5,234.9
2019-10-15 15:30:00,34.0,152.4,234.5
2019-10-15 15:45:00,34.0,163.2,234.3
2019-10-15 16:00:00,33.0,146.2,234.6
2019-10-15 16:15:00,32.0,138.6,235.2
2019-10-15 16:30:00,32.0,141.3,235.2
2019-10-15 16:45:00,32.0,137.7,235.6
2019-10-15 17:00:00,31.0,151.1,234.9
2019-10-15 17:15:00,31.0,185.1,232.1
2019-10-15 17:30:00,31.0,182.9,231.1
2019-10-15 17:45:00,30.0,175.7,230.4
2019-10-15 18:00:00,30.0,177.0,231.1
2019-10-15 18:15:00,30.0,178.2,231.9
2019-10-15 18:30:00,30.0,185.2,232.3
2019-10-15 18:45:00,30.0,184.8,232.4
2019-10-15 19:00:00,30.0,186.5,232.6
2019-10-15 19:15:00,30.0,170.7,233.3
2019-10-15 19:30:00,29.0,182.3,233.4
2019-10-15 19:45:00,29.0,157.0,234.3
2019-10-15 20:00:00,29.0,146.2,235.2
2019-10-15 20:15:00,29.0,153.8,235.7
2019-10-15 20:30:00,29.0,141.6,236.9
2019-10-15 20:45:00,28.0,138.3,236.4
2019-10-15 21:00:00,28.0,138.2,237.5
2019-10-15 21:15:00,28.0,138.4,237.5
2019-10-15 21:30:00,28.0,107.3,238.9
2019-10-15 21:45:00,28.0,96.9,239.9
2019-10-15 22:00:00,27.0,92.0,240.6
2019-10-15 22:15:00,27.0,91.7,241.3
2019-10-15 22:30:00,27.0,97.8,241.3
2019-10-15 22:45:00,27.0,89.6,242.0
2019-10-15 23:00:00,27.0,90.4,242.3
2019-10-15 23:15:00,27.0,85.0,242.5
2019-10-15 23:30:00,27.0,85.1,242.2
2019-10-15 23:45:00,27.0,82.4,243.1
2019-10-16 00:00:00,27.0,83.4,243.1
2019-10-16 00:15:00,27.0,77.1,243.7
2019-10-16 00:30:00,27.0,88.2,243.3
2019-10-16 00:45:00,26.0,75.3,243.8
2019-10-16 01:00:00,26.0,73.1,243.7
2019-10-16 01:15:00,26.0,75.3,244.2
2019-10-16 01:30:00,26.0,66.6,244.4
2019-10-16 01:45:00,26.0,71.2,244.8
2019-10-16 02:00:00,26.0,65.4,244.7
2019-10-16 02:15:00,26.0,60.6,245.5
2019-10-16 02:30:00,26.0,66.4,244.9
2019-10-16 02:45:00,25.0,61.5,245.6
2019-10-16 03:00:00,25.0,75.0,245.5
2019-10-16 03:15:00,25.0,47.3,245.3
2019-10-16 03:30:00,25.0,59.1,245.2
2019-10-16 03:45:00,25.0,55.2,245.8
2019-10-16 04:00:00,25.0,61.0,245.9
2019-10-16 04:15:00,25.0,59.8,245.6
2019-10-16 04:30:00,26.0,57.3,246.3
2019-10-16 04:45:00,26.0,48.7,246.1
2019-10-16 05:00:00,26.0,61.4,245.9
2019-10-16 05:15:00,26.0,51.0,246.0
2019-10-16 05:30:00,26.0,50.6,246.8
2019-10-16 05:45:00,26.0,41.9,247.0
2019-10-16 06:00:00,26.0,50.1,246.7
2019-10-16 06:15:00,26.0,42.3,246.1
2019-10-16 06:30:00,26.0,46.6,246.0
2019-10-16 06:45:00,26.0,45.7,245.0
2019-10-16 07:00:00,27.0,47.9,244.4
2019-10-16 07:15:00,27.0,46.9,244.3
2019-10-16 07:30:00,27.0,48.6,243.6
2019-10-16 07:45:00,27.0,48.2,242.9
2019-10-16 08:00:00,27.0,57.5,242.2
2019-10-16 08:15:00,27.0,52.2,242.2
2019-10-16 08:30:00,28.0,50.4,242.0
2019-10-16 08:45:00,28.0,61.9,240.8
2019-10-16 09:00:00,28.0,61.1,241.0
2019-10-16 09:15:00,29.0,73.7,240.7
2019-10-16 09:30:00,29.0,67.3,240.8
2019-10-16 09:45:00,30.0,69.4,240.1
2019-10-16 10:00:00,29.0,67.2,239.8
2019-10-16 10:15:00,29.0,73.9,240.2
2019-10-16 10:30:00,29.0,79.7,239.4
2019-10-16 10:45:00,29.0,87.6,238.1
2019-10-16 11:00:00,29.0,110.8,236.6
2019-10-16 11:15:00,29.0,113.25,236.55
2019-10-16 11:30:00,29.0,115.7,236.5
2019-10-16 11:45:00,29.0,118.4,235.8
2019-10-16 12:00:00,33.0,114.0,237.1
2019-10-16 12:15:00,35.5,107.15,236.5
2019-10-16 12:30:00,34.0,109.0,236.9
2019-10-16 12:45:00,35.0,125.9,235.0
2019-10-16 13:00:00,34.0,117.7,236.0
2019-10-16 13:15:00,34.0,137.0,234.0
2019-10-16 13:30:00,35.0,128.4,233.2
2019-10-16 13:45:00,36.0,136.2,233.4
2019-10-16 14:00:00,34.0,128.8,233.2
2019-10-16 14:15:00,33.0,137.6,233.0
2019-10-16 14:30:00,34.0,146.4,232.9
2019-10-16 14:45:00,33.0,148.7,232.8
2019-10-16 15:00:00,32.0,152.8,232.6
2019-10-16 15:15:00,32.0,146.1,233.4
2019-10-16 15:30:00,32.0,143.6,234.3
2019-10-16 15:45:00,31.0,143.2,234.6
2019-10-16 16:00:00,31.0,128.3,235.2
2019-10-16 16:15:00,30.0,129.8,235.5
2019-10-16 16:30:00,30.0,137.8,235.3
2019-10-16 16:45:00,30.0,132.0,235.5
2019-10-16 17:00:00,29.0,148.0,235.1
2019-10-16 17:15:00,29.0,160.7,233.8
2019-10-16 17:30:00,29.0,172.2,231.2
2019-10-16 17:45:00,29.0,165.1,231.8
2019-10-16 18:00:00,29.0,155.7,232.7
2019-10-16 18:15:00,29.0,179.2,232.7
2019-10-16 18:30:00,29.0,178.4,233.4
2019-10-16 18:45:00,28.0,163.4,234.1
2019-10-16 19:00:00,29.0,159.3,234.6
2019-10-16 19:15:00,28.0,146.8,234.7
2019-10-16 19:30:00,28.0,161.8,235.3
2019-10-16 19:45:00,28.0,152.6,235.1
2019-10-16 20:00:00,28.0,155.9,236.1
2019-10-16 20:15:00,28.0,140.2,236.9
2019-10-16 20:30:00,28.0,133.8,237.2
2019-10-16 20:45:00,28.0,130.3,238.1
2019-10-16 21:00:00,28.0,134.3,238.0
2019-10-16 21:15:00,28.0,113.7,238.4
2019-10-16 21:30:00,28.0,88.6,239.7
2019-10-16 21:45:00,27.0,78.9,240.4
2019-10-16 22:00:00,27.0,83.8,241.0
2019-10-16 22:15:00,27.0,81.1,240.7
2019-10-16 22:30:00,27.0,80.2,241.0
2019-10-16 22:45:00,27.0,82.9,240.8
2019-10-16 23:00:00,27.0,78.9,240.6
2019-10-16 23:15:00,26.0,91.6,240.7
2019-10-16 23:30:00,26.0,88.4,240.7
2019-10-16 23:45:00,26.0,87.3,241.8
2019-10-17 00:00:00,27.0,74.5,242.5
2019-10-17 00:15:00,26.0,79.2,241.4
2019-10-17 00:30:00,26.0,82.3,242.2
2019-10-17 00:45:00,26.0,86.7,242.3
2019-10-17 01:00:00,26.0,89.4,242.5
2019-10-17 01:15:00,26.0,75.2,242.9
2019-10-17 01:30:00,26.0,65.1,243.7
2019-10-17 01:45:00,26.0,77.8,243.2
2019-10-17 02:00:00,26.0,61.9,244.1
2019-10-17 02:15:00,26.0,72.0,243.1
2019-10-17 02:30:00,26.0,58.3,244.2
2019-10-17 02:45:00,26.0,69.9,243.9
2019-10-17 03:00:00,26.0,64.7,245.0
2019-10-17 03:15:00,26.0,65.0,245.1
2019-10-17 03:30:00,26.0,65.2,244.9
2019-10-17 03:45:00,26.0,65.4,244.6
2019-10-17 04:00:00,26.0,65.5,244.7
2019-10-17 04:15:00,26.0,63.8,244.6
2019-10-17 04:30:00,26.0,61.7,244.7
2019-10-17 04:45:00,25.0,53.4,245.3
2019-10-17 05:00:00,25.0,61.6,245.4
2019-10-17 05:15:00,25.0,60.8,245.0
2019-10-17 05:30:00,25.0,65.2,245.5
2019-10-17 05:45:00,25.0,53.2,245.4
2019-10-17 06:00:00,25.0,48.9,245.6
2019-10-17 06:15:00,25.0,54.8,244.6
2019-10-17 06:30:00,26.0,62.3,244.1
2019-10-17 06:45:00,26.0,53.0,244.2
2019-10-17 07:00:00,27.0,51.9,243.7
2019-10-17 07:15:00,27.0,50.5,242.9
2019-10-17 07:30:00,27.0,61.6,242.0
2019-10-17 07:45:00,27.0,51.3,242.0
2019-10-17 08:00:00,28.0,55.9,242.0
2019-10-17 08:15:00,28.0,67.3,240.7
2019-10-17 08:30:00,29.0,64.9,240.5
2019-10-17 08:45:00,29.0,63.7,239.9
2019-10-17 09:00:00,30.0,74.3,240.4
2019-10-17 09:15:00,30.0,73.4,239.2
2019-10-17 09:30:00,30.0,61.5,240.5
2019-10-17 09:45:00,31.0,66.0,239.4
2019-10-17 10:00:00,31.0,84.5,238.6
2019-10-17 10:15:00,32.0,96.9,238.0
2019-10-17 10:30:00,32.0,96.7,237.4
2019-10-17 10:45:00,33.0,80.9,237.6
2019-10-17 11:00:00,34.0,80.0,237.3
2019-10-17 11:15:00,34.0,113.1,235.5
2019-10-17 11:30:00,34.0,102.3,236.1
2019-10-17 11:45:00,33.0,111.8,235.7
2019-10-17 12:00:00,38.0,104.5,236.0
2019-10-17 12:15:00,36.0,109.7,236.7
2019-10-17 12:30:00,40.0,128.6,235.6
2019-10-17 12:45:00,39.0,128.0,236.2
2019-10-17 13:00:00,39.0,134.9,234.8
2019-10-17 13:15:00,35.0,113.7,234.9
2019-10-17 13:30:00,40.0,131.4,234.7
2019-10-17 13:45:00,41.0,136.4,234.2
2019-10-17 14:00:00,40.0,125.6,235.3
2019-10-17 14:15:00,40.0,147.7,234.0
2019-10-17 14:30:00,39.0,133.3,234.4
2019-10-17 14:45:00,35.0,136.9,234.3
2019-10-17 15:00:00,35.0,151.3,234.0
2019-10-17 15:15:00,34.0,160.5,233.7
2019-10-17 15:30:00,33.0,160.0,233.6
2019-10-17 15:45:00,33.0,149.3,234.4
2019-10-17 16:00:00,32.0,142.3,234.1
2019-10-17 16:15:00,32.0,168.9,233.7
2019-10-17 16:30:00,32.0,143.6,234.3
2019-10-17 16:45:00,31.0,146.7,234.1
2019-10-17 17:00:00,31.0,153.6,234.0
2019-10-17 17:15:00,31.0,147.2,233.0
2019-10-17 17:30:00,30.0,151.7,231.2
2019-10-17 17:45:00,30.0,172.0,231.8
2019-10-17 18:00:00,30.0,172.1,232.1
2019-10-17 18:15:00,30.0,163.2,232.7
2019-10-17 18:30:00,30.0,160.1,233.2
2019-10-17 18:45:00,30.0,177.7,233.5
2019-10-17 19:00:00,30.0,164.3,233.9
2019-10-17 19:15:00,29.0,149.1,234.9
2019-10-17 19:30:00,29.0,145.8,235.6
2019-10-17 19:45:00,29.0,144.3,236.8
2019-10-17 20:00:00,29.0,151.4,236.1
2019-10-17 20:15:00,28.0,138.7,236.8
2019-10-17 20:30:00,28.0,148.9,237.5
2019-10-17 20:45:00,28.0,142.4,238.1
2019-10-17 21:00:00,28.0,137.7,238.9
2019-10-17 21:15:00,28.0,134.4,239.5
2019-10-17 21:30:00,28.0,124.1,240.0
2019-10-17 21:45:00,28.0,105.5,240.8
2019-10-17 22:00:00,27.0,87.9,240.9
2019-10-17 22:15:00,27.0,81.6,241.7
2019-10-17 22:30:00,27.0,80.8,241.6
2019-10-17 22:45:00,27.0,82.8,242.2
2019-10-17 23:00:00,27.0,97.8,242.2
2019-10-17 23:15:00,27.0,102.3,241.2
2019-10-17 23:30:00,27.0,105.6,241.9
2019-10-17 23:45:00,27.0,94.6,242.6
2019-10-18 00:00:00,27.0,111.1,241.9
2019-10-18 00:15:00,27.0,101.9,242.0
2019-10-18 00:30:00,27.0,107.0,242.6
2019-10-18 00:45:00,27.0,94.7,243.2
2019-10-18 01:00:00,26.0,76.9,243.6
2019-10-18 01:15:00,26.0,66.5,244.2
2019-10-18 01:30:00,26.0,84.0,243.7
2019-10-18 01:45:00,26.0,80.0,244.5
2019-10-18 02:00:00,26.0,63.5,245.1
2019-10-18 02:15:00,26.0,78.1,244.3
2019-10-18 02:30:00,26.0,80.1,244.5
2019-10-18 02:45:00,26.0,64.5,245.3
2019-10-18 03:00:00,26.0,73.5,245.1
2019-10-18 03:15:00,26.0,72.2,244.7
2019-10-18 03:30:00,26.0,77.6,244.9
2019-10-18 03:45:00,26.0,75.3,244.5
2019-10-18 04:00:00,26.0,66.6,245.7
2019-10-18 04:15:00,26.0,56.5,245.8
2019-10-18 04:30:00,26.0,59.2,245.4
2019-10-18 04:45:00,26.0,66.7,245.2
2019-10-18 05:00:00,26.0,60.9,245.8
2019-10-18 05:15:00,26.0,51.0,246.5
2019-10-18 05:30:00,25.0,57.5,246.3
2019-10-18 05:45:00,26.0,71.5,246.1
2019-10-18 06:00:00,26.0,62.6,245.7
2019-10-18 06:15:00,26.0,55.3,245.6
2019-10-18 06:30:00,27.0,56.9,245.3
2019-10-18 06:45:00,27.0,52.0,244.5
2019-10-18 07:00:00,28.0,49.3,244.0
2019-10-18 07:15:00,28.0,51.4,243.2
2019-10-18 07:30:00,28.0,50.9,243.1
2019-10-18 07:45:00,29.0,54.1,243.0
2019-10-18 08:00:00,29.0,72.3,241.7
2019-10-18 08:15:00,30.0,64.8,241.9
2019-10-18 08:30:00,30.0,69.4,241.6
2019-10-18 08:45:00,31.0,78.1,241.1
2019-10-18 09:00:00,31.0,69.7,241.0
2019-10-18 09:15:00,31.0,61.1,240.7
2019-10-18 09:30:00,32.0,72.6,240.1
2019-10-18 09:45:00,32.0,73.5,239.8
2019-10-18 10:00:00,32.0,82.3,239.3
2019-10-18 10:15:00,33.0,84.9,238.1
2019-10-18 10:30:00,34.0,108.6,236.8
2019-10-18 10:45:00,33.0,116.8,236.3
2019-10-18 11:00:00,35.0,135.6,235.4
2019-10-18 11:15:00,34.0,149.8,234.3
2019-10-18 11:30:00,36.0,159.3,234.5
2019-10-18 11:45:00,34.0,153.0,234.4
2019-10-18 12:00:00,39.0,135.8,235.6
2019-10-18 12:15:00,36.0,127.4,235.5
2019-10-18 12:30:00,40.0,132.7,234.7
2019-10-18 12:45:00,39.0,137.1,235.1
2019-10-18 13:00:00,35.0,142.6,235.3
2019-10-18 13:15:00,36.0,133.2,235.0
2019-10-18 13:30:00,40.0,138.1,234.8
2019-10-18 13:45:00,36.0,152.8,234.2
2019-10-18 14:00:00,37.0,160.1,234.0
2019-10-18 14:15:00,39.0,149.1,235.4
2019-10-18 14:30:00,37.0,146.3,233.7
2019-10-18 14:45:00,35.0,152.2,234.4
2019-10-18 15:00:00,35.0,154.0,234.8
2019-10-18 15:15:00,34.0,159.5,234.5
2019-10-18 15:30:00,34.0,162.2,234.7
2019-10-18 15:45:00,33.0,167.8,234.7
2019-10-18 16:00:00,33.0,142.7,235.6
2019-10-18 16:15:00,33.0,142.2,236.4
2019-10-18 16:30:00,32.0,158.7,234.9
2019-10-18 16:45:00,32.0,157.7,234.6
2019-10-18 17:00:00,32.0,173.6,234.7
2019-10-18 17:15:00,31.0,179.6,231.3
2019-10-18 17:30:00,31.0,185.7,229.4
2019-10-18 17:45:00,31.0,177.2,231.3
2019-10-18 18:00:00,31.0,206.5,231.2
2019-10-18 18:15:00,31.0,187.5,232.5
2019-10-18 18:30:00,31.0,177.5,232.7
2019-10-18 18:45:00,31.0,188.2,233.0
2019-10-18 19:00:00,30.0,172.8,233.6
2019-10-18 19:15:00,30.0,168.1,233.9
2019-10-18 19:30:00,30.0,174.5,234.0
2019-10-18 19:45:00,30.0,151.4,234.5
2019-10-18 20:00:00,29.0,149.2,234.9
2019-10-18 20:15:00,29.0,151.2,234.9
2019-10-18 20:30:00,29.0,155.9,235.6
2019-10-18 20:45:00,28.0,142.8,235.5
2019-10-18 21:00:00,28.0,133.5,236.5
2019-10-18 21:15:00,28.0,138.5,237.1
2019-10-18 21:30:00,28.0,125.8,238.0
2019-10-18 21:45:00,28.0,115.9,238.7
2019-10-18 22:00:00,28.0,116.4,238.6
2019-10-18 22:15:00,28.0,96.0,239.9
2019-10-18 22:30:00,28.0,94.1,240.5
2019-10-18 22:45:00,28.0,92.3,240.2
2019-10-18 23:00:00,27.0,107.7,239.8
2019-10-18 23:15:00,27.0,105.7,240.1
2019-10-18 23:30:00,27.0,101.9,240.2
2019-10-18 23:45:00,27.0,98.5,240.5
2019-10-19 00:00:00,27.0,92.1,241.4
2019-10-19 00:15:00,27.0,99.7,241.0
2019-10-19 00:30:00,27.0,111.9,241.9
2019-10-19 00:45:00,27.0,97.0,241.9
2019-10-19 01:00:00,27.0,108.9,241.9
2019-10-19 01:15:00,27.0,95.4,242.8
2019-10-19 01:30:00,27.0,77.2,243.2
2019-10-19 01:45:00,27.0,96.1,243.2
2019-10-19 02:00:00,27.0,89.1,243.2
2019-10-19 02:15:00,26.0,90.7,243.7
2019-10-19 02:30:00,26.0,77.5,244.0
2019-10-19 02:45:00,26.0,78.3,244.2
2019-10-19 03:00:00,26.0,84.2,243.7
2019-10-19 03:15:00,27.0,73.3,244.6
2019-10-19 03:30:00,26.0,68.6,244.2
2019-10-19 03:45:00,26.0,74.9,244.6
2019-10-19 04:00:00,26.0,77.9,245.0
2019-10-19 04:15:00,26.0,75.9,244.2
2019-10-19 04:30:00,26.0,70.7,244.6
2019-10-19 04:45:00,26.0,81.8,244.6
2019-10-19 05:00:00,26.0,64.6,244.9
2019-10-19 05:15:00,26.0,68.4,245.3
2019-10-19 05:30:00,26.0,68.9,245.4
2019-10-19 05:45:00,26.0,58.5,246.0
2019-10-19 06:00:00,26.0,60.9,245.7
2019-10-19 06:15:00,26.0,59.0,244.3
2019-10-19 06:30:00,27.0,49.9,243.5
2019-10-19 06:45:00,28.0,53.4,243.0
2019-10-19 07:00:00,29.0,59.3,242.6
2019-10-19 07:15:00,29.0,47.5,242.3
2019-10-19 07:30:00,29.0,51.8,241.6
2019-10-19 07:45:00,30.0,50.6,241.0
2019-10-19 08:00:00,30.0,54.0,240.9
2019-10-19 08:15:00,30.0,73.4,239.9
2019-10-19 08:30:00,31.0,74.0,239.9
2019-10-19 08:45:00,31.0,66.2,240.1
2019-10-19 09:00:00,31.0,77.6,239.4
2019-10-19 09:15:00,32.0,75.9,239.1
2019-10-19 09:30:00,32.0,76.5,238.6
2019-10-19 09:45:00,32.0,90.5,238.3
2019-10-19 10:00:00,32.0,72.3,237.8
2019-10-19 10:15:00,33.0,87.8,236.8
2019-10-19 10:30:00,34.0,87.2,237.4
2019-10-19 10:45:00,33.0,105.6,236.2
2019-10-19 11:00:00,35.0,123.7,235.3
2019-10-19 11:15:00,34.0,122.5,234.9
2019-10-19 11:30:00,35.0,120.7,235.1
2019-10-19 11:45:00,35.0,120.8,234.3
2019-10-19 12:00:00,36.0,131.6,234.2
2019-10-19 12:15:00,38.0,151.5,233.7
2019-10-19 12:30:00,37.0,155.6,233.7
2019-10-19 12:45:00,40.0,155.0,233.0
2019-10-19 13:00:00,38.0,144.9,233.7
2019-10-19 13:15:00,36.0,141.8,233.1
2019-10-19 13:30:00,40.0,121.3,233.9
2019-10-19 13:45:00,40.0,177.5,232.4
2019-10-19 14:00:00,40.0,171.3,232.0
2019-10-19 14:15:00,40.0,150.9,232.8
2019-10-19 14:30:00,39.0,140.2,232.9
2019-10-19 14:45:00,36.0,146.0,233.1
2019-10-19 15:00:00,35.0,161.6,232.6
2019-10-19 15:15:00,35.0,148.8,232.9
2019-10-19 15:30:00,34.0,159.7,232.9
2019-10-19 15:45:00,34.0,152.6,232.8
2019-10-19 16:00:00,33.0,158.2,232.7
2019-10-19 16:15:00,33.0,158.6,232.5
2019-10-19 16:30:00,33.0,164.7,232.5
2019-10-19 16:45:00,33.0,162.2,233.8
2019-10-19 17:00:00,32.0,168.7,233.1
2019-10-19 17:15:00,32.0,185.8,230.5
2019-10-19 17:30:00,32.0,188.7,228.9
2019-10-19 17:45:00,31.0,164.6,230.6
2019-10-19 18:00:00,31.0,161.7,231.6
2019-10-19 18:15:00,31.0,161.9,232.8
2019-10-19 18:30:00,31.0,174.9,232.7
2019-10-19 18:45:00,31.0,166.7,233.5
2019-10-19 19:00:00,31.0,164.4,233.6
2019-10-19 19:15:00,31.0,146.7,234.4
2019-10-19 19:30:00,30.0,151.5,234.9
2019-10-19 19:45:00,30.0,151.9,234.9
2019-10-19 20:00:00,30.0,144.5,235.1
2019-10-19 20:15:00,29.0,142.4,236.2
2019-10-19 20:30:00,30.0,137.6,236.6
2019-10-19 20:45:00,29.0,122.5,237.4
2019-10-19 21:00:00,29.0,113.5,237.7
2019-10-19 21:15:00,29.0,119.8,238.3
2019-10-19 21:30:00,29.0,99.9,238.4
2019-10-19 21:45:00,28.0,68.06666666666666,240.23333333333335
2019-10-19 22:00:00,28.0,67.4,241.05
2019-10-19 22:15:00,28.0,86.6,240.3
2019-10-19 22:30:00,27.0,93.4,240.8
2019-10-19 22:45:00,27.0,96.4,240.9
2019-10-19 23:00:00,27.0,100.5,240.8
2019-10-19 23:15:00,27.0,102.7,240.3
2019-10-19 23:30:00,27.0,103.3,241.1
2019-10-19 23:45:00,27.0,97.8,241.0
2019-10-20 00:00:00,27.0,101.4,241.1
2019-10-20 00:15:00,26.993318485523385,101.43897550111359,241.09821826280623
2019-10-20 00:30:00,26.98663697104677,101.47795100222717,241.09643652561246
2019-10-20 00:45:00,26.979955456570156,101.51692650334077,241.0946547884187
2019-10-20 01:00:00,26.97327394209354,101.55590200445435,241.09287305122493
2019-10-24 15:15:00,24.02672605790646,118.74409799554567,240.30712694877508
2019-10-24 15:30:00,24.020044543429844,118.78307349665926,240.3053452115813
2019-10-24 15:45:00,24.01336302895323,118.82204899777284,240.30356347438754
2019-10-24 16:00:00,24.006681514476615,118.86102449888642,240.30178173719378
2019-10-24 16:15:00,24.0,118.9,240.3
2019-10-24 16:30:00,24.0,106.4,239.1
2019-10-24 16:45:00,24.0,116.9,238.3
2019-10-24 17:00:00,24.0,110.4,238.6
2019-10-24 17:15:00,24.0,122.8,239.0
2019-10-24 17:30:00,24.0,116.8,238.2
2019-10-24 17:45:00,24.0,110.3,238.7
2019-10-24 18:00:00,24.0,121.3,238.7
2019-10-24 18:15:00,24.0,115.0,239.2
2019-10-24 18:30:00,24.0,104.8,240.4
2019-10-24 18:45:00,24.0,111.8,239.6
2019-10-24 19:00:00,24.0,113.4,239.6
2019-10-24 19:15:00,24.0,124.7,239.6
2019-10-24 19:30:00,24.0,114.1,240.4
2019-10-24 19:45:00,23.0,108.7,241.5
2019-10-24 20:00:00,23.0,110.1,241.5
2019-10-24 20:15:00,23.0,107.1,241.7
2019-10-24 20:30:00,23.0,101.8,242.3
2019-10-24 20:45:00,23.0,97.1,242.6
2019-10-24 21:00:00,23.0,99.7,242.8
2019-10-24 21:15:00,23.0,92.3,244.2
2019-10-24 21:30:00,23.0,89.4,244.4
2019-10-24 21:45:00,23.0,96.4,243.5
2019-10-24 22:00:00,23.0,80.7,244.9
2019-10-24 22:15:00,23.0,67.3,245.3
2019-10-24 22:30:00,23.0,69.5,244.5
2019-10-24 22:45:00,23.0,66.4,245.2
2019-10-24 23:00:00,23.0,61.2,245.0
2019-10-24 23:15:00,23.0,56.8,245.9
2019-10-24 23:30:00,23.0,58.5,245.3
2019-10-24 23:45:00,23.0,52.2,246.4
2019-10-25 00:00:00,23.0,48.4,247.5
2019-10-25 00:15:00,23.0,50.1,247.4
2019-10-25 00:30:00,23.0,46.4,248.2
2019-10-25 00:45:00,23.0,44.5,247.6
2019-10-25 01:00:00,23.0,41.5,249.0
2019-10-25 01:15:00,23.0,42.3,247.9
2019-10-25 01:30:00,23.0,43.1,248.0
2019-10-25 01:45:00,23.0,43.4,248.9
2019-10-25 02:00:00,23.0,46.0,249.0
2019-10-25 02:15:00,23.0,45.0,248.4
2019-10-25 02:30:00,22.0,39.7,249.1
2019-10-25 02:45:00,22.0,37.3,249.2
2019-10-25 03:00:00,22.0,40.7,248.9
2019-10-25 03:15:00,23.0,37.1,249.3
2019-10-25 03:30:00,23.0,38.2,249.1
2019-10-25 03:45:00,23.0,36.4,249.1
2019-10-25 04:00:00,23.0,36.1,248.9
2019-10-25 04:15:00,23.0,39.2,249.3
2019-10-25 04:30:00,23.0,37.2,249.4
2019-10-25 04:45:00,23.0,32.5,249.4
2019-10-25 05:00:00,23.0,45.1,248.7
2019-10-25 05:15:00,23.0,33.0,249.1
2019-10-25 05:30:00,23.0,44.1,248.9
2019-10-25 05:45:00,23.0,35.8,249.1
2019-10-25 06:00:00,23.0,28.5,249.7
2019-10-25 06:15:00,23.0,39.9,247.8
2019-10-25 06:30:00,23.0,33.8,248.2
2019-10-25 06:45:00,23.0,31.9,247.2
2019-10-25 07:00:00,24.0,30.0,247.1
2019-10-25 07:15:00,24.0,38.4,246.5
2019-10-25 07:30:00,24.0,37.3,245.4
2019-10-25 07:45:00,24.0,48.9,244.8
2019-10-25 08:00:00,24.0,38.8,245.4
2019-10-25 08:15:00,25.0,42.1,245.7
2019-10-25 08:30:00,25.0,43.5,245.7
2019-10-25 08:45:00,26.0,51.9,244.9
2019-10-25 09:00:00,26.0,49.0,244.6
2019-10-25 09:15:00,26.0,57.9,244.1
2019-10-25 09:30:00,27.0,62.8,243.7
2019-10-25 09:45:00,27.0,72.2,243.0
2019-10-25 10:00:00,27.0,52.0,243.4
2019-10-25 10:15:00,27.0,47.2,245.0
2019-10-25 10:30:00,27.0,54.6,242.3
2019-10-25 10:45:00,27.0,70.3,241.5
2019-10-25 11:00:00,27.0,81.8,241.0
2019-10-25 11:15:00,27.0,83.7,240.9
2019-10-25 11:30:00,27.0,75.4,240.5
2019-10-25 11:45:00,27.0,83.1,240.1
2019-10-25 12:00:00,27.0,88.2,239.6
2019-10-25 12:15:00,27.0,89.8,239.4
2019-10-25 12:30:00,27.0,94.6,239.8
2019-10-25 12:45:00,27.0,93.5,239.8
2019-10-25 13:00:00,26.0,103.4,239.1
2019-10-25 13:15:00,26.0,92.4,240.4
2019-10-25 13:30:00,26.0,113.7,240.2
2019-10-25 13:45:00,25.0,98.7,240.3
2019-10-25 14:00:00,25.0,98.1,240.1
2019-10-25 14:15:00,25.0,78.4,240.5
2019-10-25 14:30:00,25.0,88.3,240.7
2019-10-25 14:45:00,25.0,89.9,240.3
2019-10-25 15:00:00,25.0,87.3,240.7
2019-10-25 15:15:00,25.0,92.0,240.5
2019-10-25 15:30:00,24.0,106.3,240.3
2019-10-25 15:45:00,24.0,107.9,239.8
2019-10-25 16:00:00,24.0,92.1,240.6
2019-10-25 16:15:00,24.0,91.1,240.6
2019-10-25 16:30:00,24.0,106.5,240.4
2019-10-25 16:45:00,24.0,104.6,240.0
2019-10-25 17:00:00,24.0,109.4,239.2
2019-10-25 17:15:00,24.0,113.5,236.9
2019-10-25 17:30:00,24.0,118.5,237.8
2019-10-25 17:45:00,24.0,127.0,237.4
2019-10-25 18:00:00,24.0,132.5,237.5
2019-10-25 18:15:00,24.0,124.5,237.8
2019-10-25 18:30:00,24.0,117.1,238.6
2019-10-25 18:45:00,24.0,122.1,238.7
2019-10-25 19:00:00,24.0,121.4,239.0
2019-10-25 19:15:00,24.0,124.4,239.7
2019-10-25 19:30:00,24.0,116.0,239.4
2019-10-25 19:45:00,24.0,120.4,239.2
2019-10-25 20:00:00,24.0,109.6,240.0
2019-10-25 20:15:00,24.0,104.9,240.3
2019-10-25 20:30:00,24.0,101.8,240.7
2019-10-25 20:45:00,24.0,103.7,241.2
2019-10-25 21:00:00,24.0,100.7,241.9
2019-10-25 21:15:00,24.0,92.3,243.2
2019-10-25 21:30:00,24.0,77.4,243.8
2019-10-25 21:45:00,24.0,72.9,244.8
2019-10-25 22:00:00,24.0,64.7,245.7
2019-10-25 22:15:00,24.0,62.0,245.5
2019-10-25 22:30:00,24.0,60.7,246.2
2019-10-25 22:45:00,24.0,65.5,245.2
2019-10-25 23:00:00,24.0,75.0,245.4
2019-10-25 23:15:00,24.333333333333332,68.9,245.86666666666667
2019-10-25 23:30:00,24.666666666666668,62.800000000000004,246.33333333333334
2019-10-25 23:45:00,25.0,56.7,246.8
2019-10-26 00:00:00,25.0,55.6,247.5
2019-10-26 00:15:00,25.0,52.1,247.6
2019-10-26 00:30:00,25.0,53.9,247.3
2019-10-26 00:45:00,25.0,47.3,247.4
2019-10-26 01:00:00,25.0,47.7,248.7
2019-10-26 01:15:00,25.0,44.3,247.8
2019-10-26 01:30:00,25.0,49.4,248.7
2019-10-26 01:45:00,25.0,53.4,248.7
2019-10-26 02:00:00,25.0,47.7,248.1
2019-10-26 02:15:00,25.0,53.2,247.8
2019-10-26 02:30:00,25.0,41.8,248.2
2019-10-26 02:45:00,25.0,45.2,248.8
2019-10-26 03:00:00,24.5,43.900000000000006,249.10000000000002
2019-10-26 03:15:00,25.0,39.1,249.8
2019-10-26 03:30:00,24.0,46.9,249.7
2019-10-26 03:45:00,24.0,34.4,249.6
2019-10-26 04:00:00,24.0,40.0,249.6
2019-10-26 04:15:00,24.0,43.0,250.1
2019-10-26 04:30:00,24.0,38.4,249.7
2019-10-26 04:45:00,24.0,38.1,250.4
2019-10-26 05:00:00,24.0,35.6,250.3
2019-10-26 05:15:00,24.0,35.5,250.2
2019-10-26 05:30:00,24.0,43.3,250.5
2019-10-26 05:45:00,24.0,41.5,250.4
2019-10-26 06:00:00,24.0,42.4,250.2
2019-10-26 06:15:00,24.0,42.1,249.8
2019-10-26 06:30:00,24.0,43.5,249.5
2019-10-26 06:45:00,24.0,36.8,249.1
2019-10-26 07:00:00,24.0,38.2,249.3
2019-10-26 07:15:00,25.0,34.7,248.5
2019-10-26 07:30:00,25.0,39.1,248.4
2019-10-26 07:45:00,25.0,38.3,247.1
2019-10-26 08:00:00,25.0,49.4,246.5
2019-10-26 08:15:00,25.0,44.5,247.0
2019-10-26 08:30:00,25.0,43.4,246.5
2019-10-26 08:45:00,26.0,40.8,247.5
2019-10-26 09:00:00,26.0,46.5,246.0
2019-10-26 09:15:00,27.0,56.8,244.9
2019-10-26 09:30:00,28.0,58.2,243.8
2019-10-26 09:45:00,28.0,74.2,243.1
2019-10-26 10:00:00,28.0,58.8,244.1
2019-10-26 10:15:00,28.0,64.5,242.8
2019-10-26 10:30:00,28.0,72.3,242.5
2019-10-26 10:45:00,29.0,64.6,242.3
2019-10-26 11:00:00,29.0,89.5,241.5
2019-10-26 11:15:00,29.0,84.5,242.0
2019-10-26 11:30:00,30.0,90.2,240.1
2019-10-26 11:45:00,30.0,77.9,241.3
2019-10-26 12:00:00,30.0,99.7,241.3
2019-10-26 12:15:00,31.0,84.7,241.4
2019-10-26 12:30:00,32.0,121.2,240.4
2019-10-26 12:45:00,31.0,103.8,240.1
2019-10-26 13:00:00,31.0,102.1,240.2
2019-10-26 13:15:00,31.0,112.7,240.8
2019-10-26 13:30:00,33.0,119.5,239.3
2019-10-26 13:45:00,31.0,107.3,240.8
2019-10-26 14:00:00,31.0,107.3,240.0
2019-10-26 14:15:00,30.0,102.9,240.5
2019-10-26 14:30:00,30.0,99.6,241.0
2019-10-26 14:45:00,29.0,107.3,240.0
2019-10-26 15:00:00,28.0,104.1,240.6
2019-10-26 15:15:00,28.0,115.2,239.6
2019-10-26 15:30:00,25.0,102.1,241.0
2019-10-26 15:45:00,25.0,97.9,242.1
2019-10-26 16:00:00,25.0,97.8,242.4
2019-10-26 16:15:00,25.0,99.2,241.9
2019-10-26 16:30:00,25.0,94.5,242.9
2019-10-26 16:45:00,25.0,99.0,241.4
2019-10-26 17:00:00,25.0,113.7,241.7
2019-10-26 17:15:00,25.0,125.2,240.2
2019-10-26 17:30:00,26.0,124.7,239.8
2019-10-26 17:45:00,25.0,125.7,239.9
2019-10-26 18:00:00,25.0,127.0,238.2
2019-10-26 18:15:00,25.0,126.0,239.4
2019-10-26 18:30:00,25.0,126.4,239.5
2019-10-26 18:45:00,25.0,126.6,240.4
2019-10-26 19:00:00,25.0,132.5,240.0
2019-10-26 19:15:00,25.0,120.3,240.9
2019-10-26 19:30:00,25.0,119.8,240.8
2019-10-26 19:45:00,25.0,123.3,240.8
2019-10-26 20:00:00,25.0,107.9,241.5
2019-10-26 20:15:00,25.0,105.2,241.8
2019-10-26 20:30:00,25.0,104.4,242.7
2019-10-26 20:45:00,25.0,100.7,242.0
2019-10-26 21:00:00,25.0,95.5,242.8
2019-10-26 21:15:00,25.0,94.7,242.7
2019-10-26 21:30:00,25.0,87.2,243.5
2019-10-26 21:45:00,25.0,86.7,243.6
2019-10-26 22:00:00,25.0,75.4,244.6
2019-10-26 22:15:00,25.0,84.2,244.1
2019-10-26 22:30:00,25.0,76.7,244.8
2019-10-26 22:45:00,25.0,78.6,244.8
2019-10-26 23:00:00,25.0,71.0,245.4
2019-10-26 23:15:00,25.0,70.4,245.6
2019-10-26 23:30:00,25.0,55.4,245.9
2019-10-26 23:45:00,25.0,56.4,246.0
2019-10-27 00:00:00,25.0,52.8,246.3
2019-10-27 00:15:00,25.0,53.5,246.9
2019-10-27 00:30:00,25.0,52.6,247.1
2019-10-27 00:45:00,25.0,45.7,247.3
2019-10-27 01:00:00,25.0,46.7,247.8
2019-10-27 01:15:00,25.0,44.5,247.6
2019-10-27 01:30:00,25.0,49.8,248.1
2019-10-27 01:45:00,25.0,48.1,247.6
2019-10-27 02:00:00,25.0,43.7,248.6
2019-10-27 02:15:00,25.0,45.5,247.9
2019-10-27 02:30:00,25.0,47.3,248.0
2019-10-27 02:45:00,25.0,42.3,248.3
2019-10-27 03:00:00,25.0,40.6,248.0
2019-10-27 03:15:00,25.0,43.2,248.8
2019-10-27 03:30:00,25.0,39.9,248.7
2019-10-27 03:45:00,24.0,40.7,248.6
2019-10-27 04:00:00,24.0,39.8,248.8
2019-10-27 04:15:00,24.0,36.7,249.1
2019-10-27 04:30:00,24.0,39.8,248.8
2019-10-27 04:45:00,24.0,39.7,249.0
2019-10-27 05:00:00,24.0,39.2,249.3
2019-10-27 05:15:00,24.0,47.5,249.3
2019-10-27 05:30:00,24.0,37.0,249.5
2019-10-27 05:45:00,24.0,34.1,249.6
2019-10-27 06:00:00,24.0,38.3,249.1
2019-10-27 06:15:00,24.0,38.7,249.1
2019-10-27 06:30:00,24.0,36.8,248.0
2019-10-27 06:45:00,24.0,37.5,247.3
2019-10-27 07:00:00,25.0,34.0,246.9
2019-10-27 07:15:00,25.0,41.6,246.2
2019-10-27 07:30:00,25.0,37.3,246.6
2019-10-27 07:45:00,26.0,39.6,245.7
2019-10-27 08:00:00,26.0,40.2,244.7
2019-10-27 08:15:00,26.0,43.0,244.4
2019-10-27 08:30:00,26.0,51.2,243.6
2019-10-27 08:45:00,26.0,65.6,243.7
2019-10-27 09:00:00,26.0,42.0,244.1
2019-10-27 09:15:00,26.0,54.5,243.7
2019-10-27 09:30:00,26.0,38.9,244.1
2019-10-27 09:45:00,27.0,41.8,243.3
2019-10-27 10:00:00,27.0,48.6,243.1
2019-10-27 10:15:00,27.0,43.4,243.4
2019-10-27 10:30:00,28.0,46.7,243.1
2019-10-27 10:45:00,28.0,65.8,242.5
2019-10-27 11:00:00,28.0,79.7,243.1
2019-10-27 11:15:00,29.0,61.0,243.6
2019-10-27 11:30:00,30.0,77.1,242.7
2019-10-27 11:45:00,31.0,69.8,242.2
2019-10-27 12:00:00,32.0,80.5,241.1
2019-10-27 12:15:00,30.0,72.4,241.7
2019-10-27 12:30:00,30.0,67.5,242.1
2019-10-27 12:45:00,30.0,73.4,241.6
2019-10-27 13:00:00,30.0,76.0,243.0
2019-10-27 13:15:00,29.0,82.4,241.5
2019-10-27 13:30:00,29.0,90.6,240.8
2019-10-27 13:45:00,29.0,71.1,241.4
2019-10-27 14:00:00,29.0,70.2,242.9
2019-10-27 14:15:00,29.0,104.7,240.0
2019-10-27 14:30:00,29.0,71.3,241.8
2019-10-27 14:45:00,29.0,73.2,242.8
2019-10-27 15:00:00,29.0,67.7,243.0
2019-10-27 15:15:00,29.0,74.3,243.5
2019-10-27 15:30:00,29.0,64.2,242.6
2019-10-27 15:45:00,28.0,72.8,241.8
2019-10-27 16:00:00,28.0,73.2,241.7
2019-10-27 16:15:00,28.0,73.7,242.3
2019-10-27 16:30:00,27.0,71.9,241.5
2019-10-27 16:45:00,27.0,77.9,242.5
2019-10-27 17:00:00,27.0,68.3,243.2
2019-10-27 17:15:00,27.0,79.6,239.6
2019-10-27 17:30:00,27.0,98.2,238.4
2019-10-27 17:45:00,26.0,92.1,238.8
2019-10-27 18:00:00,26.0,89.4,239.2
2019-10-27 18:15:00,26.0,89.8,240.2
2019-10-27 18:30:00,26.0,97.2,239.8
2019-10-27 18:45:00,26.0,116.3,239.0
2019-10-27 19:00:00,26.0,98.8,240.1
2019-10-27 19:15:00,25.0,104.1,239.9
2019-10-27 19:30:00,25.0,102.2,240.6
2019-10-27 19:45:00,25.0,99.0,241.4
2019-10-27 20:00:00,25.0,94.3,241.8
2019-10-27 20:15:00,25.0,79.0,242.5
2019-10-27 20:30:00,25.0,73.6,243.4
2019-10-27 20:45:00,25.0,65.4,243.6
2019-10-27 21:00:00,25.0,68.7,244.3
2019-10-27 21:15:00,25.0,66.0,244.2
2019-10-27 21:30:00,25.0,69.3,244.5
2019-10-27 21:45:00,25.0,69.6,244.6
2019-10-27 22:00:00,25.0,66.9,245.4
2019-10-27 22:15:00,25.0,70.0,244.8
2019-10-27 22:30:00,25.0,68.7,245.5
2019-10-27 22:45:00,24.0,69.8,245.3
2019-10-27 23:00:00,24.0,64.0,246.7
2019-10-27 23:15:00,24.0,55.6,247.1
2019-10-27 23:30:00,24.0,51.3,247.4
2019-10-27 23:45:00,24.0,55.4,246.4
2019-10-28 00:00:00,24.0,50.1,246.6
2019-10-28 00:15:00,24.0,51.9,246.5
2019-10-28 00:30:00,24.0,45.8,247.8
2019-10-28 00:45:00,24.0,41.95,247.39999999999998
2019-10-28 01:00:00,24.0,35.1,247.8
2019-10-28 01:15:00,24.0,52.9,247.2
2019-10-28 01:30:00,24.0,46.8,247.3
2019-10-28 01:45:00,24.0,53.0,247.9
2019-10-28 02:00:00,24.0,51.2,247.9
2019-10-28 02:15:00,24.0,52.9,247.9
2019-10-28 02:30:00,24.0,48.5,247.5
2019-10-28 02:45:00,24.0,42.7,247.6
2019-10-28 03:00:00,24.0,49.3,247.5
2019-10-28 03:15:00,24.0,49.6,247.2
2019-10-28 03:30:00,24.0,44.6,247.7
2019-10-28 03:45:00,24.0,43.3,247.8
2019-10-28 04:00:00,24.0,43.0,248.2
2019-10-28 04:15:00,24.0,54.2,247.3
2019-10-28 04:30:00,24.0,44.8,248.3
2019-10-28 04:45:00,24.0,46.6,247.5
2019-10-28 05:00:00,24.0,59.2,247.8
2019-10-28 05:15:00,24.0,49.6,247.9
2019-10-28 05:30:00,23.0,46.7,248.7
2019-10-28 05:45:00,23.0,42.1,248.2
2019-10-28 06:00:00,24.0,51.4,248.5
2019-10-28 06:15:00,24.0,40.7,248.5
2019-10-28 06:30:00,24.0,45.9,247.6
2019-10-28 06:45:00,24.0,39.7,248.2
2019-10-28 07:00:00,24.0,50.6,247.1
2019-10-28 07:15:00,24.0,42.9,247.2
2019-10-28 07:30:00,25.0,43.5,246.9
2019-10-28 07:45:00,25.0,43.8,246.1
2019-10-28 08:00:00,25.0,38.3,246.4
2019-10-28 08:15:00,26.0,62.4,244.7
2019-10-28 08:30:00,26.0,66.3,244.2
2019-10-28 08:45:00,26.0,51.8,245.2
2019-10-28 09:00:00,27.0,39.1,245.9
2019-10-28 09:15:00,28.0,52.9,245.4
2019-10-28 09:30:00,27.0,50.2,244.8
2019-10-28 09:45:00,28.0,51.5,244.3
2019-10-28 10:00:00,28.0,73.9,243.5
2019-10-28 10:15:00,28.0,47.1,245.2
2019-10-28 10:30:00,28.0,56.8,244.0
2019-10-28 10:45:00,28.0,57.2,244.2
2019-10-28 11:00:00,28.0,70.9,242.9
2019-10-28 11:15:00,29.0,79.3,242.9
2019-10-28 11:30:00,31.0,79.8,243.4
2019-10-28 11:45:00,30.0,76.3,241.9
2019-10-28 12:00:00,30.0,91.8,241.6
2019-10-28 12:15:00,30.0,80.5,241.0
2019-10-28 12:30:00,37.0,100.5,240.4
2019-10-28 12:45:00,33.0,104.9,239.7
2019-10-28 13:00:00,34.0,98.6,240.3
2019-10-28 13:15:00,34.0,99.0,239.6
2019-10-28 13:30:00,32.0,124.3,238.5
2019-10-28 13:45:00,35.0,114.6,240.3
2019-10-28 14:00:00,35.0,102.1,240.5
2019-10-28 14:15:00,36.0,105.4,240.0
2019-10-28 14:30:00,32.0,103.4,240.5
2019-10-28 14:45:00,31.0,106.2,241.1
2019-10-28 15:00:00,31.0,95.6,241.3
2019-10-28 15:15:00,31.0,97.8,241.0
2019-10-28 15:30:00,30.0,104.2,241.1
2019-10-28 15:45:00,30.0,86.6,241.3
2019-10-28 16:00:00,29.0,88.7,242.1
2019-10-28 16:15:00,29.0,92.7,242.2
2019-10-28 16:30:00,29.0,104.6,241.3
2019-10-28 16:45:00,28.0,103.0,241.6
2019-10-28 17:00:00,28.0,136.1,239.7
2019-10-28 17:15:00,28.0,127.7,237.2
2019-10-28 17:30:00,28.0,127.4,236.4
2019-10-28 17:45:00,27.0,131.7,236.5
2019-10-28 18:00:00,27.0,140.6,237.1
2019-10-28 18:15:00,27.0,141.4,237.7
2019-10-28 18:30:00,27.0,132.0,237.9
2019-10-28 18:45:00,27.0,134.0,239.7
2019-10-28 19:00:00,27.0,135.1,239.2
2019-10-28 19:15:00,26.0,126.4,240.3
2019-10-28 19:30:00,26.0,128.6,240.8
2019-10-28 19:45:00,26.0,129.4,240.8
2019-10-28 20:00:00,26.0,117.4,241.7
2019-10-28 20:15:00,26.0,118.0,241.6
2019-10-28 20:30:00,26.0,108.3,241.8
2019-10-28 20:45:00,26.0,95.8,241.2
2019-10-28 21:00:00,26.0,79.7,242.4
2019-10-28 21:15:00,25.0,77.4,243.3
2019-10-28 21:30:00,25.0,77.6,243.5
2019-10-28 21:45:00,25.0,76.0,244.6
2019-10-28 22:00:00,25.0,73.1,245.2
2019-10-28 22:15:00,25.0,73.2,245.5
2019-10-28 22:30:00,25.0,81.8,245.1
2019-10-28 22:45:00,25.0,73.9,245.5
2019-10-28 23:00:00,25.0,69.7,246.1
2019-10-28 23:15:00,25.0,65.1,246.8
2019-10-28 23:30:00,25.0,70.2,246.5
2019-10-28 23:45:00,25.0,60.4,246.9
2019-10-29 00:00:00,25.0,53.8,247.9
2019-10-29 00:15:00,25.0,53.4,247.9
2019-10-29 00:30:00,25.0,54.5,248.6
2019-10-29 00:45:00,24.0,54.1,248.4
2019-10-29 01:00:00,24.0,54.0,248.8
2019-10-29 01:15:00,24.0,52.0,249.0
2019-10-29 01:30:00,24.0,53.7,248.5
2019-10-29 01:45:00,24.0,49.1,248.7
2019-10-29 02:00:00,24.0,51.9,248.7
2019-10-29 02:15:00,24.0,46.6,249.0
2019-10-29 02:30:00,24.0,46.8,248.5
2019-10-29 02:45:00,24.0,45.5,248.6
2019-10-29 03:00:00,24.0,45.3,248.4
2019-10-29 03:15:00,24.0,44.7,248.9
2019-10-29 03:30:00,24.0,42.7,249.2
2019-10-29 03:45:00,24.0,43.8,249.0
2019-10-29 04:00:00,24.0,41.3,249.2
2019-10-29 04:15:00,24.0,47.4,249.0
2019-10-29 04:30:00,24.0,40.0,249.4
2019-10-29 04:45:00,24.0,46.3,248.8
2019-10-29 05:00:00,24.0,53.5,248.7
2019-10-29 05:15:00,24.0,48.1,249.3
2019-10-29 05:30:00,24.0,50.5,249.2
2019-10-29 05:45:00,24.0,42.1,249.1
2019-10-29 06:00:00,24.0,49.7,248.9
2019-10-29 06:15:00,24.0,36.8,248.6
2019-10-29 06:30:00,24.0,49.2,248.1
2019-10-29 06:45:00,24.0,42.1,247.5
2019-10-29 07:00:00,24.0,38.2,247.5
2019-10-29 07:15:00,25.0,33.4,247.4
2019-10-29 07:30:00,26.0,38.2,246.6
2019-10-29 07:45:00,26.0,45.3,246.6
2019-10-29 08:00:00,27.0,36.4,246.2
2019-10-29 08:15:00,27.0,42.7,245.7
2019-10-29 08:30:00,27.0,57.6,244.6
2019-10-29 08:45:00,28.0,50.7,244.2
2019-10-29 09:00:00,28.0,64.4,244.3
2019-10-29 09:15:00,29.0,54.9,243.4
2019-10-29 09:30:00,29.0,82.5,241.8
2019-10-29 09:45:00,29.0,71.1,243.2
2019-10-29 10:00:00,29.0,86.8,241.9
2019-10-29 10:15:00,31.0,72.8,243.7
2019-10-29 10:30:00,30.0,89.2,241.2
2019-10-29 10:45:00,30.0,74.2,241.1
2019-10-29 11:00:00,32.0,91.6,240.5
2019-10-29 11:15:00,33.0,92.2,240.3
2019-10-29 11:30:00,32.0,103.6,238.9
2019-10-29 11:45:00,35.0,122.5,238.2
2019-10-29 12:00:00,35.0,118.7,237.5
2019-10-29 12:15:00,33.0,119.1,237.5
2019-10-29 12:30:00,33.0,126.6,236.9
2019-10-29 12:45:00,33.0,124.6,237.4
2019-10-29 13:00:00,32.0,120.8,237.5
2019-10-29 13:15:00,32.0,132.0,237.0
2019-10-29 13:30:00,32.0,126.9,236.7
2019-10-29 13:45:00,34.0,124.8,237.1
2019-10-29 14:00:00,34.0,126.6,237.2
2019-10-29 14:15:00,36.0,121.9,237.2
2019-10-29 14:30:00,34.0,122.5,236.5
2019-10-29 14:45:00,33.0,121.4,237.1
2019-10-29 15:00:00,32.0,130.0,237.3
2019-10-29 15:15:00,32.0,132.1,237.5
2019-10-29 15:30:00,32.0,120.9,238.5
2019-10-29 15:45:00,31.0,121.0,238.5
2019-10-29 16:00:00,31.0,124.8,238.1
2019-10-29 16:15:00,30.0,133.5,238.1
2019-10-29 16:30:00,30.0,131.7,237.9
2019-10-29 16:45:00,30.0,152.3,237.9
2019-10-29 17:00:00,29.0,144.7,237.0
2019-10-29 17:15:00,29.0,142.7,234.9
2019-10-29 17:30:00,29.0,146.4,234.3
2019-10-29 17:45:00,29.0,145.1,234.8
2019-10-29 18:00:00,28.0,142.6,235.2
2019-10-29 18:15:00,28.0,138.5,235.1
2019-10-29 18:30:00,28.0,148.3,235.4
2019-10-29 18:45:00,28.0,138.7,235.4
2019-10-29 19:00:00,28.0,154.2,235.6
2019-10-29 19:15:00,28.0,134.6,237.4
2019-10-29 19:30:00,27.0,122.5,237.8
2019-10-29 19:45:00,27.0,117.4,237.8
2019-10-29 20:00:00,27.0,109.2,239.1
2019-10-29 20:15:00,27.0,101.2,239.8
2019-10-29 20:30:00,27.0,107.4,240.0
2019-10-29 20:45:00,26.0,105.0,240.4
2019-10-29 21:00:00,26.0,95.4,241.2
2019-10-29 21:15:00,26.0,79.4,242.3
2019-10-29 21:30:00,26.0,85.8,242.7
2019-10-29 21:45:00,26.0,78.7,243.5
2019-10-29 22:00:00,26.0,81.9,243.4
2019-10-29 22:15:00,26.0,69.3,244.1
2019-10-29 22:30:00,26.0,74.9,244.3
2019-10-29 22:45:00,26.0,68.7,245.2
2019-10-29 23:00:00,26.0,80.1,245.1
2019-10-29 23:15:00,25.0,68.9,246.0
2019-10-29 23:30:00,25.0,64.9,246.5
2019-10-29 23:45:00,25.0,62.3,246.2
2019-10-30 00:00:00,25.0,69.8,246.2
2019-10-30 00:15:00,25.0,66.1,246.2
2019-10-30 00:30:00,25.0,61.8,246.0
2019-10-30 00:45:00,25.0,69.8,245.6
2019-10-30 01:00:00,25.0,59.8,246.4
2019-10-30 01:15:00,25.0,65.9,246.2
2019-10-30 01:30:00,25.0,49.3,247.2
2019-10-30 01:45:00,25.0,64.4,246.7
2019-10-30 02:00:00,25.0,60.6,246.7
2019-10-30 02:15:00,25.0,56.4,247.2
2019-10-30 02:30:00,25.0,56.1,247.0
2019-10-30 02:45:00,25.0,62.9,246.9
2019-10-30 03:00:00,25.0,52.5,247.4
2019-10-30 03:15:00,25.0,54.7,247.4
2019-10-30 03:30:00,25.0,54.4,247.5
2019-10-30 03:45:00,25.0,51.2,247.5
2019-10-30 04:00:00,24.5,52.7,247.75
2019-10-30 04:15:00,24.0,52.9,247.8
2019-10-30 04:30:00,24.0,54.4,247.9
2019-10-30 04:45:00,24.0,39.8,248.4
2019-10-30 05:00:00,24.0,52.5,247.9
2019-10-30 05:15:00,24.0,47.4,248.9
2019-10-30 05:30:00,24.0,46.9,248.6
2019-10-30 05:45:00,24.0,40.3,249.7
2019-10-30 06:00:00,24.0,44.8,248.8
2019-10-30 06:15:00,24.0,42.3,248.6
2019-10-30 06:30:00,25.0,50.7,247.2
2019-10-30 06:45:00,25.0,41.2,247.5
2019-10-30 07:00:00,25.0,52.6,246.7
2019-10-30 07:15:00,25.0,36.4,247.0
2019-10-30 07:30:00,26.0,51.5,246.1
2019-10-30 07:45:00,26.0,66.3,245.4
2019-10-30 08:00:00,27.0,68.8,244.3
2019-10-30 08:15:00,27.0,53.0,244.5
2019-10-30 08:30:00,28.0,64.2,244.0
2019-10-30 08:45:00,28.0,56.1,243.7
2019-10-30 09:00:00,29.0,63.3,243.4
2019-10-30 09:15:00,29.0,70.3,242.8
2019-10-30 09:30:00,30.0,84.2,241.3
2019-10-30 09:45:00,31.0,75.6,240.9
2019-10-30 10:00:00,30.0,68.0,240.9
2019-10-30 10:15:00,30.0,81.6,239.9
2019-10-30 10:30:00,31.0,79.2,239.4
2019-10-30 10:45:00,31.0,83.8,239.9
2019-10-30 11:00:00,31.0,82.1,239.1
2019-10-30 11:15:00,30.0,105.6,237.6
2019-10-30 11:30:00,32.0,102.8,238.1
2019-10-30 11:45:00,33.0,102.7,237.2
2019-10-30 12:00:00,38.0,102.8,237.9
2019-10-30 12:15:00,40.0,117.2,237.1
2019-10-30 12:30:00,41.0,108.6,236.5
2019-10-30 12:45:00,40.0,119.1,235.6
2019-10-30 13:00:00,35.0,126.8,235.5
2019-10-30 13:15:00,35.0,126.4,235.4
2019-10-30 13:30:00,33.0,129.5,235.2
2019-10-30 13:45:00,33.0,127.6,235.6
2019-10-30 14:00:00,33.0,124.8,235.9
2019-10-30 14:15:00,36.0,121.8,236.5
2019-10-30 14:30:00,34.0,117.3,236.4
2019-10-30 14:45:00,34.0,125.6,235.8
2019-10-30 15:00:00,33.0,133.8,236.2
2019-10-30 15:15:00,33.0,125.8,235.6
2019-10-30 15:30:00,32.0,124.0,236.0
2019-10-30 15:45:00,32.0,130.4,235.4
2019-10-30 16:00:00,31.0,126.8,235.6
2019-10-30 16:15:00,31.0,129.0,236.3
2019-10-30 16:30:00,30.0,136.4,235.6
2019-10-30 16:45:00,30.0,138.3,236.2
2019-10-30 17:00:00,29.0,142.3,236.0
2019-10-30 17:15:00,29.0,151.6,234.7
2019-10-30 17:30:00,29.0,172.2,233.0
2019-10-30 17:45:00,28.0,157.3,234.1
2019-10-30 18:00:00,28.0,145.0,233.9
2019-10-30 18:15:00,28.0,147.0,234.8
2019-10-30 18:30:00,28.0,146.4,235.1
2019-10-30 18:45:00,28.0,148.2,235.6
2019-10-30 19:00:00,27.0,135.8,236.8
2019-10-30 19:15:00,27.0,137.5,236.9
2019-10-30 19:30:00,27.0,136.0,238.1
2019-10-30 19:45:00,27.0,129.8,238.6
2019-10-30 20:00:00,27.0,138.3,238.7
2019-10-30 20:15:00,27.0,130.7,239.4
2019-10-30 20:30:00,27.0,121.1,239.8
2019-10-30 20:45:00,26.0,98.4,241.1
2019-10-30 21:00:00,26.0,86.2,242.5
2019-10-30 21:15:00,26.0,82.4,242.6
2019-10-30 21:30:00,26.0,84.8,242.9
2019-10-30 21:45:00,26.0,82.7,243.7
2019-10-30 22:00:00,26.0,71.9,244.4
2019-10-30 22:15:00,26.0,75.9,244.4
2019-10-30 22:30:00,26.0,75.7,244.7
2019-10-30 22:45:00,25.0,68.0,244.1
2019-10-30 23:00:00,25.0,72.8,244.5
2019-10-30 23:15:00,25.0,73.6,244.5
2019-10-30 23:30:00,25.0,67.7,245.1
2019-10-30 23:45:00,25.0,72.9,245.5
2019-10-31 00:00:00,25.0,74.3,245.4
2019-10-31 00:15:00,25.0,62.2,246.3
2019-10-31 00:30:00,25.0,58.0,247.2
2019-10-31 00:45:00,25.0,64.6,246.7
2019-10-31 01:00:00,25.0,61.9,247.0
2019-10-31 01:15:00,25.0,51.5,246.9
2019-10-31 01:30:00,25.0,62.7,246.8
2019-10-31 01:45:00,25.0,59.1,246.4
2019-10-31 02:00:00,25.0,53.35,246.9
2019-10-31 02:15:00,25.0,47.6,247.4
2019-10-31 02:30:00,25.0,54.5,247.2
2019-10-31 02:45:00,25.0,52.2,247.3
2019-10-31 03:00:00,24.923076923076923,53.861538461538466,247.27692307692308
2019-10-31 03:15:00,24.846153846153847,55.52307692307693,247.25384615384615
2019-10-31 03:30:00,24.76923076923077,57.184615384615384,247.23076923076923
2019-10-31 03:45:00,24.692307692307693,58.84615384615385,247.20769230769233
2019-10-31 05:00:00,24.307692307692307,67.15384615384615,247.09230769230768
2019-10-31 05:15:00,24.23076923076923,68.81538461538462,247.06923076923078
2019-10-31 05:30:00,24.153846153846153,70.47692307692307,247.04615384615386
2019-10-31 05:45:00,24.076923076923077,72.13846153846154,247.02307692307693
2019-10-31 06:00:00,24.0,73.8,247.0
2019-10-31 06:15:00,24.0,72.6,245.4
2019-10-31 06:30:00,24.0,67.1,245.5
2019-10-31 06:45:00,24.0,59.9,244.0
2019-10-31 07:00:00,25.0,52.5,243.9
2019-10-31 07:15:00,25.0,53.3,242.4
2019-10-31 07:30:00,26.0,53.0,241.9
2019-10-31 07:45:00,26.0,57.0,241.7
2019-10-31 08:00:00,27.0,55.1,242.0
2019-10-31 08:15:00,27.0,63.1,241.1
2019-10-31 08:30:00,27.0,65.8,241.2
2019-10-31 08:45:00,28.0,58.5,241.0
2019-10-31 09:00:00,28.0,66.7,240.2
2019-10-31 09:15:00,29.0,77.3,240.5
2019-10-31 09:30:00,29.0,72.0,239.5
2019-10-31 09:45:00,29.0,66.2,239.1
2019-10-31 10:00:00,29.0,67.9,239.6
2019-10-31 10:15:00,30.0,75.3,239.3
2019-10-31 10:30:00,30.0,68.7,239.6
2019-10-31 10:45:00,31.0,90.6,238.2
2019-10-31 11:00:00,31.0,99.8,237.5
2019-10-31 11:15:00,32.0,99.6,236.8
2019-10-31 11:30:00,31.0,104.5,236.9
2019-10-31 11:45:00,34.0,121.4,236.2
2019-10-31 12:00:00,36.0,114.8,236.4
2019-10-31 12:15:00,37.0,125.8,229.7
2019-10-31 12:30:00,38.0,115.9,231.8
2019-10-31 12:45:00,38.0,132.0,230.8
2019-10-31 13:00:00,36.0,122.1,231.1
2019-10-31 13:15:00,35.0,126.6,230.8
2019-10-31 13:30:00,35.0,126.7,230.0
2019-10-31 13:45:00,34.5,125.7,232.2
2019-10-31 14:00:00,34.0,124.7,234.4
2019-10-31 14:15:00,33.5,123.7,236.60000000000002
2019-10-31 14:30:00,33.0,122.7,238.8
2019-10-31 14:45:00,33.0,160.1,237.1
2019-10-31 15:00:00,32.0,146.1,238.2
2019-10-31 15:15:00,32.0,145.7,237.9
2019-10-31 15:30:00,31.0,138.1,238.0
2019-10-31 15:45:00,31.0,123.5,238.1
2019-10-31 16:00:00,30.0,124.8,238.7
2019-10-31 16:15:00,30.0,117.5,239.0
2019-10-31 16:30:00,30.0,129.3,239.2
2019-10-31 16:45:00,29.0,132.2,238.8
2019-10-31 17:00:00,29.0,134.4,237.0
2019-10-31 17:15:00,28.0,144.3,236.0
2019-10-31 17:30:00,28.0,146.8,234.8
2019-10-31 17:45:00,28.0,146.9,234.5
2019-10-31 18:00:00,28.0,141.9,235.7
2019-10-31 18:15:00,28.0,141.0,236.5
2019-10-31 18:30:00,27.0,142.5,237.1
2019-10-31 18:45:00,27.0,143.6,237.3
2019-10-31 19:00:00,27.0,141.1,237.9
2019-10-31 19:15:00,27.0,133.7,238.5
2019-10-31 19:30:00,27.0,142.3,238.7
2019-10-31 19:45:00,27.0,131.2,239.4
2019-10-31 20:00:00,27.0,130.6,239.6
2019-10-31 20:15:00,26.0,120.4,240.3
2019-10-31 20:30:00,26.0,113.55,241.0
2019-10-31 20:45:00,26.0,106.7,241.7
2019-10-31 21:00:00,26.0,95.4,241.5
2019-10-31 21:15:00,26.0,84.6,242.0
2019-10-31 21:30:00,26.0,89.2,242.5
2019-10-31 21:45:00,25.0,83.4,243.2
2019-10-31 22:00:00,25.0,73.3,244.2
2019-10-31 22:15:00,25.0,91.1,244.5
2019-10-31 22:30:00,25.0,69.6,245.8
2019-10-31 22:45:00,25.0,62.7,246.3
2019-10-31 23:00:00,25.0,67.9,246.5
2019-10-31 23:15:00,25.0,72.7,246.2
2019-10-31 23:30:00,25.0,66.7,246.9
2019-10-31 23:45:00,24.0,70.69999999999999,246.35000000000002
2019-11-01 00:00:00,24.0,64.14999999999999,246.72500000000002
2019-11-01 00:15:00,24.0,57.6,247.1
2019-11-01 00:30:00,24.0,58.0,247.9
2019-11-01 00:45:00,24.0,54.8,247.5
2019-11-01 01:00:00,24.0,52.0,247.7
2019-11-01 01:15:00,24.0,51.8,247.9
2019-11-01 01:30:00,24.0,51.7,248.1
2019-11-01 01:45:00,24.0,55.8,248.2
2019-11-01 02:00:00,24.0,44.9,249.2
2019-11-01 02:15:00,24.0,50.6,248.1
2019-11-01 02:30:00,24.0,54.7,248.1
2019-11-01 02:45:00,24.0,47.4,248.2
2019-11-01 03:00:00,24.0,46.6,248.1
2019-11-01 03:15:00,24.0,42.8,248.1
2019-11-01 03:30:00,24.0,46.1,247.8
2019-11-01 03:45:00,24.0,39.8,248.2
2019-11-01 04:00:00,24.0,46.2,248.2
2019-11-01 04:15:00,24.0,40.5,248.0
2019-11-01 04:30:00,24.0,39.4,248.2
2019-11-01 04:45:00,24.0,43.8,248.1
2019-11-01 05:00:00,23.0,38.5,248.9
2019-11-01 05:15:00,23.0,41.5,248.0
2019-11-01 05:30:00,23.0,42.7,248.7
2019-11-01 05:45:00,23.0,43.6,248.4
2019-11-01 06:00:00,23.0,37.4,248.9
2019-11-01 06:15:00,24.0,40.8,248.3
2019-11-01 06:30:00,24.0,41.9,247.5
2019-11-01 06:45:00,24.0,40.9,247.2
2019-11-01 07:00:00,24.0,37.4,246.8
2019-11-01 07:15:00,25.0,43.8,246.1
2019-11-01 07:30:00,26.0,38.0,244.9
2019-11-01 07:45:00,26.0,44.6,244.7
2019-11-01 08:00:00,27.0,51.7,244.8
2019-11-01 08:15:00,27.0,54.7,244.6
2019-11-01 08:30:00,28.0,43.5,244.5
2019-11-01 08:45:00,28.0,54.1,243.6
2019-11-01 09:00:00,28.0,63.8,243.8
2019-11-01 09:15:00,29.0,63.9,243.5
2019-11-01 09:30:00,29.0,60.4,243.0
2019-11-01 09:45:00,30.0,53.0,242.8
2019-11-01 10:00:00,30.0,80.7,240.2
2019-11-01 10:15:00,30.0,73.4,240.4
2019-11-01 10:30:00,30.0,76.6,240.4
2019-11-01 10:45:00,31.0,93.3,239.9
2019-11-01 11:00:00,31.0,72.3,239.6
2019-11-01 11:15:00,31.0,98.9,237.5
2019-11-01 11:30:00,32.0,99.4,238.5
2019-11-01 11:45:00,33.0,113.6,239.2
2019-11-01 12:00:00,32.0,99.0,239.2
2019-11-01 12:15:00,37.0,103.8,239.2
2019-11-01 12:30:00,36.0,108.9,238.5
2019-11-01 12:45:00,38.0,114.5,235.8
2019-11-01 13:00:00,37.0,120.5,236.0
2019-11-01 13:15:00,36.0,76.7,238.9
2019-11-01 13:30:00,35.0,126.7,237.4
2019-11-01 13:45:00,35.0,127.0,236.5
2019-11-01 14:00:00,35.0,132.5,236.6
2019-11-01 14:15:00,36.0,121.7,237.2
2019-11-01 14:30:00,33.0,128.2,237.1
2019-11-01 14:45:00,33.0,126.5,237.4
2019-11-01 15:00:00,32.0,138.9,236.3
2019-11-01 15:15:00,32.0,129.1,237.7
2019-11-01 15:30:00,31.0,133.9,237.6
2019-11-01 15:45:00,31.0,139.5,237.4
2019-11-01 16:00:00,30.0,115.0,237.5
2019-11-01 16:15:00,30.0,130.2,237.2
2019-11-01 16:30:00,30.0,151.2,236.7
2019-11-01 16:45:00,29.0,143.1,236.5
2019-11-01 17:00:00,29.0,150.6,235.0
2019-11-01 17:15:00,29.0,144.9,232.3
2019-11-01 17:30:00,29.0,149.6,231.9
2019-11-01 17:45:00,28.0,137.4,233.4
2019-11-01 18:00:00,28.0,140.8,235.7
2019-11-01 18:15:00,28.0,130.9,236.7
2019-11-01 18:30:00,28.0,135.0,236.5
2019-11-01 18:45:00,28.0,139.2,237.0
2019-11-01 19:00:00,28.0,148.1,237.1
2019-11-01 19:15:00,28.0,145.1,237.7
2019-11-01 19:30:00,27.0,149.5,238.2
2019-11-01 19:45:00,27.0,131.8,238.7
2019-11-01 20:00:00,27.0,142.8,239.1
2019-11-01 20:15:00,27.0,124.3,240.1
2019-11-01 20:30:00,27.0,114.7,240.9
2019-11-01 20:45:00,26.0,123.8,241.0
2019-11-01 21:00:00,26.0,107.7,242.5
2019-11-01 21:15:00,26.0,107.9,242.7
2019-11-01 21:30:00,25.0,96.9,244.1
2019-11-01 21:45:00,25.0,104.5,243.1
2019-11-01 22:00:00,25.0,100.7,243.4
2019-11-01 22:15:00,25.0,80.3,243.6
2019-11-01 22:30:00,25.0,87.4,242.8
2019-11-01 22:45:00,25.0,83.0,243.9
2019-11-01 23:00:00,25.0,87.0,244.1
2019-11-01 23:15:00,25.0,66.0,245.6
2019-11-01 23:30:00,25.0,67.0,245.9
2019-11-01 23:45:00,24.5,58.15,246.10000000000002
2019-11-02 00:00:00,24.0,49.3,246.3
2019-11-02 00:15:00,24.0,53.8,247.0
2019-11-02 00:30:00,24.0,46.8,246.8
2019-11-02 00:45:00,24.0,48.6,247.2
2019-11-02 01:00:00,24.0,46.8,247.3
2019-11-02 01:15:00,24.0,48.1,247.6
2019-11-02 01:30:00,24.0,46.6,246.9
2019-11-02 01:45:00,24.0,48.0,247.1
2019-11-02 02:00:00,24.0,44.7,247.4
2019-11-02 02:15:00,24.0,47.9,247.5
2019-11-02 02:30:00,23.0,45.9,248.0
2019-11-02 02:45:00,24.0,45.7,248.6
2019-11-02 03:00:00,23.0,41.1,247.7
2019-11-02 03:15:00,23.0,40.3,248.2
2019-11-02 03:30:00,23.0,44.4,248.3
2019-11-02 03:45:00,23.0,44.5,248.5
2019-11-02 04:00:00,23.0,37.6,249.4
2019-11-02 04:15:00,23.0,37.6,249.2
2019-11-02 04:30:00,23.0,42.7,249.0
2019-11-02 04:45:00,23.0,39.6,248.8
2019-11-02 05:00:00,23.0,43.5,248.8
2019-11-02 05:15:00,23.0,46.1,248.1
2019-11-02 05:30:00,23.0,44.3,248.7
2019-11-02 05:45:00,23.0,38.3,249.0
2019-11-02 06:00:00,23.0,36.0,248.9
2019-11-02 06:15:00,23.0,37.5,248.3
2019-11-02 06:30:00,23.0,40.7,247.8
2019-11-02 06:45:00,24.0,43.7,247.0
2019-11-02 07:00:00,24.0,35.0,246.7
2019-11-02 07:15:00,25.0,33.2,246.7
2019-11-02 07:30:00,25.0,34.7,245.7
2019-11-02 07:45:00,26.0,50.1,244.3
2019-11-02 08:00:00,26.0,42.7,243.8
2019-11-02 08:15:00,27.0,52.4,242.9
2019-11-02 08:30:00,27.0,50.2,243.9
2019-11-02 08:45:00,28.0,47.7,243.4
2019-11-02 09:00:00,28.0,66.0,242.3
2019-11-02 09:15:00,28.0,43.6,242.4
2019-11-02 09:30:00,29.0,45.9,241.8
2019-11-02 09:45:00,29.0,50.0,242.2
2019-11-02 10:00:00,30.0,66.5,241.0
2019-11-02 10:15:00,30.0,62.8,239.8
2019-11-02 10:30:00,30.0,77.7,239.3
2019-11-02 10:45:00,31.0,93.9,237.9
2019-11-02 11:00:00,32.0,90.2,239.6
2019-11-02 11:15:00,32.0,104.0,239.5
2019-11-02 11:30:00,33.0,85.05000000000001,240.5
2019-11-02 11:45:00,34.0,114.0,239.6
2019-11-02 12:00:00,34.0,119.7,238.1
2019-11-02 12:15:00,36.0,139.7,238.2
2019-11-02 12:30:00,38.0,115.2,238.8
2019-11-02 12:45:00,38.0,131.3,237.4
2019-11-02 13:00:00,37.0,134.5,236.6
2019-11-02 13:15:00,34.0,127.7,237.4
2019-11-02 13:30:00,33.0,130.8,236.2
2019-11-02 13:45:00,32.0,137.3,237.3
2019-11-02 14:00:00,34.0,138.9,236.2
2019-11-02 14:15:00,35.0,130.6,237.0
2019-11-02 14:30:00,33.0,128.6,237.0
2019-11-02 14:45:00,33.0,132.6,237.4
2019-11-02 15:00:00,33.0,135.1,237.3
2019-11-02 15:15:00,33.0,131.0,238.0
2019-11-02 15:30:00,32.0,139.3,237.6
2019-11-02 15:45:00,32.0,138.2,238.0
2019-11-02 16:00:00,31.0,125.8,239.8
2019-11-02 16:15:00,31.0,130.6,238.3
2019-11-02 16:30:00,30.0,133.0,238.4
2019-11-02 16:45:00,30.0,134.0,237.9
2019-11-02 17:00:00,30.0,135.0,237.4
2019-11-02 17:15:00,29.0,142.4,235.1
2019-11-02 17:30:00,29.0,149.1,234.3
2019-11-02 17:45:00,28.0,137.7,234.3
2019-11-02 18:00:00,28.0,132.9,234.8
2019-11-02 18:15:00,28.0,135.3,234.3
2019-11-02 18:30:00,28.0,146.9,234.6
2019-11-02 18:45:00,28.0,136.3,236.0
2019-11-02 19:00:00,28.0,140.8,236.5
2019-11-02 19:15:00,28.0,129.4,236.9
2019-11-02 19:30:00,28.0,126.4,237.5
2019-11-02 19:45:00,27.0,122.4,237.9
2019-11-02 20:00:00,27.0,118.9,238.3
2019-11-02 20:15:00,27.0,113.1,238.8
2019-11-02 20:30:00,27.0,111.5,239.5
2019-11-02 20:45:00,26.0,102.7,240.1
2019-11-02 21:00:00,26.0,86.8,241.2
2019-11-02 21:15:00,26.0,84.5,241.3
2019-11-02 21:30:00,26.0,79.9,241.7
2019-11-02 21:45:00,25.0,76.7,243.1
2019-11-02 22:00:00,25.0,74.6,243.7
2019-11-02 22:15:00,25.0,61.95,244.35
2019-11-02 22:30:00,25.0,60.1,244.6
2019-11-02 22:45:00,25.0,73.8,244.6
2019-11-02 23:00:00,24.0,81.4,245.0
2019-11-02 23:15:00,24.0,66.1,246.1
2019-11-02 23:30:00,24.0,57.7,245.9
2019-11-02 23:45:00,24.0,66.5,245.9
2019-11-03 00:00:00,24.0,65.3,246.5
2019-11-03 00:15:00,24.0,47.4,246.8
2019-11-03 00:30:00,24.0,60.8,246.7
2019-11-03 00:45:00,24.0,47.9,246.9
2019-11-03 01:00:00,24.0,51.7,247.2
2019-11-03 01:15:00,24.0,49.0,247.3
2019-11-03 01:30:00,23.0,42.8,247.8
2019-11-03 01:45:00,23.0,59.6,247.5
2019-11-03 02:00:00,23.0,54.3,248.0
2019-11-03 02:15:00,23.0,45.1,248.2
2019-11-03 02:30:00,23.0,38.8,248.9
2019-11-03 02:45:00,23.0,42.6,249.1
2019-11-03 03:00:00,23.0,48.7,249.1
2019-11-03 03:15:00,23.0,50.2,248.8
2019-11-03 03:30:00,23.0,44.7,248.9
2019-11-03 03:45:00,23.0,35.4,249.3
2019-11-03 04:00:00,23.0,42.6,249.0
2019-11-03 04:15:00,23.0,44.7,248.9
2019-11-03 04:30:00,22.0,44.8,248.9
2019-11-03 04:45:00,22.0,49.0,249.0
2019-11-03 05:00:00,22.0,40.6,249.8
2019-11-03 05:15:00,22.0,50.8,249.1
2019-11-03 05:30:00,22.0,32.2,250.1
2019-11-03 05:45:00,22.0,45.6,249.0
2019-11-03 06:00:00,22.0,38.4,249.0
2019-11-03 06:15:00,23.0,42.3,248.0
2019-11-03 06:30:00,23.0,37.6,248.4
2019-11-03 06:45:00,24.0,32.1,247.6
2019-11-03 07:00:00,24.0,33.1,247.5
2019-11-03 07:15:00,25.0,35.1,246.8
2019-11-03 07:30:00,25.0,31.6,247.2
2019-11-03 07:45:00,25.0,32.9,245.6
2019-11-03 08:00:00,26.0,45.1,244.6
2019-11-03 08:15:00,27.0,42.6,244.4
2019-11-03 08:30:00,27.0,36.5,243.7
2019-11-03 08:45:00,28.0,53.6,243.3
2019-11-03 09:00:00,28.0,45.2,243.2
2019-11-03 09:15:00,29.0,47.4,243.0
2019-11-03 09:30:00,29.0,50.9,242.4
2019-11-03 09:45:00,29.0,43.6,242.3
2019-11-03 10:00:00,30.0,41.5,242.5
2019-11-03 10:15:00,30.0,47.6,242.5
2019-11-03 10:30:00,30.0,60.1,241.9
2019-11-03 10:45:00,30.0,59.6,243.2
2019-11-03 11:00:00,32.0,70.1,242.1
2019-11-03 11:15:00,32.0,63.4,241.8
2019-11-03 11:30:00,33.0,67.9,241.8
2019-11-03 11:45:00,33.0,67.5,242.4
2019-11-03 12:00:00,38.0,80.2,240.9
2019-11-03 12:15:00,35.0,61.5,241.0
2019-11-03 12:30:00,38.0,58.3,241.2
2019-11-03 12:45:00,38.0,65.4,240.8
2019-11-03 13:00:00,34.0,99.9,239.6
2019-11-03 13:15:00,35.5,73.8,240.2
2019-11-03 13:30:00,34.0,92.9,239.3
2019-11-03 13:45:00,37.0,84.0,239.2
2019-11-03 14:00:00,38.0,89.8,238.6
2019-11-03 14:15:00,37.0,82.9,239.3
2019-11-03 14:30:00,34.0,81.1,240.2
2019-11-03 14:45:00,33.0,77.2,239.1
2019-11-03 15:00:00,33.0,67.8,239.4
2019-11-03 15:15:00,32.0,62.5,239.6
2019-11-03 15:30:00,32.0,87.7,240.6
2019-11-03 15:45:00,31.0,73.7,241.4
2019-11-03 16:00:00,31.0,76.7,241.9
2019-11-03 16:15:00,31.0,69.7,242.2
2019-11-03 16:30:00,30.0,76.6,241.8
2019-11-03 16:45:00,29.0,71.3,242.0
2019-11-03 17:00:00,29.0,74.7,241.1
2019-11-03 17:15:00,29.0,70.1,239.0
2019-11-03 17:30:00,28.0,85.0,238.4
2019-11-03 17:45:00,28.0,93.1,237.7
2019-11-03 18:00:00,28.0,80.5,238.3
2019-11-03 18:15:00,28.0,79.4,238.5
2019-11-03 18:30:00,27.0,82.1,239.2
2019-11-03 18:45:00,27.0,88.4,239.5
2019-11-03 19:00:00,27.0,76.1,239.9
2019-11-03 19:15:00,27.0,75.65,240.25
2019-11-03 19:30:00,27.0,75.2,240.6
2019-11-03 19:45:00,27.0,68.7,241.0
2019-11-03 20:00:00,27.0,69.1,241.2
2019-11-03 20:15:00,27.0,71.0,241.2
2019-11-03 20:30:00,26.0,66.3,241.6
2019-11-03 20:45:00,26.0,63.4,241.5
2019-11-03 21:00:00,26.0,62.7,242.0
2019-11-03 21:15:00,26.0,68.9,242.4
2019-11-03 21:30:00,26.0,63.5,242.3
2019-11-03 21:45:00,26.0,61.9,242.9
2019-11-03 22:00:00,26.0,63.3,243.2
2019-11-03 22:15:00,26.0,61.0,243.8
2019-11-03 22:30:00,25.0,60.6,244.7
2019-11-03 22:45:00,25.0,59.6,245.4
2019-11-03 23:00:00,25.0,70.1,245.2
2019-11-03 23:15:00,25.0,74.6,245.1
2019-11-03 23:30:00,25.0,71.9,245.4
2019-11-03 23:45:00,24.0,74.2,245.5
2019-11-04 00:00:00,24.0,61.5,245.8
2019-11-04 00:15:00,24.0,55.7,246.4
2019-11-04 00:30:00,24.0,55.4,246.7
2019-11-04 00:45:00,24.0,60.5,246.4
2019-11-04 01:00:00,24.0,50.3,247.4
2019-11-04 01:15:00,24.0,64.0,246.3
2019-11-04 01:30:00,24.0,59.4,246.8
2019-11-04 01:45:00,23.0,52.4,246.5
2019-11-04 02:00:00,23.0,60.8,247.0
2019-11-04 02:15:00,23.0,53.4,247.9
2019-11-04 02:30:00,23.0,52.5,247.9
2019-11-04 02:45:00,23.0,49.0,248.4
2019-11-04 03:00:00,23.0,43.7,248.3
2019-11-04 03:15:00,23.0,47.5,248.1
2019-11-04 03:30:00,23.0,46.7,248.5
2019-11-04 03:45:00,23.0,49.1,248.6
2019-11-04 04:00:00,23.0,40.7,248.6
2019-11-04 04:15:00,23.0,39.0,248.5
2019-11-04 04:30:00,23.0,35.0,248.8
2019-11-04 04:45:00,23.0,34.5,248.6
2019-11-04 05:00:00,22.0,40.5,248.5
2019-11-04 05:15:00,22.0,35.9,249.2
2019-11-04 05:30:00,22.0,37.4,249.1
2019-11-04 05:45:00,23.0,36.0,249.4
2019-11-04 06:00:00,23.0,33.1,248.9
2019-11-04 06:15:00,23.0,34.0,248.7
2019-11-04 06:30:00,23.0,36.6,248.6
2019-11-04 06:45:00,23.0,37.9,248.1
2019-11-04 07:00:00,23.0,34.3,247.3
2019-11-04 07:15:00,24.0,34.0,246.3
2019-11-04 07:30:00,24.0,37.4,247.3
2019-11-04 07:45:00,25.0,41.0,245.8
2019-11-04 08:00:00,26.0,39.9,246.2
2019-11-04 08:15:00,26.0,51.6,245.2
2019-11-04 08:30:00,27.0,53.4,243.8
2019-11-04 08:45:00,27.0,60.8,243.2
2019-11-04 09:00:00,28.0,58.6,242.7
2019-11-04 09:15:00,28.0,66.9,242.6
2019-11-04 09:30:00,29.0,62.1,241.8
2019-11-04 09:45:00,29.0,54.4,241.8
2019-11-04 10:00:00,30.0,77.8,240.5
2019-11-04 10:15:00,31.0,58.9,240.3
2019-11-04 10:30:00,31.0,76.5,239.8
2019-11-04 10:45:00,31.0,85.6,238.7
2019-11-04 11:00:00,32.0,90.5,238.1
2019-11-04 11:15:00,33.0,104.8,238.4
2019-11-04 11:30:00,33.0,114.9,238.1
2019-11-04 11:45:00,35.0,112.1,238.1
2019-11-04 12:00:00,37.0,116.9,237.9
2019-11-04 12:15:00,33.0,126.8,238.4
2019-11-04 12:30:00,38.0,120.3,237.7
2019-11-04 12:45:00,39.0,120.4,236.8
2019-11-04 13:00:00,36.0,115.8,236.6
2019-11-04 13:15:00,36.0,117.8,237.5
2019-11-04 13:30:00,34.0,131.4,237.0
2019-11-04 13:45:00,38.0,124.0,237.0
2019-11-04 14:00:00,38.0,108.1,238.2
2019-11-04 14:15:00,37.0,108.3,238.0
2019-11-04 14:30:00,34.0,112.2,238.0
2019-11-04 14:45:00,33.0,143.2,237.9
2019-11-04 15:00:00,32.0,145.4,238.3
2019-11-04 15:15:00,32.0,137.7,237.7
2019-11-04 15:30:00,31.0,150.0,236.7
2019-11-04 15:45:00,31.0,160.2,236.6
2019-11-04 16:00:00,30.0,128.9,237.0
2019-11-04 16:15:00,30.0,138.3,237.1
2019-11-04 16:30:00,29.0,139.8,236.9
2019-11-04 16:45:00,29.0,133.7,237.0
2019-11-04 17:00:00,29.0,140.4,236.8
2019-11-04 17:15:00,28.0,134.8,235.3
2019-11-04 17:30:00,28.0,141.2,234.0
2019-11-04 17:45:00,28.0,158.0,234.7
2019-11-04 18:00:00,28.0,150.6,234.8
2019-11-04 18:15:00,27.0,149.4,236.4
2019-11-04 18:30:00,27.0,152.5,236.8
2019-11-04 18:45:00,27.0,168.8,236.1
2019-11-04 19:00:00,27.0,146.0,236.9
2019-11-04 19:15:00,26.0,145.8,237.8
2019-11-04 19:30:00,26.0,137.2,238.1
2019-11-04 19:45:00,26.0,125.4,238.6
2019-11-04 20:00:00,26.0,136.2,238.9
2019-11-04 20:15:00,26.0,124.8,239.4
2019-11-04 20:30:00,26.0,122.3,239.0
2019-11-04 20:45:00,25.0,119.5,239.9
2019-11-04 21:00:00,25.0,110.0,240.6
2019-11-04 21:15:00,25.0,119.6,240.8
2019-11-04 21:30:00,25.0,103.4,241.7
2019-11-04 21:45:00,25.0,81.5,242.7
2019-11-04 22:00:00,25.0,78.5,243.2
2019-11-04 22:15:00,25.0,71.9,243.3
2019-11-04 22:30:00,25.0,72.7,243.1
2019-11-04 22:45:00,25.0,75.0,243.9
2019-11-04 23:00:00,24.0,68.1,244.7
2019-11-04 23:15:00,24.0,63.5,245.1
2019-11-04 23:30:00,24.0,65.9,246.3
2019-11-04 23:45:00,24.0,61.5,246.7
2019-11-05 00:00:00,24.0,73.9,246.4
2019-11-05 00:15:00,24.0,69.0,246.3
2019-11-05 00:30:00,24.0,68.2,246.8
2019-11-05 00:45:00,24.0,57.6,247.5
2019-11-05 01:00:00,24.0,54.7,247.6
2019-11-05 01:15:00,23.0,52.1,247.5
2019-11-05 01:30:00,23.0,53.6,248.3
2019-11-05 01:45:00,24.0,55.3,247.8
2019-11-05 02:00:00,24.0,48.1,248.2
2019-11-05 02:15:00,23.0,46.5,248.6
2019-11-05 02:30:00,23.0,47.4,248.5
2019-11-05 02:45:00,23.0,46.7,248.5
2019-11-05 03:00:00,23.0,44.4,248.5
2019-11-05 03:15:00,23.0,45.1,249.1
2019-11-05 03:30:00,23.0,43.8,248.5
2019-11-05 03:45:00,23.0,43.1,248.8
2019-11-05 04:00:00,23.0,42.2,248.8
2019-11-05 04:15:00,22.0,39.3,249.3
2019-11-05 04:30:00,22.0,40.3,249.1
2019-11-05 04:45:00,22.0,43.9,249.2
2019-11-05 05:00:00,22.0,45.5,249.1
2019-11-05 05:15:00,22.0,51.7,248.6
2019-11-05 05:30:00,22.0,45.0,249.2
2019-11-05 05:45:00,22.0,42.0,249.4
2019-11-05 06:00:00,22.0,44.3,248.8
2019-11-05 06:15:00,22.0,42.9,248.5
2019-11-05 06:30:00,23.0,43.8,247.6
2019-11-05 06:45:00,23.0,42.2,247.6
2019-11-05 07:00:00,23.0,40.4,247.0
2019-11-05 07:15:00,24.0,48.7,246.1
2019-11-05 07:30:00,24.0,41.2,245.8
2019-11-05 07:45:00,24.0,51.8,245.8
2019-11-05 08:00:00,25.0,41.3,245.7
2019-11-05 08:15:00,26.0,55.5,244.0
2019-11-05 08:30:00,26.0,56.1,243.9
2019-11-05 08:45:00,27.0,56.4,243.2
2019-11-05 09:00:00,28.0,57.5,243.1
2019-11-05 09:15:00,28.5,61.5,242.1
2019-11-05 09:30:00,29.0,65.5,241.1
2019-11-05 09:45:00,29.0,50.0,241.6
2019-11-05 10:00:00,30.0,52.9,242.3
2019-11-05 10:15:00,30.0,60.0,241.9
2019-11-05 10:30:00,30.0,73.3,241.0
2019-11-05 10:45:00,30.5,86.55,240.39999999999998
2019-11-05 11:00:00,31.0,87.2,240.0
2019-11-05 11:15:00,32.0,100.6,238.9
2019-11-05 11:30:00,32.0,96.1,239.0
2019-11-05 11:45:00,33.0,107.3,238.8
2019-11-05 12:00:00,35.0,100.7,238.8
2019-11-05 12:15:00,36.0,97.6,238.2
2019-11-05 12:30:00,36.0,136.7,237.4
2019-11-05 12:45:00,36.0,120.7,237.8
2019-11-05 13:00:00,36.0,116.6,237.1
2019-11-05 13:15:00,35.0,116.9,238.4
2019-11-05 13:30:00,34.0,125.8,238.6
2019-11-05 13:45:00,33.75,121.3,238.55
2019-11-05 14:00:00,33.5,116.8,238.5
2019-11-05 14:15:00,33.25,112.3,238.45
2019-11-05 14:30:00,33.0,107.8,238.4
2019-11-05 14:45:00,32.0,147.5,238.4
2019-11-05 15:00:00,32.0,139.7,239.1
2019-11-05 15:15:00,31.0,141.8,238.5
2019-11-05 15:30:00,31.0,143.6,238.3
2019-11-05 15:45:00,31.0,143.16708860759493,238.2367088607595
2019-11-05 16:00:00,31.0,142.73417721518987,238.173417721519
2019-11-05 16:15:00,31.0,142.3012658227848,238.1101265822785
2019-11-05 16:30:00,31.0,141.86835443037975,238.046835443038
2019-11-06 10:15:00,31.0,111.13164556962026,233.55316455696203
2019-11-06 10:30:00,31.0,110.69873417721519,233.48987341772153
2019-11-06 10:45:00,31.0,110.26582278481013,233.42658227848102
2019-11-06 11:00:00,31.0,109.83291139240507,233.36329113924052
2019-11-06 11:15:00,31.0,109.4,233.3
2019-11-06 11:30:00,32.0,106.4,233.1
2019-11-06 11:45:00,32.0,109.1,232.6
2019-11-06 12:00:00,31.0,110.4,233.1
2019-11-06 12:15:00,36.0,111.7,232.6
2019-11-06 12:30:00,32.0,119.4,232.4
2019-11-06 12:45:00,35.0,105.5,232.3
2019-11-06 13:00:00,34.0,116.0,231.3
2019-11-06 13:15:00,34.0,104.5,232.2
2019-11-06 13:30:00,33.0,125.0,232.4
2019-11-06 13:45:00,35.0,128.6,231.9
2019-11-06 14:00:00,35.0,111.0,232.7
2019-11-06 14:15:00,34.0,111.2,232.6
2019-11-06 14:30:00,32.0,143.9,231.5
2019-11-06 14:45:00,32.0,132.8,231.9
2019-11-06 15:00:00,31.0,136.7,232.4
2019-11-06 15:15:00,31.0,129.2,232.3
2019-11-06 15:30:00,30.0,130.4,232.5
2019-11-06 15:45:00,30.0,124.3,232.9
2019-11-06 16:00:00,30.0,136.4,232.3
2019-11-06 16:15:00,30.0,119.1,233.2
2019-11-06 16:30:00,29.0,139.6,232.7
2019-11-06 16:45:00,29.0,139.9,232.6
2019-11-06 17:00:00,29.0,141.2,229.9
2019-11-06 17:15:00,28.0,150.3,228.2
2019-11-06 17:30:00,28.0,138.9,228.7
2019-11-06 17:45:00,28.0,139.6,230.3
2019-11-06 18:00:00,28.0,131.5,231.2
2019-11-06 18:15:00,28.0,154.0,231.2
2019-11-06 18:30:00,28.0,146.5,232.2
2019-11-06 18:45:00,27.0,144.6,233.0
2019-11-06 19:00:00,27.0,140.5,233.6
2019-11-06 19:15:00,27.0,136.3,234.3
2019-11-06 19:30:00,27.0,137.4,234.8
2019-11-06 19:45:00,27.0,136.5,235.1
2019-11-06 20:00:00,27.0,126.3,236.0
2019-11-06 20:15:00,27.0,126.2,236.3
2019-11-06 20:30:00,27.0,122.6,237.4
2019-11-06 20:45:00,26.0,123.5,238.0
2019-11-06 21:00:00,26.0,110.7,239.3
2019-11-06 21:15:00,26.0,100.6,240.0
2019-11-06 21:30:00,26.0,95.4,239.9
2019-11-06 21:45:00,25.0,88.0,241.2
2019-11-06 22:00:00,25.0,85.3,241.0
2019-11-06 22:15:00,25.0,75.9,241.6
2019-11-06 22:30:00,25.0,71.9,242.0
2019-11-06 22:45:00,25.0,76.1,242.9
2019-11-06 23:00:00,24.0,72.8,243.3
2019-11-06 23:15:00,25.0,69.2,244.7
2019-11-06 23:30:00,24.0,70.6,245.2
2019-11-06 23:45:00,24.0,64.2,245.2
2019-11-07 00:00:00,24.0,53.5,245.6
2019-11-07 00:15:00,24.0,64.6,244.9
2019-11-07 00:30:00,24.0,63.0,245.1
2019-11-07 00:45:00,24.0,61.2,245.5
2019-11-07 01:00:00,24.0,55.9,245.8
2019-11-07 01:15:00,24.0,62.8,245.7
2019-11-07 01:30:00,23.0,59.6,245.6
2019-11-07 01:45:00,23.0,55.6,245.9
2019-11-07 02:00:00,23.0,46.1,245.7
2019-11-07 02:15:00,23.0,44.7,246.1
2019-11-07 02:30:00,23.0,55.1,246.1
2019-11-07 02:45:00,23.0,50.6,246.4
2019-11-07 03:00:00,23.0,55.9,245.9
2019-11-07 03:15:00,23.0,47.6,246.3
2019-11-07 03:30:00,23.0,48.7,246.4
2019-11-07 03:45:00,22.0,52.4,246.4
2019-11-07 04:00:00,23.0,51.1,246.2
2019-11-07 04:15:00,23.0,38.7,246.6
2019-11-07 04:30:00,23.0,42.6,246.8
2019-11-07 04:45:00,23.0,38.8,246.8
2019-11-07 05:00:00,22.0,39.0,246.9
2019-11-07 05:15:00,22.0,35.8,247.2
2019-11-07 05:30:00,23.0,49.5,246.8
2019-11-07 05:45:00,23.0,35.3,246.9
2019-11-07 06:00:00,23.0,35.9,247.0
2019-11-07 06:15:00,23.0,35.6,246.2
2019-11-07 06:30:00,23.0,45.5,245.5
2019-11-07 06:45:00,24.0,39.7,245.0
2019-11-07 07:00:00,24.0,40.7,244.7
2019-11-07 07:15:00,24.0,35.4,244.2
2019-11-07 07:30:00,25.0,40.0,243.0
2019-11-07 07:45:00,26.0,36.4,242.9
2019-11-07 08:00:00,26.0,54.4,242.3
2019-11-07 08:15:00,27.0,60.1,241.2
2019-11-07 08:30:00,27.0,51.0,241.1
2019-11-07 08:45:00,27.0,45.6,241.2
2019-11-07 09:00:00,28.0,53.7,240.1
2019-11-07 09:15:00,29.0,62.2,239.9
2019-11-07 09:30:00,29.0,65.9,238.3
2019-11-07 09:45:00,29.0,56.4,239.3
2019-11-07 10:00:00,29.0,66.7,237.7
2019-11-07 10:15:00,30.0,66.6,236.7
2019-11-07 10:30:00,30.0,65.5,237.1
2019-11-07 10:45:00,30.0,65.0,236.7
2019-11-07 11:00:00,32.0,79.4,235.5
2019-11-07 11:15:00,33.0,87.6,234.4
2019-11-07 11:30:00,32.0,98.4,234.4
2019-11-07 11:45:00,33.0,98.2,234.1
2019-11-07 12:00:00,35.0,111.1,232.9
2019-11-07 12:15:00,38.0,100.5,233.6
2019-11-07 12:30:00,36.0,114.8,232.9
2019-11-07 12:45:00,37.0,146.9,231.7
2019-11-07 13:00:00,35.0,128.2,232.8
2019-11-07 13:15:00,33.0,122.9,233.1
2019-11-07 13:30:00,34.0,128.0,232.2
2019-11-07 13:45:00,34.0,136.0,231.8
2019-11-07 14:00:00,33.0,117.9,232.7
2019-11-07 14:15:00,32.0,125.7,232.3
2019-11-07 14:30:00,32.0,133.9,232.5
2019-11-07 14:45:00,32.0,128.0,233.3
2019-11-07 15:00:00,32.0,130.2,232.1
2019-11-07 15:15:00,31.0,142.8,232.4
2019-11-07 15:30:00,31.0,113.7,232.7
2019-11-07 15:45:00,30.0,113.4,232.9
2019-11-07 16:00:00,30.0,127.8,233.2
2019-11-07 16:15:00,29.0,131.7,232.7
2019-11-07 16:30:00,29.0,145.6,232.4
2019-11-07 16:45:00,29.0,142.9,231.9
2019-11-07 17:00:00,28.0,142.3,230.4
2019-11-07 17:15:00,28.0,146.9,229.2
2019-11-07 17:30:00,28.0,161.0,228.5
2019-11-07 17:45:00,28.0,146.4,229.3
2019-11-07 18:00:00,28.0,143.2,229.9
2019-11-07 18:15:00,28.0,138.9,230.8
2019-11-07 18:30:00,28.0,154.9,231.0
2019-11-07 18:45:00,28.0,133.5,232.4
2019-11-07 19:00:00,27.0,129.9,232.7
2019-11-07 19:15:00,27.0,130.7,232.8
2019-11-07 19:30:00,27.0,131.8,233.6
2019-11-07 19:45:00,27.0,127.6,234.2
2019-11-07 20:00:00,27.0,122.2,234.5
2019-11-07 20:15:00,27.0,120.9,234.8
2019-11-07 20:30:00,26.0,125.8,235.4
2019-11-07 20:45:00,26.0,115.8,236.2
2019-11-07 21:00:00,26.0,112.3,236.8
2019-11-07 21:15:00,26.0,97.1,238.1
2019-11-07 21:30:00,26.0,86.9,239.0
2019-11-07 21:45:00,26.0,79.3,239.4
2019-11-07 22:00:00,26.0,80.9,239.8
2019-11-07 22:15:00,26.0,88.5,240.6
2019-11-07 22:30:00,26.0,81.5,241.6
2019-11-07 22:45:00,26.0,79.9,241.8
2019-11-07 23:00:00,25.0,81.9,241.1
2019-11-07 23:15:00,25.0,67.5,242.1
2019-11-07 23:30:00,25.0,66.4,243.1
2019-11-07 23:45:00,25.0,69.6,242.6
2019-11-08 00:00:00,25.0,68.4,243.0
2019-11-08 00:15:00,25.0,62.5,243.5
2019-11-08 00:30:00,25.0,70.9,243.3
2019-11-08 00:45:00,25.0,65.0,244.3
2019-11-08 01:00:00,25.0,54.7,244.4
2019-11-08 01:15:00,25.0,55.7,244.5
2019-11-08 01:30:00,25.0,62.1,244.2
2019-11-08 01:45:00,25.0,62.8,244.7
2019-11-08 02:00:00,25.0,51.3,245.2
2019-11-08 02:15:00,25.0,53.9,245.2
2019-11-08 02:30:00,25.0,61.9,244.8
2019-11-08 02:45:00,25.0,61.0,245.6
2019-11-08 03:00:00,25.0,51.5,245.9
2019-11-08 03:15:00,25.0,57.7,245.8
2019-11-08 03:30:00,24.0,56.8,245.9
2019-11-08 03:45:00,24.0,49.9,246.3
2019-11-08 04:00:00,24.0,49.8,246.1
2019-11-08 04:15:00,24.0,47.0,246.1
2019-11-08 04:30:00,24.0,44.3,246.1
2019-11-08 04:45:00,24.0,43.1,246.5
2019-11-08 05:00:00,24.0,50.7,246.2
2019-11-08 05:15:00,24.0,51.4,246.3
2019-11-08 05:30:00,24.0,47.9,246.4
2019-11-08 05:45:00,24.0,37.4,246.9
2019-11-08 06:00:00,24.0,48.1,246.1
2019-11-08 06:15:00,24.0,50.2,245.4
2019-11-08 06:30:00,24.0,44.0,244.1
2019-11-08 06:45:00,25.0,41.1,243.9
2019-11-08 07:00:00,25.0,40.5,243.2
2019-11-08 07:15:00,25.0,40.7,242.2
2019-11-08 07:30:00,25.0,41.1,242.5
2019-11-08 07:45:00,25.0,39.0,242.1
2019-11-08 08:00:00,26.0,55.9,241.9
2019-11-08 08:15:00,26.0,54.8,241.7
2019-11-08 08:30:00,27.0,68.9,241.0
2019-11-08 08:45:00,28.0,55.8,241.5
2019-11-08 09:00:00,28.0,58.3,240.5
2019-11-08 09:15:00,29.0,73.5,238.8
2019-11-08 09:30:00,29.0,63.8,239.4
2019-11-08 09:45:00,31.0,55.9,239.4
2019-11-08 10:00:00,31.0,59.1,238.8
2019-11-08 10:15:00,31.0,63.2,237.7
2019-11-08 10:30:00,30.0,66.9,236.8
2019-11-08 10:45:00,30.0,95.1,235.9
2019-11-08 11:00:00,30.0,113.4,235.2
2019-11-08 11:15:00,30.0,104.3,236.1
2019-11-08 11:30:00,30.0,106.9,235.9
2019-11-08 11:45:00,30.0,105.0,235.5
2019-11-08 12:00:00,30.0,120.3,235.0
2019-11-08 12:15:00,30.0,114.5,235.6
2019-11-08 12:30:00,30.0,116.4,235.4
2019-11-08 12:45:00,30.0,116.5,235.4
2019-11-08 13:00:00,30.0,109.1,235.7
2019-11-08 13:15:00,30.0,124.3,234.7
2019-11-08 13:30:00,29.0,108.3,235.6
2019-11-08 13:45:00,29.0,140.8,234.8
2019-11-08 14:00:00,28.5,128.75,237.9
2019-11-08 14:15:00,28.0,116.7,241.0
2019-11-08 14:30:00,28.0,124.75,240.35
2019-11-08 14:45:00,28.0,132.8,239.7
2019-11-08 15:00:00,27.0,118.5,240.7
2019-11-08 15:15:00,27.0,116.0,240.9
2019-11-08 15:30:00,27.0,114.8,240.5
2019-11-08 15:45:00,27.0,115.2,240.3
2019-11-08 16:00:00,26.0,114.0,240.7
2019-11-08 16:15:00,26.0,126.0,240.4
2019-11-08 16:30:00,26.0,139.6,239.1
2019-11-08 16:45:00,26.0,128.8,239.0
2019-11-08 17:00:00,26.0,125.6,238.2
2019-11-08 17:15:00,26.0,141.7,237.2
2019-11-08 17:30:00,26.0,162.7,237.4
2019-11-08 17:45:00,25.0,144.0,238.1
2019-11-08 18:00:00,25.0,136.3,238.4
2019-11-08 18:15:00,25.0,134.9,238.6
2019-11-08 18:30:00,25.0,130.4,239.5
2019-11-08 18:45:00,25.0,136.2,239.7
2019-11-08 19:00:00,25.0,141.2,240.0
2019-11-08 19:15:00,25.0,134.9,239.9
2019-11-08 19:30:00,25.0,124.8,240.9
2019-11-08 19:45:00,25.0,133.2,241.0
2019-11-08 20:00:00,25.0,127.5,241.4
2019-11-08 20:15:00,25.0,115.8,242.4
2019-11-08 20:30:00,25.0,111.2,242.8
2019-11-08 20:45:00,24.5,104.45,243.45
2019-11-08 21:00:00,24.0,97.7,244.1
2019-11-08 21:15:00,24.0,99.0,244.1
2019-11-08 21:30:00,24.0,85.3,244.4
2019-11-08 21:45:00,24.0,86.8,245.1
2019-11-08 22:00:00,24.0,79.7,245.7
2019-11-08 22:15:00,24.0,77.0,245.3
2019-11-08 22:30:00,24.0,73.4,245.3
2019-11-08 22:45:00,24.0,71.5,246.4
2019-11-08 23:00:00,24.0,66.4,247.0
2019-11-08 23:15:00,24.0,55.6,247.7
2019-11-08 23:30:00,24.0,56.3,247.9
2019-11-08 23:45:00,24.0,58.0,248.2
2019-11-09 00:00:00,24.0,57.5,248.2
2019-11-09 00:15:00,24.0,56.5,248.4
2019-11-09 00:30:00,24.0,55.6,248.8
2019-11-09 00:45:00,24.0,52.4,249.4
2019-11-09 01:00:00,24.0,52.8,249.5
2019-11-09 01:15:00,24.0,51.1,250.4
2019-11-09 01:30:00,24.0,53.1,250.3
2019-11-09 01:45:00,24.0,54.1,251.1
2019-11-09 02:00:00,24.0,48.7,251.2
2019-11-09 02:15:00,24.0,52.9,250.9
2019-11-09 02:30:00,24.0,50.5,251.0
2019-11-09 02:45:00,24.0,52.7,251.7
2019-11-09 03:00:00,24.0,45.8,251.4
2019-11-09 03:15:00,24.0,49.1,249.9
2019-11-09 03:30:00,24.0,48.0,250.5
2019-11-09 03:45:00,24.0,45.5,250.4
2019-11-09 04:00:00,24.0,43.1,251.1
2019-11-09 04:15:00,23.0,47.0,250.5
2019-11-09 04:30:00,23.0,42.3,251.3
2019-11-09 04:45:00,23.0,44.0,250.9
2019-11-09 05:00:00,23.0,50.9,251.2
2019-11-09 05:15:00,23.0,53.6,250.4
2019-11-09 05:30:00,23.0,38.8,251.1
2019-11-09 05:45:00,23.0,41.0,251.0
2019-11-09 06:00:00,23.0,38.7,250.6
2019-11-09 06:15:00,24.0,56.4,249.9
2019-11-09 06:30:00,24.0,40.4,250.0
2019-11-09 06:45:00,24.0,44.4,249.4
2019-11-09 07:00:00,24.0,37.9,249.5
2019-11-09 07:15:00,24.0,45.8,248.8
2019-11-09 07:30:00,25.0,46.5,248.1
2019-11-09 07:45:00,25.0,46.3,248.0
2019-11-09 08:00:00,25.0,41.8,246.9
2019-11-09 08:15:00,25.0,64.2,245.7
2019-11-09 08:30:00,26.0,51.3,246.9
2019-11-09 08:45:00,26.0,43.9,246.9
2019-11-09 09:00:00,26.0,49.3,246.2
2019-11-09 09:15:00,27.0,61.2,245.6
2019-11-09 09:30:00,27.0,74.6,244.9
2019-11-09 09:45:00,27.0,79.7,245.1
2019-11-09 10:00:00,27.0,71.4,244.5
2019-11-09 10:15:00,28.0,66.4,243.9
2019-11-09 10:30:00,28.0,59.1,244.7
2019-11-09 10:45:00,27.0,74.2,243.5
2019-11-09 11:00:00,28.0,75.5,243.6
2019-11-09 11:15:00,28.0,83.8,243.3
2019-11-09 11:30:00,28.0,95.8,242.9
2019-11-09 11:45:00,28.0,103.5,242.5
2019-11-09 12:00:00,28.0,107.9,242.1
2019-11-09 12:15:00,28.0,92.1,242.0
2019-11-09 12:30:00,28.0,113.1,242.5
2019-11-09 12:45:00,28.0,104.2,242.3
2019-11-09 13:00:00,29.0,117.2,242.3
2019-11-09 13:15:00,29.0,100.5,243.1
2019-11-09 13:30:00,29.0,110.9,242.2
2019-11-09 13:45:00,28.0,110.4,241.6
2019-11-09 14:00:00,28.0,96.5,243.8
2019-11-09 14:15:00,27.0,82.7,244.1
2019-11-09 14:30:00,27.0,93.5,243.1
2019-11-09 14:45:00,27.0,65.5,245.2
2019-11-09 15:00:00,27.0,95.5,243.8
2019-11-09 15:15:00,27.0,106.1,243.1
2019-11-09 15:30:00,27.0,100.4,243.1
2019-11-09 15:45:00,26.0,92.5,243.0
2019-11-09 16:00:00,26.0,102.6,242.9
2019-11-09 16:15:00,26.0,128.7,242.0
2019-11-09 16:30:00,26.0,119.8,242.1
2019-11-09 16:45:00,26.0,127.4,241.1
2019-11-09 17:00:00,26.0,128.4,240.3
2019-11-09 17:15:00,26.0,118.1,240.0
2019-11-09 17:30:00,26.0,113.0,240.1
2019-11-09 17:45:00,25.0,119.3,240.5
2019-11-09 18:00:00,25.0,124.2,241.7
2019-11-09 18:15:00,25.0,117.7,242.9
2019-11-09 18:30:00,25.0,116.45,243.39999999999998
2019-11-09 18:45:00,25.0,117.3,243.2
2019-11-09 19:00:00,25.0,123.5,243.1
2019-11-09 19:15:00,25.0,125.0,243.2
2019-11-09 19:30:00,25.0,119.0,243.3
2019-11-09 19:45:00,25.0,116.9,243.4
2019-11-09 20:00:00,25.0,119.6,244.0
2019-11-09 20:15:00,25.0,101.5,244.3
2019-11-09 20:30:00,26.0,89.2,245.4
2019-11-09 20:45:00,25.0,96.0,244.7
2019-11-09 21:00:00,24.5,78.05,246.3
2019-11-09 21:15:00,24.0,72.4,246.6
2019-11-09 21:30:00,24.0,80.4,246.9
2019-11-09 21:45:00,24.0,76.5,247.5
2019-11-09 22:00:00,24.0,75.4,247.9
2019-11-09 22:15:00,24.0,69.5,247.3
2019-11-09 22:30:00,24.0,65.5,247.9
2019-11-09 22:45:00,24.0,66.2,247.8
2019-11-09 23:00:00,24.0,61.0,247.9
2019-11-09 23:15:00,24.0,53.9,248.6
2019-11-09 23:30:00,24.0,53.0,249.0
2019-11-09 23:45:00,24.0,49.5,249.5
2019-11-10 00:00:00,24.0,52.5,249.2
2019-11-10 00:15:00,24.0,54.0,249.0
2019-11-10 00:30:00,24.0,47.4,249.5
2019-11-10 00:45:00,24.0,50.5,249.8
2019-11-10 01:00:00,24.0,49.2,250.2
2019-11-10 01:15:00,24.0,50.0,250.0
2019-11-10 01:30:00,24.0,48.8,250.3
2019-11-10 01:45:00,24.0,45.3,250.3
2019-11-10 02:00:00,24.0,48.9,250.4
2019-11-10 02:15:00,24.0,47.2,250.8
2019-11-10 02:30:00,24.0,44.9,250.5
2019-11-10 02:45:00,24.0,50.2,250.4
2019-11-10 03:00:00,24.0,42.4,251.0
2019-11-10 03:15:00,24.0,44.8,250.5
2019-11-10 03:30:00,24.0,42.0,251.1
2019-11-10 03:45:00,24.0,42.1,250.6
2019-11-10 04:00:00,24.0,43.9,250.7
2019-11-10 04:15:00,24.0,38.6,251.0
2019-11-10 04:30:00,24.0,43.5,250.7
2019-11-10 04:45:00,23.0,42.7,250.6
2019-11-10 05:00:00,23.0,40.7,251.5
2019-11-10 05:15:00,23.0,47.6,250.8
2019-11-10 05:30:00,23.0,39.5,250.8
2019-11-10 05:45:00,24.0,39.7,251.1
2019-11-10 06:00:00,23.0,44.0,250.9
2019-11-10 06:15:00,24.0,46.4,250.8
2019-11-10 06:30:00,24.0,39.3,250.0
2019-11-10 06:45:00,24.0,37.6,250.0
2019-11-10 07:00:00,24.0,39.9,249.5
2019-11-10 07:15:00,24.0,49.5,248.4
2019-11-10 07:30:00,24.0,42.8,248.0
2019-11-10 07:45:00,24.0,44.8,247.5
2019-11-10 08:00:00,24.0,59.0,246.8
2019-11-10 08:15:00,24.0,68.7,245.7
2019-11-10 08:30:00,24.0,61.1,246.2
2019-11-10 08:45:00,25.0,65.0,245.8
2019-11-10 09:00:00,25.0,61.7,245.0
2019-11-10 09:15:00,25.0,62.4,244.4
2019-11-10 09:30:00,25.0,56.9,244.7
2019-11-10 09:45:00,25.0,72.6,244.9
2019-11-10 10:00:00,25.0,59.9,244.8
2019-11-10 10:15:00,25.0,42.4,245.8
2019-11-10 10:30:00,25.0,41.7,245.0
2019-11-10 10:45:00,25.0,42.9,245.4
2019-11-10 11:00:00,24.0,46.9,245.4
2019-11-10 11:15:00,24.0,48.1,245.3
2019-11-10 11:30:00,24.0,67.4,244.4
2019-11-10 11:45:00,23.0,63.8,245.4
2019-11-10 12:00:00,23.0,74.4,245.5
2019-11-10 12:15:00,23.0,60.3,246.4
2019-11-10 12:30:00,23.0,65.6,246.2
2019-11-10 12:45:00,23.0,67.2,246.7
2019-11-10 13:00:00,23.0,66.80000000000001,247.75
2019-11-10 13:15:00,23.0,60.0,248.6
2019-11-10 13:30:00,22.0,72.0,248.6
2019-11-10 13:45:00,22.0,62.2,247.2
2019-11-10 14:00:00,22.0,54.7,249.9
2019-11-10 14:15:00,22.0,48.9,249.7
2019-11-10 14:30:00,22.0,48.6,249.3
2019-11-10 14:45:00,22.0,49.6,248.8
2019-11-10 15:00:00,22.0,47.9,250.0
2019-11-10 15:15:00,22.0,49.0,249.8
2019-11-10 15:30:00,22.0,48.4,249.8
2019-11-10 15:45:00,23.0,47.3,250.5
2019-11-10 16:00:00,23.0,50.4,251.3
2019-11-10 16:15:00,23.0,51.7,252.5
2019-11-10 16:30:00,22.0,51.8,252.2
2019-11-10 16:45:00,23.0,51.4,251.0
2019-11-10 17:00:00,23.0,46.9,250.4
2019-11-10 17:15:00,23.0,59.7,248.4
2019-11-10 17:30:00,23.0,47.8,248.7
2019-11-10 17:45:00,23.0,57.2,249.8
2019-11-10 18:00:00,23.0,67.7,248.7
2019-11-10 18:15:00,23.0,67.2,249.2
2019-11-10 18:30:00,23.0,70.2,248.5
2019-11-10 18:45:00,22.0,74.0,247.8
2019-11-10 19:00:00,22.0,61.6,249.0
2019-11-10 19:15:00,22.0,56.5,249.8
2019-11-10 19:30:00,22.0,59.9,248.2
2019-11-10 19:45:00,22.0,60.3,247.9
2019-11-10 20:00:00,22.0,57.6,248.7
2019-11-10 20:15:00,23.0,55.9,249.1
2019-11-10 20:30:00,23.0,53.6,249.2
2019-11-10 20:45:00,22.0,60.6,248.6
2019-11-10 21:00:00,23.0,54.9,249.0
2019-11-10 21:15:00,23.0,62.2,248.6
2019-11-10 21:30:00,23.0,58.3,248.6
2019-11-10 21:45:00,23.0,57.0,249.1
2019-11-10 22:00:00,23.0,52.5,249.9
2019-11-10 22:15:00,23.0,51.9,250.2
2019-11-10 22:30:00,23.0,60.8,250.0
2019-11-10 22:45:00,23.0,51.6,250.5
2019-11-10 23:00:00,23.0,47.1,250.7
2019-11-10 23:15:00,23.0,45.3,251.2
2019-11-10 23:30:00,23.0,45.0,251.0
2019-11-10 23:45:00,23.0,42.7,251.7
2019-11-11 00:00:00,23.0,48.6,251.8
2019-11-11 00:15:00,23.0,39.9,251.8
2019-11-11 00:30:00,23.0,38.6,252.1
2019-11-11 00:45:00,23.0,41.9,252.0
2019-11-11 01:00:00,23.0,37.4,251.8
2019-11-11 01:15:00,23.0,39.4,252.1
2019-11-11 01:30:00,23.0,40.5,252.4
2019-11-11 01:45:00,23.0,36.8,252.4
2019-11-11 02:00:00,23.0,37.0,252.5
2019-11-11 02:15:00,23.0,42.2,252.4
2019-11-11 02:30:00,23.0,38.0,253.3
2019-11-11 02:45:00,23.0,37.1,253.0
2019-11-11 03:00:00,23.0,33.4,254.0
2019-11-11 03:15:00,23.0,37.1,253.6
2019-11-11 03:30:00,23.0,32.0,253.3
2019-11-11 03:45:00,23.0,35.9,253.5
2019-11-11 04:00:00,23.0,31.4,253.3
2019-11-11 04:15:00,23.0,34.4,253.4
2019-11-11 04:30:00,23.0,29.0,253.8
2019-11-11 04:45:00,23.0,27.5,252.9
2019-11-11 05:00:00,23.0,33.2,253.8
2019-11-11 05:15:00,23.0,40.4,252.8
2019-11-11 05:30:00,23.0,32.2,253.1
2019-11-11 05:45:00,22.0,33.4,253.2
2019-11-11 06:00:00,23.0,32.2,253.3
2019-11-11 06:15:00,23.0,31.0,253.0
2019-11-11 06:30:00,23.0,32.8,252.2
2019-11-11 06:45:00,23.0,46.7,251.3
2019-11-11 07:00:00,23.0,38.8,251.1
2019-11-11 07:15:00,23.0,33.9,250.7
2019-11-11 07:30:00,23.0,32.9,250.4
2019-11-11 07:45:00,23.0,34.6,249.5
2019-11-11 08:00:00,23.0,41.7,249.2
2019-11-11 08:15:00,23.0,44.9,248.7
2019-11-11 08:30:00,23.0,54.7,248.0
2019-11-11 08:45:00,24.0,55.0,247.8
2019-11-11 09:00:00,24.0,40.55,247.9
2019-11-11 09:15:00,24.0,45.7,247.0
2019-11-11 09:30:00,24.0,61.7,246.5
2019-11-11 09:45:00,25.0,59.8,246.8
2019-11-11 10:00:00,25.0,59.1,247.1
2019-11-11 10:15:00,25.0,59.0,246.6
2019-11-11 10:30:00,25.0,85.7,245.2
2019-11-11 10:45:00,25.0,64.3,246.9
2019-11-11 11:00:00,26.0,78.6,244.9
2019-11-11 11:15:00,26.0,73.9,246.2
2019-11-11 11:30:00,26.0,71.4,245.5
2019-11-11 11:45:00,26.0,80.0,245.0
2019-11-11 12:00:00,26.0,91.1,245.5
2019-11-11 12:15:00,26.0,77.4,245.95
2019-11-11 12:30:00,26.0,100.2,244.7
2019-11-11 12:45:00,26.0,81.3,245.1
2019-11-11 13:00:00,26.0,89.5,245.2
2019-11-11 13:15:00,25.0,90.8,244.4
2019-11-11 13:30:00,25.0,99.9,245.6
2019-11-11 13:45:00,25.5,79.8,245.65
2019-11-11 14:00:00,26.0,79.8,246.3
2019-11-11 14:15:00,26.0,102.7,244.5
2019-11-11 14:30:00,27.0,88.6,245.2
2019-11-11 14:45:00,27.0,104.3,244.8
2019-11-11 15:00:00,27.0,98.0,244.2
2019-11-11 15:15:00,27.0,86.3,244.1
2019-11-11 15:30:00,26.0,84.1,244.3
2019-11-11 15:45:00,26.0,83.4,244.7
2019-11-11 16:00:00,26.0,89.7,245.0
2019-11-11 16:15:00,25.0,88.1,244.4
2019-11-11 16:30:00,25.0,95.2,243.9
2019-11-11 16:45:00,25.0,114.2,243.1
2019-11-11 17:00:00,25.0,114.6,241.3
2019-11-11 17:15:00,25.0,125.9,239.5
2019-11-11 17:30:00,24.0,128.2,239.5
2019-11-11 17:45:00,24.0,129.2,240.3
2019-11-11 18:00:00,24.0,138.3,241.0
2019-11-11 18:15:00,24.0,111.9,242.6
2019-11-11 18:30:00,24.0,112.8,243.0
2019-11-11 18:45:00,24.0,111.5,243.4
2019-11-11 19:00:00,24.0,120.9,243.0
2019-11-11 19:15:00,24.0,105.4,244.1
2019-11-11 19:30:00,24.0,102.4,244.4
2019-11-11 19:45:00,24.0,101.1,245.1
2019-11-11 20:00:00,23.0,100.2,245.0
2019-11-11 20:15:00,23.0,94.30000000000001,245.35
2019-11-11 20:30:00,23.0,88.4,245.7
2019-11-11 20:45:00,23.0,93.9,246.0
2019-11-11 21:00:00,23.0,79.15,246.8
2019-11-11 21:15:00,23.0,64.4,247.6
2019-11-11 21:30:00,23.0,59.7,247.4
2019-11-11 21:45:00,23.0,63.5,248.1
2019-11-11 22:00:00,23.0,61.1,248.4
2019-11-11 22:15:00,23.0,84.2,248.3
2019-11-11 22:30:00,23.0,73.9,248.6
2019-11-11 22:45:00,22.0,58.2,249.2
2019-11-11 23:00:00,22.0,58.1,249.6
2019-11-11 23:15:00,22.0,53.3,250.0
2019-11-11 23:30:00,22.0,47.3,249.5
2019-11-11 23:45:00,22.0,46.6,249.7
2019-11-12 00:00:00,22.0,44.4,250.2
2019-11-12 00:15:00,22.0,40.2,249.9
2019-11-12 00:30:00,22.0,39.4,249.8
2019-11-12 00:45:00,22.0,41.1,249.7
2019-11-12 01:00:00,22.0,40.3,250.2
2019-11-12 01:15:00,22.0,40.4,250.4
2019-11-12 01:30:00,22.0,40.3,250.6
2019-11-12 01:45:00,22.0,38.0,250.2
2019-11-12 02:00:00,22.0,37.0,250.7
2019-11-12 02:15:00,22.0,40.3,250.7
2019-11-12 02:30:00,22.0,41.6,250.4
2019-11-12 02:45:00,22.0,34.7,250.9
2019-11-12 03:00:00,22.0,36.2,250.8
2019-11-12 03:15:00,22.0,34.5,250.6
2019-11-12 03:30:00,22.0,38.8,250.8
2019-11-12 03:45:00,22.0,33.6,251.1
2019-11-12 04:00:00,22.0,32.5,250.7
2019-11-12 04:15:00,22.0,35.3,250.7
2019-11-12 04:30:00,22.0,31.3,250.6
2019-11-12 04:45:00,22.0,30.3,250.6
2019-11-12 05:00:00,22.0,33.2,250.7
2019-11-12 05:15:00,22.0,37.7,251.1
2019-11-12 05:30:00,22.0,53.3,250.5
2019-11-12 05:45:00,22.0,31.6,251.1
2019-11-12 06:00:00,22.0,30.4,251.1
2019-11-12 06:15:00,22.0,29.3,250.4
2019-11-12 06:30:00,22.0,34.3,249.6
2019-11-12 06:45:00,22.0,35.0,249.3
2019-11-12 07:00:00,22.0,33.0,248.5
2019-11-12 07:15:00,23.0,41.2,247.7
2019-11-12 07:30:00,23.0,36.0,247.7
2019-11-12 07:45:00,23.0,54.4,246.4
2019-11-12 08:00:00,24.0,34.8,246.9
2019-11-12 08:15:00,24.0,55.6,245.8
2019-11-12 08:30:00,24.0,48.7,245.3
2019-11-12 08:45:00,24.0,52.5,245.3
2019-11-12 09:00:00,26.0,56.0,245.3
2019-11-12 09:15:00,26.0,64.9,244.8
2019-11-12 09:30:00,26.0,45.6,244.6
2019-11-12 09:45:00,26.0,68.0,244.0
2019-11-12 10:00:00,27.0,61.5,243.6
2019-11-12 10:15:00,27.0,65.8,243.5
2019-11-12 10:30:00,28.0,68.2,243.5
2019-11-12 10:45:00,28.0,69.4,242.4
2019-11-12 11:00:00,29.0,82.8,242.2
2019-11-12 11:15:00,29.0,75.8,242.5
2019-11-12 11:30:00,30.0,79.5,243.1
2019-11-12 11:45:00,29.0,97.5,242.2
2019-11-12 12:00:00,32.0,107.2,242.1
2019-11-12 12:15:00,36.0,116.8,241.4
2019-11-12 12:30:00,37.0,107.1,241.4
2019-11-12 12:45:00,36.0,99.5,241.5
2019-11-12 13:00:00,34.0,102.0,241.2
2019-11-12 13:15:00,33.0,106.1,242.0
2019-11-12 13:30:00,34.5,98.8,241.95
2019-11-12 13:45:00,35.75,106.44999999999999,241.375
2019-11-12 14:00:00,37.0,114.1,240.8
2019-11-12 14:15:00,36.0,108.7,241.1
2019-11-12 14:30:00,31.0,84.7,243.3
2019-11-12 14:45:00,31.0,93.6,242.1
2019-11-12 15:00:00,30.0,119.8,241.1
2019-11-12 15:15:00,29.0,118.0,241.3
2019-11-12 15:30:00,29.0,102.4,241.3
2019-11-12 15:45:00,28.0,103.4,241.2
2019-11-12 16:00:00,28.0,91.0,242.0
2019-11-12 16:15:00,28.0,97.7,242.3
2019-11-12 16:30:00,27.0,109.6,241.4
2019-11-12 16:45:00,27.0,103.7,241.8
2019-11-12 17:00:00,27.0,110.7,241.0
2019-11-12 17:15:00,26.0,127.3,238.2
2019-11-12 17:30:00,26.0,121.0,238.2
2019-11-12 17:45:00,26.0,121.5,238.9
2019-11-12 18:00:00,26.0,125.9,239.2
2019-11-12 18:15:00,25.0,112.5,240.7
2019-11-12 18:30:00,25.0,111.2,241.7
2019-11-12 18:45:00,25.0,109.8,241.6
2019-11-12 19:00:00,25.0,113.6,242.0
2019-11-12 19:15:00,25.0,117.2,241.9
2019-11-12 19:30:00,24.0,114.5,242.3
2019-11-12 19:45:00,24.0,112.9,242.6
2019-11-12 20:00:00,24.0,108.5,243.1
2019-11-12 20:15:00,24.0,101.8,243.7
2019-11-12 20:30:00,24.0,106.4,243.9
2019-11-12 20:45:00,24.0,94.4,244.4
2019-11-12 21:00:00,24.0,99.4,245.0
2019-11-12 21:15:00,24.0,94.4,245.8
2019-11-12 21:30:00,24.0,86.8,246.1
2019-11-12 21:45:00,23.0,78.9,247.5
2019-11-12 22:00:00,23.0,66.1,247.4
2019-11-12 22:15:00,23.0,63.4,247.0
2019-11-12 22:30:00,23.0,62.5,247.7
2019-11-12 22:45:00,23.0,63.2,247.8
2019-11-12 23:00:00,23.0,59.0,247.7
2019-11-12 23:15:00,22.0,53.9,248.1
2019-11-12 23:30:00,22.0,55.1,248.7
2019-11-12 23:45:00,22.0,49.2,249.4
2019-11-13 00:00:00,23.0,50.3,249.9
2019-11-13 00:15:00,22.0,51.0,249.4
2019-11-13 00:30:00,22.0,45.2,249.9
2019-11-13 00:45:00,22.0,45.0,250.0
2019-11-13 01:00:00,22.0,42.4,250.3
2019-11-13 01:15:00,22.0,43.2,250.1
2019-11-13 01:30:00,22.0,46.6,250.4
2019-11-13 01:45:00,22.0,47.0,250.1
2019-11-13 02:00:00,22.0,45.0,250.7
2019-11-13 02:15:00,22.0,44.8,250.3
2019-11-13 02:30:00,22.0,43.1,251.1
2019-11-13 02:45:00,22.0,42.3,251.2
2019-11-13 03:00:00,22.0,42.3,250.7
2019-11-13 03:15:00,22.0,36.1,251.7
2019-11-13 03:30:00,22.0,42.0,251.0
2019-11-13 03:45:00,21.0,42.3,250.6
2019-11-13 04:00:00,21.0,33.5,251.1
2019-11-13 04:15:00,21.0,36.5,250.8
2019-11-13 04:30:00,21.0,37.2,251.1
2019-11-13 04:45:00,21.0,37.1,250.8
2019-11-13 05:00:00,21.0,31.6,251.0
2019-11-13 05:15:00,21.0,33.5,250.7
2019-11-13 05:30:00,21.0,39.3,251.4
2019-11-13 05:45:00,21.0,35.9,250.9
2019-11-13 06:00:00,21.0,31.5,251.2
2019-11-13 06:15:00,21.0,31.8,250.1
2019-11-13 06:30:00,21.0,43.2,249.3
2019-11-13 06:45:00,22.0,34.3,249.1
2019-11-13 07:00:00,22.0,40.3,248.1
2019-11-13 07:15:00,23.0,32.8,248.0
2019-11-13 07:30:00,23.0,39.7,247.4
2019-11-13 07:45:00,24.0,38.1,246.1
2019-11-13 08:00:00,24.0,48.7,245.7
2019-11-13 08:15:00,25.0,52.8,245.3
2019-11-13 08:30:00,25.0,44.9,245.7
2019-11-13 08:45:00,26.0,44.6,246.7
2019-11-13 09:00:00,27.0,40.8,246.7
2019-11-13 09:15:00,27.0,42.6,245.8
2019-11-13 09:30:00,27.0,66.3,244.8
2019-11-13 09:45:00,28.0,64.2,244.2
2019-11-13 10:00:00,28.0,74.4,243.9
2019-11-13 10:15:00,29.0,73.6,243.1
2019-11-13 10:30:00,29.0,65.2,242.5
2019-11-13 10:45:00,30.0,62.3,242.8
2019-11-13 11:00:00,31.0,84.3,241.8
2019-11-13 11:15:00,30.0,78.6,242.8
2019-11-13 11:30:00,32.0,84.1,242.1
2019-11-13 11:45:00,30.0,93.3,241.2
2019-11-13 12:00:00,36.0,95.4,241.0
2019-11-13 12:15:00,35.0,105.9,241.1
2019-11-13 12:30:00,32.0,102.4,240.3
2019-11-13 12:45:00,31.0,98.0,240.9
2019-11-13 13:00:00,36.0,98.6,240.5
2019-11-13 13:15:00,35.0,100.6,240.2
2019-11-13 13:30:00,34.0,111.8,240.2
2019-11-13 13:45:00,31.0,113.8,239.9
2019-11-13 14:00:00,30.0,116.6,240.4
2019-11-13 14:15:00,35.0,118.2,240.2
2019-11-13 14:30:00,33.0,111.7,240.2
2019-11-13 14:45:00,32.0,111.7,241.4
2019-11-13 15:00:00,30.0,122.3,240.7
2019-11-13 15:15:00,30.0,118.9,240.7
2019-11-13 15:30:00,30.0,105.0,241.4
2019-11-13 15:45:00,30.0,116.7,241.0
2019-11-13 16:00:00,29.0,102.5,241.9
2019-11-13 16:15:00,29.0,101.6,242.8
2019-11-13 16:30:00,29.0,112.5,241.5
2019-11-13 16:45:00,28.0,104.1,241.9
2019-11-13 17:00:00,28.0,125.7,239.5
2019-11-13 17:15:00,27.0,125.6,237.9
2019-11-13 17:30:00,27.0,134.5,238.5
2019-11-13 17:45:00,27.0,127.0,239.5
2019-11-13 18:00:00,27.0,128.0,239.7
2019-11-13 18:15:00,27.0,121.8,240.9
2019-11-13 18:30:00,27.0,121.7,241.3
2019-11-13 18:45:00,26.0,131.3,241.4
2019-11-13 19:00:00,26.0,125.6,241.6
2019-11-13 19:15:00,26.0,125.9,242.2
2019-11-13 19:30:00,26.0,120.1,242.5
2019-11-13 19:45:00,26.0,110.9,243.2
2019-11-13 20:00:00,26.0,108.3,243.5
2019-11-13 20:15:00,26.0,106.1,243.9
2019-11-13 20:30:00,25.0,107.4,244.3
2019-11-13 20:45:00,25.0,103.5,244.9
2019-11-13 21:00:00,25.0,96.0,245.0
2019-11-13 21:15:00,25.0,92.3,245.0
2019-11-13 21:30:00,25.0,88.5,245.1
2019-11-13 21:45:00,25.0,85.2,245.7
2019-11-13 22:00:00,25.0,94.7,245.6
2019-11-13 22:15:00,24.0,78.6,246.4
2019-11-13 22:30:00,24.0,75.8,246.9
2019-11-13 22:45:00,24.0,63.8,246.3
2019-11-13 23:00:00,24.0,62.1,246.3
2019-11-13 23:15:00,24.0,59.6,246.8
2019-11-13 23:30:00,24.0,53.9,247.7
2019-11-13 23:45:00,24.0,56.1,247.3
2019-11-14 00:00:00,24.0,52.2,247.9
2019-11-14 00:15:00,23.0,55.3,248.0
2019-11-14 00:30:00,23.0,57.0,248.2
2019-11-14 00:45:00,23.0,53.6,249.1
2019-11-14 01:00:00,23.0,48.5,249.2
2019-11-14 01:15:00,23.0,49.1,249.3
2019-11-14 01:30:00,23.0,50.1,249.0
2019-11-14 01:45:00,23.0,54.1,249.1
2019-11-14 02:00:00,23.0,49.5,249.7
2019-11-14 02:15:00,23.0,46.8,249.8
2019-11-14 02:30:00,22.0,54.2,249.6
2019-11-14 02:45:00,22.0,45.4,249.9
2019-11-14 03:00:00,22.0,44.8,250.1
2019-11-14 03:15:00,22.0,37.8,249.9
2019-11-14 03:30:00,22.0,43.3,250.4
2019-11-14 03:45:00,22.0,43.2,250.3
2019-11-14 04:00:00,22.0,36.3,250.4
2019-11-14 04:15:00,22.0,38.5,250.3
2019-11-14 04:30:00,22.0,41.3,249.9
2019-11-14 04:45:00,22.0,37.5,250.3
2019-11-14 05:00:00,22.0,39.4,250.3
2019-11-14 05:15:00,22.0,39.8,250.3
2019-11-14 05:30:00,22.0,35.0,250.3
2019-11-14 05:45:00,21.0,34.4,250.2
2019-11-14 06:00:00,21.0,40.9,250.3
2019-11-14 06:15:00,22.0,32.0,249.6
2019-11-14 06:30:00,22.0,41.0,248.6
2019-11-14 06:45:00,22.0,39.6,247.5
2019-11-14 07:00:00,23.0,33.5,247.1
2019-11-14 07:15:00,24.0,36.6,246.4
2019-11-14 07:30:00,24.0,36.9,245.9
2019-11-14 07:45:00,25.0,49.6,244.9
2019-11-14 08:00:00,26.0,39.1,245.7
2019-11-14 08:15:00,26.0,51.4,245.0
2019-11-14 08:30:00,27.0,58.6,244.5
2019-11-14 08:45:00,27.0,50.2,244.2
2019-11-14 09:00:00,28.0,52.3,244.1
2019-11-14 09:15:00,28.0,57.8,243.7
2019-11-14 09:30:00,29.0,48.9,243.5
2019-11-14 09:45:00,29.0,53.9,242.1
2019-11-14 10:00:00,29.0,63.7,241.9
2019-11-14 10:15:00,30.0,89.1,241.1
2019-11-14 10:30:00,30.0,68.9,241.7
2019-11-14 10:45:00,30.0,70.5,241.6
2019-11-14 11:00:00,31.0,69.3,242.4
2019-11-14 11:15:00,32.0,87.0,241.1
2019-11-14 11:30:00,32.0,82.9,240.4
2019-11-14 11:45:00,35.0,91.4,239.1
2019-11-14 12:00:00,37.0,97.9,239.2
2019-11-14 12:15:00,39.0,120.7,238.6
2019-11-14 12:30:00,41.0,103.2,238.8
2019-11-14 12:45:00,40.0,113.4,238.2
2019-11-14 13:00:00,38.0,135.5,237.4
2019-11-14 13:15:00,36.0,127.0,237.9
2019-11-14 13:30:00,38.0,124.4,237.9
2019-11-14 13:45:00,35.0,119.9,238.3
2019-11-14 14:00:00,39.0,117.6,239.8
2019-11-14 14:15:00,39.0,114.1,239.7
2019-11-14 14:30:00,35.0,117.8,239.9
2019-11-14 14:45:00,33.0,112.6,240.2
2019-11-14 15:00:00,33.0,117.6,239.2
2019-11-14 15:15:00,32.0,118.5,239.2
2019-11-14 15:30:00,32.0,117.9,239.2
2019-11-14 15:45:00,31.0,110.3,240.0
2019-11-14 16:00:00,30.0,103.0,240.9
2019-11-14 16:15:00,30.0,113.9,240.2
2019-11-14 16:30:00,30.0,117.0,240.2
2019-11-14 16:45:00,29.0,104.1,239.6
2019-11-14 17:00:00,29.0,131.7,237.5
2019-11-14 17:15:00,28.0,143.5,237.8
2019-11-14 17:30:00,28.0,147.0,237.0
2019-11-14 17:45:00,28.0,141.3,237.7
2019-11-14 18:00:00,28.0,133.3,238.0
2019-11-14 18:15:00,28.0,128.0,239.1
2019-11-14 18:30:00,28.0,143.6,239.0
2019-11-14 18:45:00,27.0,129.7,240.3
2019-11-14 19:00:00,27.0,133.9,240.1
2019-11-14 19:15:00,27.0,128.3,240.7
2019-11-14 19:30:00,27.0,130.4,241.4
2019-11-14 19:45:00,26.0,121.9,241.8
2019-11-14 20:00:00,26.0,121.5,241.8
2019-11-14 20:15:00,26.0,114.9,243.2
2019-11-14 20:30:00,26.0,118.5,243.9
2019-11-14 20:45:00,26.0,111.6,244.5
2019-11-14 21:00:00,26.0,110.4,245.1
2019-11-14 21:15:00,25.0,93.5,245.8
2019-11-14 21:30:00,25.0,78.4,246.8
2019-11-14 21:45:00,25.0,70.4,247.7
2019-11-14 22:00:00,25.0,68.7,247.9
2019-11-14 22:15:00,25.0,68.9,247.4
2019-11-14 22:30:00,25.0,73.4,246.4
2019-11-14 22:45:00,25.0,63.1,247.2
2019-11-14 23:00:00,25.0,71.6,247.5
2019-11-14 23:15:00,25.0,61.5,247.9
2019-11-14 23:30:00,25.0,64.8,248.5
2019-11-14 23:45:00,24.0,58.6,248.9
2019-11-15 00:00:00,24.0,55.1,249.7
2019-11-15 00:15:00,24.0,50.7,249.5
2019-11-15 00:30:00,24.0,52.0,249.1
2019-11-15 00:45:00,24.0,48.2,249.4
2019-11-15 01:00:00,24.0,51.6,249.7
2019-11-15 01:15:00,24.0,56.3,249.3
2019-11-15 01:30:00,23.0,50.5,249.7
2019-11-15 01:45:00,23.0,49.2,249.3
2019-11-15 02:00:00,23.0,53.2,249.4
2019-11-15 02:15:00,23.0,51.7,249.9
2019-11-15 02:30:00,23.0,46.6,250.4
2019-11-15 02:45:00,23.0,47.3,250.7
2019-11-15 03:00:00,23.0,45.1,251.3
2019-11-15 03:15:00,23.0,44.9,250.9
2019-11-15 03:30:00,22.0,43.5,251.4
2019-11-15 03:45:00,22.0,43.9,251.0
2019-11-15 04:00:00,22.0,42.7,250.6
2019-11-15 04:15:00,22.0,40.3,250.8
2019-11-15 04:30:00,22.0,40.6,250.5
2019-11-15 04:45:00,22.0,49.1,250.6
2019-11-15 05:00:00,22.0,43.3,250.3
2019-11-15 05:15:00,22.0,51.6,251.0
2019-11-15 05:30:00,22.0,43.4,251.6
2019-11-15 05:45:00,22.0,43.2,251.0
2019-11-15 06:00:00,22.0,39.8,250.1
2019-11-15 06:15:00,22.0,38.3,249.5
2019-11-15 06:30:00,22.0,45.1,249.1
2019-11-15 06:45:00,23.0,40.2,248.8
2019-11-15 07:00:00,23.0,48.5,247.7
2019-11-15 07:15:00,23.0,41.5,247.9
2019-11-15 07:30:00,24.0,42.1,246.4
2019-11-15 07:45:00,24.0,41.7,246.2
2019-11-15 08:00:00,25.0,44.0,246.2
2019-11-15 08:15:00,25.0,41.9,246.6
2019-11-15 08:30:00,26.0,56.4,245.8
2019-11-15 08:45:00,26.0,63.2,245.1
2019-11-15 09:00:00,27.0,71.7,244.7
2019-11-15 09:15:00,27.0,56.4,245.1
2019-11-15 09:30:00,27.0,56.4,244.4
2019-11-15 09:45:00,28.0,54.1,244.4
2019-11-15 10:00:00,29.0,75.5,243.8
2019-11-15 10:15:00,29.0,58.9,244.0
2019-11-15 10:30:00,30.0,88.5,241.8
2019-11-15 10:45:00,30.0,79.0,241.9
2019-11-15 11:00:00,32.0,90.8,241.4
2019-11-15 11:15:00,32.0,109.9,240.8
2019-11-15 11:30:00,32.0,96.9,240.9
2019-11-15 11:45:00,34.0,96.1,240.7
2019-11-15 12:00:00,36.0,124.8,240.4
2019-11-15 12:15:00,40.0,111.2,242.0
2019-11-15 12:30:00,40.0,116.1,241.9
2019-11-15 12:45:00,39.666666666666664,111.06666666666666,242.13333333333333
2019-11-15 13:00:00,39.333333333333336,106.03333333333333,242.36666666666667
2019-11-15 13:15:00,39.0,101.0,242.6
2019-11-15 13:30:00,38.0,150.7,240.8
2019-11-15 13:45:00,34.0,145.7,241.5
2019-11-15 14:00:00,38.0,129.7,241.5
2019-11-15 14:15:00,38.0,122.6,242.0
2019-11-15 14:30:00,34.0,141.8,242.1
2019-11-15 14:45:00,32.0,133.0,241.6
2019-11-15 15:00:00,32.0,126.9,242.5
2019-11-15 15:15:00,31.0,132.5,242.6
2019-11-15 15:30:00,31.0,136.8,242.3
2019-11-15 15:45:00,30.0,127.3,242.5
2019-11-15 16:00:00,30.0,124.4,243.0
2019-11-15 16:15:00,29.0,126.6,242.3
2019-11-15 16:30:00,29.0,135.3,242.2
2019-11-15 16:45:00,29.0,120.2,241.4
2019-11-15 17:00:00,28.0,130.9,239.3
2019-11-15 17:15:00,28.0,148.7,239.0
2019-11-15 17:30:00,28.0,158.5,237.9
2019-11-15 17:45:00,27.0,154.7,239.4
2019-11-15 18:00:00,27.0,143.4,239.7
2019-11-15 18:15:00,27.0,135.3,241.5
2019-11-15 18:30:00,27.0,143.3,241.0
2019-11-15 18:45:00,27.0,141.6,240.4
2019-11-15 19:00:00,26.0,141.5,240.6
2019-11-15 19:15:00,26.0,126.4,240.9
2019-11-15 19:30:00,26.0,130.2,241.5
2019-11-15 19:45:00,26.0,125.6,241.1
2019-11-15 20:00:00,26.0,122.5,241.8
2019-11-15 20:15:00,26.0,120.5,241.5
2019-11-15 20:30:00,25.0,113.5,242.1
2019-11-15 20:45:00,25.0,113.6,243.3
2019-11-15 21:00:00,25.0,99.7,244.3
2019-11-15 21:15:00,25.0,85.7,245.2
2019-11-15 21:30:00,25.0,99.8,245.3
2019-11-15 21:45:00,25.0,79.3,246.9
2019-11-15 22:00:00,24.0,76.2,247.2
2019-11-15 22:15:00,24.0,69.8,247.5
2019-11-15 22:30:00,24.0,70.0,247.6
2019-11-15 22:45:00,24.0,66.9,247.9
2019-11-15 23:00:00,24.0,74.0,248.2
2019-11-15 23:15:00,24.0,66.8,248.4
2019-11-15 23:30:00,24.0,64.3,248.7
2019-11-15 23:45:00,24.0,59.9,249.6
2019-11-16 00:00:00,24.0,55.9,249.8
2019-11-16 00:15:00,23.0,54.0,249.4
2019-11-16 00:30:00,23.0,53.6,249.4
2019-11-16 00:45:00,23.0,51.4,250.1
2019-11-16 01:00:00,23.0,48.9,249.5
2019-11-16 01:15:00,23.0,47.4,249.7
2019-11-16 01:30:00,23.0,48.8,250.1
2019-11-16 01:45:00,23.0,52.6,249.8
2019-11-16 02:00:00,22.0,48.2,250.1
2019-11-16 02:15:00,22.0,48.6,250.2
2019-11-16 02:30:00,22.0,45.8,251.1
2019-11-16 02:45:00,22.0,42.8,250.7
2019-11-16 03:00:00,22.0,44.0,250.9
2019-11-16 03:15:00,22.0,39.8,250.7
2019-11-16 03:30:00,21.0,50.1,250.1
2019-11-16 03:45:00,22.0,42.1,250.5
2019-11-16 04:00:00,22.0,42.7,250.7
2019-11-16 04:15:00,21.0,35.3,251.2
2019-11-16 04:30:00,21.0,36.8,250.9
2019-11-16 04:45:00,21.0,38.5,250.7
2019-11-16 05:00:00,21.0,40.1,251.6
2019-11-16 05:15:00,21.0,43.2,250.9
2019-11-16 05:30:00,21.0,44.5,251.0
2019-11-16 05:45:00,21.0,37.2,251.5
2019-11-16 06:00:00,21.0,34.9,251.0
2019-11-16 06:15:00,21.0,36.3,250.1
2019-11-16 06:30:00,21.0,39.6,249.5
2019-11-16 06:45:00,21.0,38.6,248.4
2019-11-16 07:00:00,22.0,45.0,247.9
2019-11-16 07:15:00,23.0,40.8,247.0
2019-11-16 07:30:00,23.0,41.5,246.5
2019-11-16 07:45:00,24.0,48.7,245.6
2019-11-16 08:00:00,25.0,41.3,245.6
2019-11-16 08:15:00,25.0,48.2,245.5
2019-11-16 08:30:00,26.0,49.9,244.8
2019-11-16 08:45:00,27.0,51.1,244.8
2019-11-16 09:00:00,27.0,63.7,244.1
2019-11-16 09:15:00,28.0,56.4,244.4
2019-11-16 09:30:00,28.0,42.0,244.4
2019-11-16 09:45:00,28.0,47.0,244.0
2019-11-16 10:00:00,28.0,40.2,243.8
2019-11-16 10:15:00,29.0,58.9,243.2
2019-11-16 10:30:00,29.0,64.5,242.6
2019-11-16 10:45:00,29.0,68.0,242.0
2019-11-16 11:00:00,30.0,66.8,242.4
2019-11-16 11:15:00,31.0,77.2,241.9
2019-11-16 11:30:00,31.0,96.0,240.5
2019-11-16 11:45:00,33.0,99.2,240.3
2019-11-16 12:00:00,35.0,106.2,239.9
2019-11-16 12:15:00,36.0,120.9,240.4
2019-11-16 12:30:00,38.0,102.1,239.9
2019-11-16 12:45:00,39.0,104.6,239.7
2019-11-16 13:00:00,37.0,120.1,239.2
2019-11-16 13:15:00,35.0,124.8,239.8
2019-11-16 13:30:00,36.0,130.3,239.2
2019-11-16 13:45:00,32.0,109.7,239.2
2019-11-16 14:00:00,36.0,107.6,239.3
2019-11-16 14:15:00,36.0,120.6,239.0
2019-11-16 14:30:00,32.0,109.4,239.0
2019-11-16 14:45:00,32.0,105.0,239.7
2019-11-16 15:00:00,31.0,108.8,240.3
2019-11-16 15:15:00,30.0,109.7,239.5
2019-11-16 15:30:00,30.0,117.0,239.6
2019-11-16 15:45:00,29.0,124.3,239.7
2019-11-16 16:00:00,29.0,101.3,239.6
2019-11-16 16:15:00,28.0,105.0,240.2
2019-11-16 16:30:00,28.0,113.6,239.6
2019-11-16 16:45:00,27.0,116.5,239.8
2019-11-16 17:00:00,27.0,118.9,239.6
2019-11-16 17:15:00,27.0,133.8,237.5
2019-11-16 17:30:00,26.0,118.1,237.5
2019-11-16 17:45:00,26.0,125.4,238.0
2019-11-16 18:00:00,26.0,131.4,239.0
2019-11-16 18:15:00,25.0,136.9,239.8
2019-11-16 18:30:00,25.0,125.6,240.1
2019-11-16 18:45:00,25.0,116.0,240.8
2019-11-16 19:00:00,25.0,115.9,240.7
2019-11-16 19:15:00,25.0,120.5,240.5
2019-11-16 19:30:00,25.0,112.8,241.2
2019-11-16 19:45:00,24.0,120.6,241.1
2019-11-16 20:00:00,24.0,104.0,241.9
2019-11-16 20:15:00,24.0,96.8,242.3
2019-11-16 20:30:00,24.0,98.5,242.5
2019-11-16 20:45:00,24.0,89.3,242.8
2019-11-16 21:00:00,24.0,87.1,243.6
2019-11-16 21:15:00,24.0,68.5,244.5
2019-11-16 21:30:00,24.0,64.3,244.1
2019-11-16 21:45:00,24.0,59.9,244.7
2019-11-16 22:00:00,24.0,63.2,245.6
2019-11-16 22:15:00,23.0,63.3,246.2
2019-11-16 22:30:00,23.0,80.8,246.6
2019-11-16 22:45:00,23.0,56.2,247.2
2019-11-16 23:00:00,23.0,71.5,247.2
2019-11-16 23:15:00,23.0,62.5,248.3
2019-11-16 23:30:00,23.0,62.7,248.0
2019-11-16 23:45:00,22.0,60.2,248.3
2019-11-17 00:00:00,22.0,51.4,248.4
2019-11-17 00:15:00,22.0,47.8,249.0
2019-11-17 00:30:00,22.022988505747126,47.92114942528735,248.98896551724138
2019-11-17 00:45:00,22.04597701149425,48.04229885057471,248.97793103448276
2019-11-17 01:00:00,22.06896551724138,48.163448275862066,248.96689655172415
2019-11-17 01:15:00,22.091954022988507,48.28459770114942,248.95586206896553
2019-11-21 12:00:00,31.908045977011497,100.01540229885057,244.24413793103446
2019-11-21 12:15:00,31.93103448275862,100.13655172413793,244.23310344827584
2019-11-21 12:30:00,31.95402298850575,100.25770114942529,244.22206896551722
2019-11-21 12:45:00,31.977011494252874,100.37885057471264,244.2110344827586
2019-11-21 13:00:00,32.0,100.5,244.2
2019-11-21 13:15:00,32.0,106.9,243.8
2019-11-21 13:30:00,30.0,105.3,243.9
2019-11-21 13:45:00,30.0,96.7,243.9
2019-11-21 14:00:00,30.0,96.8,243.7
2019-11-21 14:15:00,30.0,123.6,243.7
2019-11-21 14:30:00,30.0,99.3,243.8
2019-11-21 14:45:00,29.0,105.6,244.2
2019-11-21 15:00:00,29.0,103.1,243.3
2019-11-21 15:15:00,29.0,114.3,242.8
2019-11-21 15:30:00,29.0,107.2,243.3
2019-11-21 15:45:00,28.0,116.1,242.7
2019-11-21 16:00:00,28.0,91.7,243.5
2019-11-21 16:15:00,27.0,91.1,243.6
2019-11-21 16:30:00,27.0,103.7,243.1
2019-11-21 16:45:00,26.0,107.6,242.3
2019-11-21 17:00:00,26.0,106.7,240.1
2019-11-21 17:15:00,25.0,108.3,241.0
2019-11-21 17:30:00,25.0,120.0,240.4
2019-11-21 17:45:00,24.0,111.3,240.6
2019-11-21 18:00:00,24.0,109.6,241.4
2019-11-21 18:15:00,24.0,112.5,241.8
2019-11-21 18:30:00,24.0,108.9,242.9
2019-11-21 18:45:00,23.8,111.0,243.18
2019-11-21 19:00:00,23.6,113.10000000000001,243.46
2019-11-21 19:15:00,23.4,115.2,243.74
2019-11-21 19:30:00,23.2,117.30000000000001,244.02
2019-11-21 19:45:00,23.0,119.4,244.3
2019-11-21 20:00:00,23.0,112.1,244.9
2019-11-21 20:15:00,23.0,103.8,245.2
2019-11-21 20:30:00,23.0,98.4,245.9
2019-11-21 20:45:00,23.0,106.1,246.2
2019-11-21 21:00:00,23.0,98.9,246.6
2019-11-21 21:15:00,23.0,80.8,247.4
2019-11-21 21:30:00,22.0,73.3,247.9
2019-11-21 21:45:00,22.0,70.3,248.4
2019-11-21 22:00:00,22.0,60.4,248.8
2019-11-21 22:15:00,22.0,68.2,248.6
2019-11-21 22:30:00,22.0,57.6,249.3
2019-11-21 22:45:00,22.0,53.4,249.5
2019-11-21 23:00:00,21.0,52.7,249.6
2019-11-21 23:15:00,21.0,53.3,249.8
2019-11-21 23:30:00,21.0,49.2,250.7
2019-11-21 23:45:00,21.0,48.6,251.3
2019-11-22 00:00:00,21.0,41.9,251.9
2019-11-22 00:15:00,20.0,40.3,251.3
2019-11-22 00:30:00,20.0,36.1,252.3
2019-11-22 00:45:00,20.0,37.2,252.4
2019-11-22 01:00:00,20.0,39.8,252.5
2019-11-22 01:15:00,20.0,37.7,252.6
2019-11-22 01:30:00,20.0,36.0,252.8
2019-11-22 01:45:00,20.0,36.1,253.0
2019-11-22 02:00:00,20.0,34.5,252.9
2019-11-22 02:15:00,20.0,36.7,252.8
2019-11-22 02:30:00,20.0,33.0,253.0
2019-11-22 02:45:00,20.0,25.9,252.9
2019-11-22 03:00:00,20.0,31.6,253.2
2019-11-22 03:15:00,19.0,30.1,253.4
2019-11-22 03:30:00,19.0,32.3,253.3
2019-11-22 03:45:00,19.0,30.0,253.3
2019-11-22 04:00:00,19.0,26.8,253.5
2019-11-22 04:15:00,19.0,27.1,253.4
2019-11-22 04:30:00,19.0,31.6,253.3
2019-11-22 04:45:00,19.0,30.1,253.5
2019-11-22 05:00:00,19.0,30.4,253.1
2019-11-22 05:15:00,19.0,31.1,253.0
2019-11-22 05:30:00,19.0,26.8,253.2
2019-11-22 05:45:00,19.0,27.6,253.1
2019-11-22 06:00:00,19.0,37.3,252.6
2019-11-22 06:15:00,19.0,28.7,252.1
2019-11-22 06:30:00,19.0,25.4,251.6
2019-11-22 06:45:00,19.0,31.7,250.7
2019-11-22 07:00:00,20.0,29.7,250.1
2019-11-22 07:15:00,20.0,30.5,249.8
2019-11-22 07:30:00,21.0,32.4,248.8
2019-11-22 07:45:00,21.0,29.5,248.9
2019-11-22 08:00:00,22.0,47.4,247.8
2019-11-22 08:15:00,23.0,49.3,246.7
2019-11-22 08:30:00,23.0,53.4,246.2
2019-11-22 08:45:00,24.0,55.3,246.0
2019-11-22 09:00:00,25.0,40.0,246.1
2019-11-22 09:15:00,25.0,65.3,245.7
2019-11-22 09:30:00,26.0,49.7,245.3
2019-11-22 09:45:00,27.0,64.9,245.3
2019-11-22 10:00:00,27.0,64.8,245.1
2019-11-22 10:15:00,28.0,52.5,245.5
2019-11-22 10:30:00,27.0,43.4,245.1
2019-11-22 10:45:00,27.0,58.6,244.5
2019-11-22 11:00:00,28.0,58.8,244.5
2019-11-22 11:15:00,29.0,80.3,243.9
2019-11-22 11:30:00,28.0,77.8,243.7
2019-11-22 11:45:00,30.0,88.6,243.4
2019-11-22 12:00:00,33.0,94.8,243.0
2019-11-22 12:15:00,33.0,88.3,243.1
2019-11-22 12:30:00,36.0,89.5,243.5
2019-11-22 12:45:00,34.0,79.4,243.2
2019-11-22 13:00:00,35.0,96.8,242.8
2019-11-22 13:15:00,35.0,99.94999999999999,242.85000000000002
2019-11-22 13:30:00,35.0,103.1,242.9
2019-11-22 13:45:00,32.0,106.9,243.3
2019-11-22 14:00:00,33.0,97.6,243.1
2019-11-22 14:15:00,34.0,96.0,243.3
2019-11-22 14:30:00,31.0,111.7,243.0
2019-11-22 14:45:00,30.0,100.9,243.4
2019-11-22 15:00:00,29.0,95.5,243.5
2019-11-22 15:15:00,29.0,105.0,243.6
2019-11-22 15:30:00,28.0,88.9,243.6
2019-11-22 15:45:00,28.0,90.4,243.7
2019-11-22 16:00:00,27.0,97.2,243.4
2019-11-22 16:15:00,27.0,87.8,243.3
2019-11-22 16:30:00,26.0,85.8,243.3
2019-11-22 16:45:00,26.0,101.7,242.9
2019-11-22 17:00:00,26.0,111.1,242.0
2019-11-22 17:15:00,25.0,119.0,241.8
2019-11-22 17:30:00,25.0,120.5,241.4
2019-11-22 17:45:00,24.0,122.7,242.2
2019-11-22 18:00:00,24.0,134.2,242.0
2019-11-22 18:15:00,24.0,129.0,242.6
2019-11-22 18:30:00,24.0,119.0,242.9
2019-11-22 18:45:00,24.0,125.7,243.3
2019-11-22 19:00:00,24.0,132.4,243.3
2019-11-22 19:15:00,24.0,113.3,243.8
2019-11-22 19:30:00,23.0,114.0,243.8
2019-11-22 19:45:00,23.0,111.2,244.6
2019-11-22 20:00:00,22.0,107.4,244.8
2019-11-22 20:15:00,22.0,97.7,245.6
2019-11-22 20:30:00,22.0,105.3,245.4
2019-11-22 20:45:00,22.0,102.0,246.0
2019-11-22 21:00:00,22.0,102.4,246.6
2019-11-22 21:15:00,22.0,79.7,247.5
2019-11-22 21:30:00,22.0,79.9,247.9
2019-11-22 21:45:00,21.0,64.9,248.7
2019-11-22 22:00:00,22.0,78.2,249.0
2019-11-22 22:15:00,21.5,72.2,248.9
2019-11-22 22:30:00,21.0,66.2,248.8
2019-11-22 22:45:00,21.0,58.0,249.7
2019-11-22 23:00:00,21.0,55.1,250.0
2019-11-22 23:15:00,21.0,52.6,250.0
2019-11-22 23:30:00,21.0,48.4,251.0
2019-11-22 23:45:00,21.0,46.3,250.1
2019-11-23 00:00:00,20.0,44.6,250.6
2019-11-23 00:15:00,20.0,44.6,250.8
2019-11-23 00:30:00,20.0,43.3,251.1
2019-11-23 00:45:00,20.0,41.3,251.3
2019-11-23 01:00:00,20.0,39.8,251.5
2019-11-23 01:15:00,20.0,48.6,251.5
2019-11-23 01:30:00,20.0,40.2,251.6
2019-11-23 01:45:00,20.0,38.4,252.0
2019-11-23 02:00:00,19.0,38.5,251.9
2019-11-23 02:15:00,19.125,38.74583333333333,251.65833333333333
2019-11-23 02:30:00,19.25,38.99166666666667,251.41666666666669
2019-11-23 02:45:00,19.375,39.2375,251.175
2019-11-23 03:00:00,19.5,39.483333333333334,250.93333333333334
2019-11-23 07:00:00,21.5,43.416666666666664,247.06666666666666
2019-11-23 07:15:00,21.625,43.6625,246.825
2019-11-23 07:30:00,21.75,43.90833333333333,246.58333333333331
2019-11-23 07:45:00,21.875,44.15416666666667,246.34166666666667
2019-11-23 08:00:00,22.0,44.4,246.1
2019-11-23 08:15:00,23.0,48.2,246.3
2019-11-23 08:30:00,23.0,41.6,245.8
2019-11-23 08:45:00,24.0,38.9,245.7
2019-11-23 09:00:00,24.0,43.0,245.5
2019-11-23 09:15:00,25.0,41.8,245.5
2019-11-23 09:30:00,25.0,50.6,245.3
2019-11-23 09:45:00,26.0,59.6,244.9
2019-11-23 10:00:00,26.0,56.0,244.8
2019-11-23 10:15:00,27.0,43.8,245.4
2019-11-23 10:30:00,27.0,55.5,244.7
2019-11-23 10:45:00,28.0,49.4,245.1
2019-11-23 11:00:00,28.0,60.3,244.6
2019-11-23 11:15:00,28.0,64.6,244.4
2019-11-23 11:30:00,29.0,86.2,243.9
2019-11-23 11:45:00,29.0,88.7,243.8
2019-11-23 12:00:00,31.0,80.0,243.6
2019-11-23 12:15:00,33.0,89.7,243.4
2019-11-23 12:30:00,33.0,83.3,243.4
2019-11-23 12:45:00,33.0,78.3,243.8
2019-11-23 13:00:00,30.0,76.1,243.9
2019-11-23 13:15:00,32.0,90.6,243.6
2019-11-23 13:30:00,32.0,95.1,243.3
2019-11-23 13:45:00,31.0,86.4,243.1
2019-11-23 14:00:00,31.0,88.5,243.0
2019-11-23 14:15:00,31.0,111.9,243.2
2019-11-23 14:30:00,29.0,95.4,243.7
2019-11-23 14:45:00,29.0,97.0,243.5
2019-11-23 15:00:00,29.0,86.1,243.8
2019-11-23 15:15:00,28.0,97.15,243.8
2019-11-23 15:30:00,28.0,120.9,242.9
2019-11-23 15:45:00,27.0,90.5,244.7
2019-11-23 16:00:00,27.0,86.7,244.9
2019-11-23 16:15:00,27.0,87.3,244.6
2019-11-23 16:30:00,26.0,96.1,244.1
2019-11-23 16:45:00,26.0,99.3,243.6
2019-11-23 17:00:00,26.0,98.4,243.2
2019-11-23 17:15:00,26.0,108.4,242.1
2019-11-23 17:30:00,26.0,119.2,243.2
2019-11-23 17:45:00,25.0,120.3,242.0
2019-11-23 18:00:00,25.0,110.4,242.9
2019-11-23 18:15:00,24.0,106.7,243.4
2019-11-23 18:30:00,24.0,110.8,243.8
2019-11-23 18:45:00,24.0,103.7,244.7
2019-11-23 19:00:00,24.0,104.4,244.7
2019-11-23 19:15:00,24.0,100.2,245.0
2019-11-23 19:30:00,23.0,100.2,244.6
2019-11-23 19:45:00,23.0,99.4,245.5
2019-11-23 20:00:00,23.0,92.4,245.1
2019-11-23 20:15:00,23.0,87.8,245.8
2019-11-23 20:30:00,23.0,81.9,246.7
2019-11-23 20:45:00,23.0,82.9,246.6
2019-11-23 21:00:00,23.0,64.6,248.0
2019-11-23 21:15:00,22.0,70.8,248.2
2019-11-23 21:30:00,22.0,53.2,248.8
2019-11-23 21:45:00,22.0,56.0,248.8
2019-11-23 22:00:00,22.0,64.6,248.6
2019-11-23 22:15:00,21.0,53.6,248.6
2019-11-23 22:30:00,21.0,49.0,249.9
2019-11-23 22:45:00,21.0,52.0,250.2
2019-11-23 23:00:00,21.0,57.0,250.5
2019-11-23 23:15:00,21.0,45.7,250.7
2019-11-23 23:30:00,21.0,49.5,251.1
2019-11-23 23:45:00,21.0,43.8,251.9
2019-11-24 00:00:00,21.0,45.3,252.0
2019-11-24 00:15:00,21.0,45.7,251.7
2019-11-24 00:30:00,21.0,41.6,252.0
2019-11-24 00:45:00,21.0,49.4,252.2
2019-11-24 01:00:00,20.0,48.5,252.5
2019-11-24 01:15:00,20.0,40.4,253.1
2019-11-24 01:30:00,20.0,40.3,253.3
2019-11-24 01:45:00,20.0,41.0,253.3
2019-11-24 02:00:00,20.0,40.2,252.9
2019-11-24 02:15:00,20.0,40.0,253.7
2019-11-24 02:30:00,20.0,40.1,253.2
2019-11-24 02:45:00,20.0,32.1,253.7
2019-11-24 03:00:00,20.0,30.8,253.2
2019-11-24 03:15:00,20.0,32.3,253.4
2019-11-24 03:30:00,20.0,29.1,253.4
2019-11-24 03:45:00,20.0,27.6,254.1
2019-11-24 04:00:00,19.0,32.4,253.7
2019-11-24 04:15:00,19.0,32.2,253.2
2019-11-24 04:30:00,19.0,32.9,253.7
2019-11-24 04:45:00,19.0,34.5,253.8
2019-11-24 05:00:00,19.0,33.3,253.7
2019-11-24 05:15:00,19.0,39.7,253.8
2019-11-24 05:30:00,19.0,32.7,253.4
2019-11-24 05:45:00,19.0,32.8,253.9
2019-11-24 06:00:00,19.0,36.1,253.6
2019-11-24 06:15:00,19.0,30.1,253.1
2019-11-24 06:30:00,19.0,30.4,251.8
2019-11-24 06:45:00,19.0,29.4,251.5
2019-11-24 07:00:00,20.0,34.0,250.5
2019-11-24 07:15:00,21.0,35.0,249.9
2019-11-24 07:30:00,21.0,40.6,249.1
2019-11-24 07:45:00,22.0,39.4,248.4
2019-11-24 08:00:00,22.0,53.3,248.0
2019-11-24 08:15:00,23.0,30.0,247.5
2019-11-24 08:30:00,23.0,41.5,246.8
2019-11-24 08:45:00,24.0,37.3,247.3
2019-11-24 09:00:00,25.0,46.5,247.0
2019-11-24 09:15:00,25.0,37.5,246.8
2019-11-24 09:30:00,25.0,36.2,247.1
2019-11-24 09:45:00,26.0,46.1,247.2
2019-11-24 10:00:00,26.0,57.5,247.1
2019-11-24 10:15:00,27.0,45.8,247.4
2019-11-24 10:30:00,27.0,39.7,246.9
2019-11-24 10:45:00,28.0,35.2,247.0
2019-11-24 11:00:00,28.0,56.1,246.3
2019-11-24 11:15:00,28.0,53.8,245.9
2019-11-24 11:30:00,29.0,58.8,246.0
2019-11-24 11:45:00,29.0,53.3,246.3
2019-11-24 12:00:00,30.0,63.1,246.0
2019-11-24 12:15:00,28.0,49.0,246.0
2019-11-24 12:30:00,32.0,47.5,245.8
2019-11-24 12:45:00,31.0,55.0,246.0
2019-11-24 13:00:00,34.0,70.2,245.5
2019-11-24 13:15:00,29.0,57.1,245.1
2019-11-24 13:30:00,34.0,47.2,245.3
2019-11-24 13:45:00,33.0,55.9,245.4
2019-11-24 14:00:00,32.0,55.8,245.5
2019-11-24 14:15:00,32.0,59.8,247.4
2019-11-24 14:30:00,31.0,69.5,247.1
2019-11-24 14:45:00,30.0,52.8,247.4
2019-11-24 15:00:00,29.0,69.1,247.5
2019-11-24 15:15:00,29.0,65.1,247.3
2019-11-24 15:30:00,29.0,56.3,246.7
2019-11-24 15:45:00,28.0,45.5,246.9
2019-11-24 16:00:00,27.0,50.6,247.3
2019-11-24 16:15:00,27.0,45.1,247.5
2019-11-24 16:30:00,27.0,48.2,247.6
2019-11-24 16:45:00,26.0,54.1,246.7
2019-11-24 17:00:00,26.0,59.4,245.5
2019-11-24 17:15:00,25.0,75.4,244.3
2019-11-24 17:30:00,25.0,62.3,243.5
2019-11-24 17:45:00,25.0,64.2,244.6
2019-11-24 18:00:00,24.0,76.4,244.4
2019-11-24 18:15:00,24.0,80.4,244.6
2019-11-24 18:30:00,24.0,67.7,244.9
2019-11-24 18:45:00,24.0,64.8,245.7
2019-11-24 19:00:00,24.0,65.7,245.3
2019-11-24 19:15:00,24.0,75.7,245.4
2019-11-24 19:30:00,23.0,62.6,246.3
2019-11-24 19:45:00,23.0,68.3,246.7
2019-11-24 20:00:00,23.0,68.6,246.0
2019-11-24 20:15:00,23.0,67.8,246.4
2019-11-24 20:30:00,23.0,65.7,246.5
2019-11-24 20:45:00,23.0,68.0,246.8
2019-11-24 21:00:00,23.0,58.1,247.4
2019-11-24 21:15:00,22.0,60.1,248.0
2019-11-24 21:30:00,22.0,62.9,249.3
2019-11-24 21:45:00,22.0,63.1,249.4
2019-11-24 22:00:00,22.0,62.3,250.1
2019-11-24 22:15:00,22.0,59.9,250.5
2019-11-24 22:30:00,22.0,52.0,251.1
2019-11-24 22:45:00,22.0,66.2,251.0
2019-11-24 23:00:00,22.0,60.7,251.2
2019-11-24 23:15:00,22.0,47.8,251.0
2019-11-24 23:30:00,22.0,47.1,251.6
2019-11-24 23:45:00,21.0,45.1,251.7
2019-11-25 00:00:00,21.0,47.5,251.8
2019-11-25 00:15:00,21.0,43.7,252.0
2019-11-25 00:30:00,21.0,41.8,252.1
2019-11-25 00:45:00,21.0,41.8,252.2
2019-11-25 01:00:00,21.0,41.6,252.2
2019-11-25 01:15:00,21.0,36.3,252.6
2019-11-25 01:30:00,21.0,41.2,252.0
2019-11-25 01:45:00,21.0,38.1,253.0
2019-11-25 02:00:00,20.0,35.7,252.4
2019-11-25 02:15:00,20.0,38.1,253.0
2019-11-25 02:30:00,20.0,38.1,253.0
2019-11-25 02:45:00,20.0,34.4,253.3
2019-11-25 03:00:00,20.0,35.5,253.1
2019-11-25 03:15:00,20.0,36.7,253.2
2019-11-25 03:30:00,20.0,35.2,253.1
2019-11-25 03:45:00,20.0,35.0,253.2
2019-11-25 04:00:00,20.0,31.4,253.2
2019-11-25 04:15:00,20.0,29.2,253.2
2019-11-25 04:30:00,20.0,30.4,253.4
2019-11-25 04:45:00,20.0,30.5,253.5
2019-11-25 05:00:00,19.0,33.6,253.2
2019-11-25 05:15:00,19.0,31.7,253.1
2019-11-25 05:30:00,20.0,29.0,253.2
2019-11-25 05:45:00,20.0,31.7,252.8
2019-11-25 06:00:00,20.0,40.5,252.4
2019-11-25 06:15:00,20.0,31.7,251.5
2019-11-25 06:30:00,20.0,34.7,251.0
2019-11-25 06:45:00,20.0,36.8,249.4
2019-11-25 07:00:00,20.0,38.2,248.5
2019-11-25 07:15:00,21.0,37.2,248.3
2019-11-25 07:30:00,21.0,31.7,248.6
2019-11-25 07:45:00,22.0,36.6,248.4
2019-11-25 08:00:00,23.0,32.0,247.9
2019-11-25 08:15:00,23.0,36.8,247.4
2019-11-25 08:30:00,24.0,58.5,246.4
2019-11-25 08:45:00,24.5,47.2,246.55
2019-11-25 09:00:00,25.0,52.9,246.5
2019-11-25 09:15:00,25.0,40.2,246.2
2019-11-25 09:30:00,26.0,50.3,245.9
2019-11-25 09:45:00,26.0,57.2,245.9
2019-11-25 10:00:00,27.0,48.5,245.7
2019-11-25 10:15:00,27.0,48.1,245.7
2019-11-25 10:30:00,27.0,54.8,245.5
2019-11-25 10:45:00,28.0,66.7,244.8
2019-11-25 11:00:00,28.0,79.1,244.2
2019-11-25 11:15:00,29.0,72.2,243.7
2019-11-25 11:30:00,30.0,81.7,243.475
2019-11-25 11:45:00,31.0,91.2,243.25
2019-11-25 12:00:00,32.0,100.7,243.025
2019-11-25 12:15:00,33.0,110.2,242.8
2019-11-25 12:30:00,35.0,119.9,242.6
2019-11-25 12:45:00,34.0,109.3,242.7
2019-11-25 13:00:00,34.0,92.3,243.0
2019-11-25 13:15:00,31.0,103.2,241.4
2019-11-25 13:30:00,33.0,91.0,242.5
2019-11-25 13:45:00,33.0,119.5,241.9
2019-11-25 14:00:00,32.0,109.1,241.4
2019-11-25 14:15:00,32.0,99.0,241.9
2019-11-25 14:30:00,31.0,106.8,242.5
2019-11-25 14:45:00,31.0,106.5,242.4
2019-11-25 15:00:00,29.0,105.8,242.6
2019-11-25 15:15:00,29.0,116.7,242.7
2019-11-25 15:30:00,28.0,86.7,243.3
2019-11-25 15:45:00,28.0,90.2,242.6
2019-11-25 16:00:00,28.0,82.5,242.2
2019-11-25 16:15:00,27.0,78.6,243.0
2019-11-25 16:30:00,27.0,94.5,242.0
2019-11-25 16:45:00,27.0,93.7,241.5
2019-11-25 17:00:00,26.0,119.3,240.2
2019-11-25 17:15:00,26.0,111.9,239.7
2019-11-25 17:30:00,26.0,120.3,239.4
2019-11-25 17:45:00,25.0,139.7,239.8
2019-11-25 18:00:00,25.0,127.2,240.5
2019-11-25 18:15:00,25.0,125.7,241.2
2019-11-25 18:30:00,25.0,115.1,241.9
2019-11-25 18:45:00,25.0,119.5,242.5
2019-11-25 19:00:00,25.0,115.7,242.9
2019-11-25 19:15:00,24.0,113.9,242.8
2019-11-25 19:30:00,24.0,112.1,243.2
2019-11-25 19:45:00,24.0,120.6,243.5
2019-11-25 20:00:00,24.0,106.5,244.1
2019-11-25 20:15:00,24.0,100.0,244.5
2019-11-25 20:30:00,23.0,99.7,245.3
2019-11-25 20:45:00,23.0,102.7,245.8
2019-11-25 21:00:00,23.0,96.6,246.8
2019-11-25 21:15:00,23.0,95.0,246.1
2019-11-25 21:30:00,22.0,90.2,247.5
2019-11-25 21:45:00,22.0,73.5,248.0
2019-11-25 22:00:00,22.0,65.2,248.8
2019-11-25 22:15:00,22.0,70.5,250.1
2019-11-25 22:30:00,22.0,68.3,250.1
2019-11-25 22:45:00,22.0,65.4,250.5
2019-11-25 23:00:00,22.0,66.4,250.8
2019-11-25 23:15:00,22.0,55.2,251.1
2019-11-25 23:30:00,22.0,53.1,251.2
2019-11-25 23:45:00,21.0,48.6,251.8
2019-11-26 00:00:00,22.0,49.4,251.8
2019-11-26 00:15:00,21.0,47.2,251.9
2019-11-26 00:30:00,21.0,45.9,252.3
2019-11-26 00:45:00,21.0,43.0,251.3
2019-11-26 01:00:00,21.0,40.3,251.5
2019-11-26 01:15:00,21.0,39.9,252.1
2019-11-26 01:30:00,21.0,39.4,252.1
2019-11-26 01:45:00,21.0,40.6,251.7
2019-11-26 02:00:00,21.0,40.1,251.9
2019-11-26 02:15:00,21.0,39.3,252.4
2019-11-26 02:30:00,21.0,37.8,251.9
2019-11-26 02:45:00,20.0,35.3,252.2
2019-11-26 03:00:00,20.0,35.6,252.4
2019-11-26 03:15:00,20.0,33.7,252.6
2019-11-26 03:30:00,20.0,30.1,252.6
2019-11-26 03:45:00,20.0,31.7,253.1
2019-11-26 04:00:00,20.0,34.5,252.6
2019-11-26 04:15:00,20.0,24.3,253.0
2019-11-26 04:30:00,20.0,29.9,253.0
2019-11-26 04:45:00,20.0,31.9,253.1
2019-11-26 05:00:00,20.0,35.3,252.5
2019-11-26 05:15:00,20.0,33.0,252.7
2019-11-26 05:30:00,20.0,32.2,252.4
2019-11-26 05:45:00,20.0,31.4,252.5
2019-11-26 06:00:00,20.0,44.0,251.8
2019-11-26 06:15:00,20.0,33.5,251.2
2019-11-26 06:30:00,20.0,36.4,250.4
2019-11-26 06:45:00,20.0,39.1,249.5
2019-11-26 07:00:00,21.0,43.8,248.6
2019-11-26 07:15:00,21.0,36.6,248.5
2019-11-26 07:30:00,22.0,45.5,247.4
2019-11-26 07:45:00,22.0,42.8,246.8
2019-11-26 08:00:00,23.0,29.4,247.0
2019-11-26 08:15:00,23.0,43.2,246.4
2019-11-26 08:30:00,24.0,56.4,246.1
2019-11-26 08:45:00,24.0,50.5,245.8
2019-11-26 09:00:00,25.0,45.7,245.7
2019-11-26 09:15:00,25.0,59.4,245.5
2019-11-26 09:30:00,26.0,54.0,244.7
2019-11-26 09:45:00,26.0,44.3,245.8
2019-11-26 10:00:00,27.0,42.3,246.3
2019-11-26 10:15:00,27.0,50.4,245.2
2019-11-26 10:30:00,28.0,59.6,244.4
2019-11-26 10:45:00,28.0,74.8,243.9
2019-11-26 11:00:00,29.0,73.9,243.2
2019-11-26 11:15:00,30.0,67.3,243.0
2019-11-26 11:30:00,30.0,81.7,242.7
2019-11-26 11:45:00,31.0,89.0,242.7
2019-11-26 12:00:00,34.0,77.3,242.2
2019-11-26 12:15:00,36.0,83.8,241.9
2019-11-26 12:30:00,36.0,107.1,241.1
2019-11-26 12:45:00,36.5,89.6,242.25
2019-11-26 13:00:00,36.0,96.4,241.6
2019-11-26 13:15:00,33.0,77.3,242.2
2019-11-26 13:30:00,36.0,103.9,241.7
2019-11-26 13:45:00,35.0,73.3,241.4
2019-11-26 14:00:00,33.0,89.9,241.1
2019-11-26 14:15:00,33.0,80.9,241.5
2019-11-26 14:30:00,32.0,100.1,242.1
2019-11-26 14:45:00,32.0,99.9,241.8
2019-11-26 15:00:00,30.0,105.3,241.7
2019-11-26 15:15:00,30.0,98.1,242.3
2019-11-26 15:30:00,29.0,84.2,242.0
2019-11-26 15:45:00,29.0,83.7,241.8
2019-11-26 16:00:00,29.0,91.1,241.7
2019-11-26 16:15:00,28.0,98.6,241.5
2019-11-26 16:30:00,28.0,100.8,240.9
2019-11-26 16:45:00,27.0,115.7,240.6
2019-11-26 17:00:00,27.0,116.7,240.0
2019-11-26 17:15:00,27.0,128.4,237.9
2019-11-26 17:30:00,27.0,138.2,238.4
2019-11-26 17:45:00,26.0,127.9,238.3
2019-11-26 18:00:00,26.0,147.0,238.5
2019-11-26 18:15:00,26.0,142.7,238.8
2019-11-26 18:30:00,26.0,125.3,240.0
2019-11-26 18:45:00,25.0,129.7,240.5
2019-11-26 19:00:00,25.0,129.0,240.4
2019-11-26 19:15:00,25.0,122.6,241.9
2019-11-26 19:30:00,25.0,136.8,241.7
2019-11-26 19:45:00,25.0,129.5,242.6
2019-11-26 20:00:00,25.0,114.0,242.5
2019-11-26 20:15:00,24.0,105.6,243.4
2019-11-26 20:30:00,24.0,105.7,244.0
2019-11-26 20:45:00,24.0,91.2,246.0
2019-11-26 21:00:00,24.0,92.9,246.2
2019-11-26 21:15:00,24.0,80.7,247.5
2019-11-26 21:30:00,24.0,72.0,249.0
2019-11-26 21:45:00,24.0,74.4,248.5
2019-11-26 22:00:00,24.0,75.6,250.1
2019-11-26 22:15:00,24.0,72.2,249.2
2019-11-26 22:30:00,23.0,65.0,249.6
2019-11-26 22:45:00,23.0,67.9,250.2
2019-11-26 23:00:00,23.0,64.5,250.5
2019-11-26 23:15:00,23.0,57.6,249.8
2019-11-26 23:30:00,23.0,56.8,249.7
2019-11-26 23:45:00,23.0,54.2,250.9
2019-11-27 00:00:00,23.0,50.0,250.4
2019-11-27 00:15:00,22.0,44.9,251.0
2019-11-27 00:30:00,22.0,44.6,251.1
2019-11-27 00:45:00,22.0,44.0,251.4
2019-11-27 01:00:00,22.0,45.4,251.3
2019-11-27 01:15:00,22.0,43.4,251.6
2019-11-27 01:30:00,22.0,46.2,251.5
2019-11-27 01:45:00,22.0,50.7,252.3
2019-11-27 02:00:00,22.0,43.7,252.1
2019-11-27 02:15:00,22.0,40.3,252.3
2019-11-27 02:30:00,22.0,41.8,252.3
2019-11-27 02:45:00,22.0,41.9,252.0
2019-11-27 03:00:00,21.0,38.4,252.5
2019-11-27 03:15:00,21.0,41.4,252.1
2019-11-27 03:30:00,21.0,38.6,252.6
2019-11-27 03:45:00,21.0,33.4,252.5
2019-11-27 04:00:00,21.0,33.7,253.2
2019-11-27 04:15:00,21.0,38.7,252.7
2019-11-27 04:30:00,21.0,37.5,252.6
2019-11-27 04:45:00,21.0,35.1,252.9
2019-11-27 05:00:00,21.0,34.9,253.0
2019-11-27 05:15:00,21.0,33.5,252.6
2019-11-27 05:30:00,21.0,34.8,252.7
2019-11-27 05:45:00,20.0,32.7,252.2
2019-11-27 06:00:00,20.0,33.7,252.1
2019-11-27 06:15:00,20.0,34.2,251.4
2019-11-27 06:30:00,20.0,39.2,250.4
2019-11-27 06:45:00,21.0,38.2,249.5
2019-11-27 07:00:00,21.0,38.8,248.8
2019-11-27 07:15:00,22.0,54.8,248.1
2019-11-27 07:30:00,22.0,37.6,247.0
2019-11-27 07:45:00,23.0,43.3,247.1
2019-11-27 08:00:00,23.0,34.0,246.5
2019-11-27 08:15:00,24.0,44.7,246.3
2019-11-27 08:30:00,24.0,48.3,246.2
2019-11-27 08:45:00,25.0,46.0,245.2
2019-11-27 09:00:00,25.0,44.6,245.6
2019-11-27 09:15:00,26.0,51.9,244.6
2019-11-27 09:30:00,26.0,45.7,244.9
2019-11-27 09:45:00,27.0,46.7,244.4
2019-11-27 10:00:00,27.0,74.7,243.4
2019-11-27 10:15:00,28.0,44.8,243.5
2019-11-27 10:30:00,28.0,50.6,243.7
2019-11-27 10:45:00,29.0,80.4,243.1
2019-11-27 11:00:00,29.0,77.3,241.8
2019-11-27 11:15:00,30.0,94.5,242.3
2019-11-27 11:30:00,30.0,91.5,242.4
2019-11-27 11:45:00,31.0,105.6,241.6
2019-11-27 12:00:00,33.0,83.7,241.6
2019-11-27 12:15:00,35.0,101.3,241.5
2019-11-27 12:30:00,36.0,100.2,240.6
2019-11-27 12:45:00,37.0,105.9,240.3
2019-11-27 13:00:00,36.0,101.4,241.4
2019-11-27 13:15:00,33.0,98.7,241.8
2019-11-27 13:30:00,35.0,94.8,241.4
2019-11-27 13:45:00,35.0,87.1,241.4
2019-11-27 14:00:00,33.0,100.8,241.4
2019-11-27 14:15:00,33.0,86.9,242.1
2019-11-27 14:30:00,33.0,90.2,241.7
2019-11-27 14:45:00,32.0,102.0,242.3
2019-11-27 15:00:00,30.0,106.6,241.9
2019-11-27 15:15:00,30.0,94.4,242.0
2019-11-27 15:30:00,30.0,109.0,241.5
2019-11-27 15:45:00,29.0,110.1,240.8
2019-11-27 16:00:00,29.0,101.6,241.3
2019-11-27 16:15:00,28.0,90.5,242.0
2019-11-27 16:30:00,28.0,102.5,240.9
2019-11-27 16:45:00,28.0,100.6,241.3
2019-11-27 17:00:00,27.0,125.8,240.0
2019-11-27 17:15:00,27.0,115.0,239.7
2019-11-27 17:30:00,27.0,130.7,239.1
2019-11-27 17:45:00,26.0,132.4,239.3
2019-11-27 18:00:00,26.0,122.9,240.1
2019-11-27 18:15:00,26.0,107.5,240.6
2019-11-27 18:30:00,26.0,122.1,241.3
2019-11-27 18:45:00,26.0,121.4,241.4
2019-11-27 19:00:00,25.0,111.5,242.5
2019-11-27 19:15:00,25.0,118.9,242.5
2019-11-27 19:30:00,25.0,114.8,242.3
2019-11-27 19:45:00,25.0,115.9,243.4
2019-11-27 20:00:00,24.5,104.15,244.1
2019-11-27 20:15:00,24.0,112.5,244.4
2019-11-27 20:30:00,24.0,101.5,244.6
2019-11-27 20:45:00,24.0,90.4,245.7
2019-11-27 21:00:00,24.0,94.1,245.8
2019-11-27 21:15:00,24.0,66.0,245.9
2019-11-27 21:30:00,24.0,59.0,247.4
2019-11-27 21:45:00,24.0,59.7,248.1
2019-11-27 22:00:00,24.0,68.1,247.9
2019-11-27 22:15:00,23.0,54.7,248.2
2019-11-27 22:30:00,23.0,56.0,248.8
2019-11-27 22:45:00,23.0,56.9,249.1
2019-11-27 23:00:00,23.0,56.0,249.2
2019-11-27 23:15:00,23.0,48.7,250.0
2019-11-27 23:30:00,23.0,52.0,250.2
2019-11-27 23:45:00,23.0,48.2,250.1
2019-11-28 00:00:00,22.0,47.6,250.3
2019-11-28 00:15:00,22.0,41.0,250.9
2019-11-28 00:30:00,22.0,42.1,250.9
2019-11-28 00:45:00,22.0,41.9,251.2
2019-11-28 01:00:00,22.0,38.8,251.3
2019-11-28 01:15:00,22.0,39.9,250.8
2019-11-28 01:30:00,22.0,38.6,251.3
2019-11-28 01:45:00,22.0,43.2,250.5
2019-11-28 02:00:00,22.0,37.9,250.9
2019-11-28 02:15:00,22.0,42.6,251.3
2019-11-28 02:30:00,22.0,44.8,251.0
2019-11-28 02:45:00,22.0,41.3,250.9
2019-11-28 03:00:00,22.0,40.3,251.3
2019-11-28 03:15:00,22.0,36.7,251.1
2019-11-28 03:30:00,21.0,32.5,251.8
2019-11-28 03:45:00,21.0,30.0,251.8
2019-11-28 04:00:00,21.0,29.1,252.5
2019-11-28 04:15:00,21.0,29.4,252.1
2019-11-28 04:30:00,21.0,29.7,252.9
2019-11-28 04:45:00,21.0,30.7,252.5
2019-11-28 05:00:00,21.0,28.7,251.9
2019-11-28 05:15:00,21.0,29.3,251.9
2019-11-28 05:30:00,20.0,28.2,252.2
2019-11-28 05:45:00,21.0,28.7,251.8
2019-11-28 06:00:00,20.0,28.7,251.7
2019-11-28 06:15:00,20.0,29.8,250.6
2019-11-28 06:30:00,21.0,33.5,249.7
2019-11-28 06:45:00,21.0,46.1,248.5
2019-11-28 07:00:00,21.0,33.2,248.1
2019-11-28 07:15:00,22.0,39.6,247.0
2019-11-28 07:30:00,22.0,37.5,246.5
2019-11-28 07:45:00,22.0,32.5,246.3
2019-11-28 08:00:00,23.0,36.4,245.5
2019-11-28 08:15:00,24.0,43.9,245.3
2019-11-28 08:30:00,24.0,44.1,244.7
2019-11-28 08:45:00,25.0,38.2,244.8
2019-11-28 09:00:00,25.0,60.5,244.4
2019-11-28 09:15:00,26.0,53.1,244.6
2019-11-28 09:30:00,26.0,48.7,244.2
2019-11-28 09:45:00,27.0,52.7,244.2
2019-11-28 10:00:00,27.0,61.5,244.5
2019-11-28 10:15:00,27.0,61.4,244.4
2019-11-28 10:30:00,28.0,52.3,244.2
2019-11-28 10:45:00,28.0,62.4,243.9
2019-11-28 11:00:00,29.0,59.8,243.7
2019-11-28 11:15:00,30.0,62.1,243.5
2019-11-28 11:30:00,30.0,63.5,243.2
2019-11-28 11:45:00,31.0,90.5,242.0
2019-11-28 12:00:00,33.0,92.0,242.1
2019-11-28 12:15:00,35.0,88.3,242.6
2019-11-28 12:30:00,36.0,120.2,241.5
2019-11-28 12:45:00,37.0,108.9,241.1
2019-11-28 13:00:00,37.0,94.3,241.4
2019-11-28 13:15:00,34.0,115.2,241.0
2019-11-28 13:30:00,35.0,106.4,240.1
2019-11-28 13:45:00,35.0,91.1,242.1
2019-11-28 14:00:00,32.0,94.4,241.9
2019-11-28 14:15:00,33.0,91.8,242.9
2019-11-28 14:30:00,34.0,107.7,242.3
2019-11-28 14:45:00,33.0,96.3,242.4
2019-11-28 15:00:00,31.0,86.2,242.0
2019-11-28 15:15:00,30.0,85.4,242.4
2019-11-28 15:30:00,30.0,85.6,242.8
2019-11-28 15:45:00,29.0,74.3,243.1
2019-11-28 16:00:00,29.0,87.5,242.3
2019-11-28 16:15:00,28.0,95.5,242.6
2019-11-28 16:30:00,28.0,89.1,242.0
2019-11-28 16:45:00,27.0,98.2,242.7
2019-11-28 17:00:00,27.0,126.0,240.9
2019-11-28 17:15:00,26.833333333333332,125.03333333333333,240.75
2019-11-28 17:30:00,26.666666666666668,124.06666666666666,240.6
2019-11-28 17:45:00,26.5,123.1,240.45000000000002
2019-11-28 18:00:00,26.333333333333332,122.13333333333334,240.3
2019-11-28 18:15:00,26.166666666666668,121.16666666666667,240.15
2019-11-28 18:30:00,26.0,120.2,240.0
2019-11-28 18:45:00,25.0,116.8,240.9
2019-11-28 19:00:00,25.0,119.9,240.5
2019-11-28 19:15:00,25.0,118.3,241.2
2019-11-28 19:30:00,25.0,108.0,241.9
2019-11-28 19:45:00,25.0,108.7,241.9
2019-11-28 20:00:00,25.0,97.7,242.9
2019-11-28 20:15:00,24.0,100.7,244.0
2019-11-28 20:30:00,24.0,106.7,244.6
2019-11-28 20:45:00,23.0,99.2,245.1
2019-11-28 21:00:00,23.0,87.4,245.1
2019-11-28 21:15:00,23.0,74.1,245.5
2019-11-28 21:30:00,23.0,58.6,246.4
2019-11-28 21:45:00,23.0,59.9,247.5
2019-11-28 22:00:00,23.0,64.4,247.8
2019-11-28 22:15:00,23.0,55.7,248.3
2019-11-28 22:30:00,23.0,61.7,248.9
2019-11-28 22:45:00,23.0,64.3,249.3
2019-11-28 23:00:00,23.0,61.0,249.0
2019-11-28 23:15:00,22.0,55.3,249.9
2019-11-28 23:30:00,22.0,54.1,250.5
2019-11-28 23:45:00,22.0,52.1,250.8
2019-11-29 00:00:00,22.0,43.5,251.2
2019-11-29 00:15:00,22.0,50.3,252.1
2019-11-29 00:30:00,22.0,40.1,251.6
2019-11-29 00:45:00,21.0,43.4,251.7
2019-11-29 01:00:00,21.0,42.8,252.0
2019-11-29 01:15:00,21.0,42.9,252.5
2019-11-29 01:30:00,21.065693430656935,43.302189781021895,252.42554744525546
2019-11-29 01:45:00,21.131386861313867,43.7043795620438,252.35109489051095
2019-11-29 02:00:00,21.197080291970803,44.10656934306569,252.2766423357664
2019-11-29 02:15:00,21.26277372262774,44.50875912408759,252.2021897810219
2019-11-30 10:30:00,29.737226277372265,96.39124087591242,242.5978102189781
2019-11-30 10:45:00,29.802919708029197,96.7934306569343,242.52335766423357
2019-11-30 11:00:00,29.86861313868613,97.1956204379562,242.44890510948906
2019-11-30 11:15:00,29.934306569343065,97.5978102189781,242.37445255474455
2019-11-30 11:30:00,30.0,98.0,242.3
2019-11-30 11:45:00,31.0,91.1,242.5
2019-11-30 12:00:00,33.0,91.3,242.1
2019-11-30 12:15:00,34.0,89.8,242.7
2019-11-30 12:30:00,35.0,99.0,241.7
2019-11-30 12:45:00,35.0,105.3,242.1
2019-11-30 13:00:00,35.0,106.8,241.7
2019-11-30 13:15:00,32.0,91.6,242.1
2019-11-30 13:30:00,34.0,103.8,242.2
2019-11-30 13:45:00,33.0,92.3,242.1
2019-11-30 14:00:00,31.0,101.4,242.4
2019-11-30 14:15:00,31.0,96.3,243.2
2019-11-30 14:30:00,33.0,105.2,242.1
2019-11-30 14:45:00,31.0,94.9,242.1
2019-11-30 15:00:00,30.0,106.4,242.2
2019-11-30 15:15:00,29.0,100.2,242.3
2019-11-30 15:30:00,29.0,97.2,242.4
2019-11-30 15:45:00,28.0,91.8,242.2
2019-11-30 16:00:00,28.0,94.1,242.7
2019-11-30 16:15:00,28.0,94.3,243.0
2019-11-30 16:30:00,27.0,96.3,242.9
2019-11-30 16:45:00,27.0,103.5,242.6
2019-11-30 17:00:00,26.333333333333332,106.76666666666667,243.13333333333333
2019-11-30 17:15:00,25.666666666666668,110.03333333333333,243.66666666666666
2019-11-30 17:30:00,25.0,113.3,244.2
2019-11-30 17:45:00,25.0,131.0,243.7
2019-11-30 18:00:00,24.0,110.6,244.5
2019-11-30 18:15:00,24.0,106.7,246.0
2019-11-30 18:30:00,24.0,125.6,242.1
2019-11-30 18:45:00,24.0,124.7,241.1
2019-11-30 19:00:00,23.0,129.1,241.5
2019-11-30 19:15:00,23.0,131.1,242.0
2019-11-30 19:30:00,24.0,117.3,242.4
2019-11-30 19:45:00,23.0,100.4,243.4
2019-11-30 20:00:00,23.0,100.0,244.0
2019-11-30 20:15:00,23.0,95.6,244.3
2019-11-30 20:30:00,23.0,93.2,244.4
2019-11-30 20:45:00,22.0,81.3,245.0
2019-11-30 21:00:00,22.0,67.5,245.8
2019-11-30 21:15:00,22.0,58.0,246.8
2019-11-30 21:30:00,22.0,63.4,247.1
2019-11-30 21:45:00,22.0,63.1,247.8
2019-11-30 22:00:00,21.0,57.8,247.7
2019-11-30 22:15:00,21.0,77.4,247.6
2019-11-30 22:30:00,21.0,61.3,248.4
2019-11-30 22:45:00,21.0,54.4,248.8
2019-11-30 23:00:00,21.0,61.1,248.9
2019-11-30 23:15:00,21.0,55.5,250.0
2019-11-30 23:30:00,21.0,52.6,250.3
2019-11-30 23:45:00,21.0,46.7,250.6
2019-12-01 00:00:00,21.0,45.900000000000006,250.89999999999998
2019-12-01 00:15:00,21.0,45.1,251.2
2019-12-01 00:30:00,21.0,46.0,250.9
2019-12-01 00:45:00,21.0,42.8,251.1
2019-12-01 01:00:00,20.0,42.8,251.7
2019-12-01 01:15:00,20.0,54.0,251.9
2019-12-01 01:30:00,20.0,47.5,251.5
2019-12-01 01:45:00,20.0,46.0,251.4
2019-12-01 02:00:00,20.0,46.2,251.8
2019-12-01 02:15:00,20.0,48.4,252.2
2019-12-01 02:30:00,20.0,42.9,252.1
2019-12-01 02:45:00,20.0,41.1,251.8
2019-12-01 03:00:00,20.0,39.8,251.6
2019-12-01 03:15:00,20.0,38.9,252.0
2019-12-01 03:30:00,20.0,37.5,252.6
2019-12-01 03:45:00,20.0,36.5,252.6
2019-12-01 04:00:00,20.0,37.9,252.6
2019-12-01 04:15:00,20.0,39.4,253.0
2019-12-01 04:30:00,19.0,36.7,253.0
2019-12-01 04:45:00,19.0,31.9,253.3
2019-12-01 05:00:00,20.0,32.1,253.0
2019-12-01 05:15:00,20.0,37.6,252.7
2019-12-01 05:30:00,20.0,32.5,253.1
2019-12-01 05:45:00,19.0,34.5,253.1
2019-12-01 06:00:00,19.0,33.8,252.9
2019-12-01 06:15:00,19.0,31.8,252.4
2019-12-01 06:30:00,19.0,39.0,251.9
2019-12-01 06:45:00,19.0,30.0,251.2
2019-12-01 07:00:00,19.0,31.8,250.3
2019-12-01 07:15:00,20.0,34.0,249.9
2019-12-01 07:30:00,20.0,45.4,249.0
2019-12-01 07:45:00,21.0,51.7,248.4
2019-12-01 08:00:00,22.0,49.3,247.7
2019-12-01 08:15:00,22.0,48.0,247.5
2019-12-01 08:30:00,23.0,38.2,248.0
2019-12-01 08:45:00,24.0,38.0,247.4
2019-12-01 09:00:00,24.5,59.1,247.14999999999998
2019-12-01 09:15:00,25.0,70.4,247.1
2019-12-01 09:30:00,26.0,41.9,245.9
2019-12-01 09:45:00,26.0,52.7,245.6
2019-12-01 10:00:00,27.0,46.7,247.3
2019-12-01 10:15:00,27.0,54.0,247.3
2019-12-01 10:30:00,27.0,51.4,247.4
2019-12-01 10:45:00,27.0,58.0,245.7
2019-12-01 11:00:00,28.0,56.1,245.6
2019-12-01 11:15:00,28.0,68.3,245.3
2019-12-01 11:30:00,29.0,56.1,245.3
2019-12-01 11:45:00,29.0,54.5,245.9
2019-12-01 12:00:00,30.0,45.5,246.3
2019-12-01 12:15:00,31.0,58.0,245.9
2019-12-01 12:30:00,32.0,55.5,245.9
2019-12-01 12:45:00,31.0,67.9,245.1
2019-12-01 13:00:00,31.0,63.1,245.4
2019-12-01 13:15:00,30.0,62.4,245.4
2019-12-01 13:30:00,31.0,61.1,245.0
2019-12-01 13:45:00,31.0,75.6,244.5
2019-12-01 14:00:00,29.0,54.9,245.4
2019-12-01 14:15:00,30.0,69.4,244.5
2019-12-01 14:30:00,30.0,68.1,244.4
2019-12-01 14:45:00,29.0,64.0,244.8
2019-12-01 15:00:00,29.0,61.9,245.1
2019-12-01 15:15:00,28.0,56.3,245.5
2019-12-01 15:30:00,28.0,58.3,245.3
2019-12-01 15:45:00,27.0,57.8,245.6
2019-12-01 16:00:00,27.0,71.3,244.7
2019-12-01 16:15:00,27.0,64.3,245.1
2019-12-01 16:30:00,26.0,62.6,245.6
2019-12-01 16:45:00,26.0,54.2,245.9
2019-12-01 17:00:00,25.0,57.5,246.5
2019-12-01 17:15:00,25.0,65.5,244.7
2019-12-01 17:30:00,25.0,75.2,244.4
2019-12-01 17:45:00,24.0,77.5,244.5
2019-12-01 18:00:00,24.0,85.0,244.4
2019-12-01 18:15:00,24.0,81.9,245.1
2019-12-01 18:30:00,24.0,81.9,244.9
2019-12-01 18:45:00,23.0,73.4,246.1
2019-12-01 19:00:00,23.0,70.3,245.8
2019-12-01 19:15:00,23.0,67.9,245.5
2019-12-01 19:30:00,22.0,65.0,245.5
2019-12-01 19:45:00,22.0,68.5,245.7
2019-12-01 20:00:00,22.0,71.9,245.9
2019-12-01 20:15:00,22.0,78.7,245.9
2019-12-01 20:30:00,22.0,68.9,246.8
2019-12-01 20:45:00,22.0,68.8,247.0
2019-12-01 21:00:00,22.0,56.2,247.8
2019-12-01 21:15:00,21.0,64.3,248.9
2019-12-01 21:30:00,21.0,66.6,249.4
2019-12-01 21:45:00,21.0,60.4,249.2
2019-12-01 22:00:00,21.0,58.3,249.2
2019-12-01 22:15:00,21.0,62.4,249.3
2019-12-01 22:30:00,21.0,54.7,250.1
2019-12-01 22:45:00,21.0,53.7,250.3
2019-12-01 23:00:00,21.0,52.7,250.5
2019-12-01 23:15:00,21.0,48.5,251.0
2019-12-01 23:30:00,21.0,48.0,251.5
2019-12-01 23:45:00,21.0,43.7,251.7
2019-12-02 00:00:00,20.0,49.7,251.9
2019-12-02 00:15:00,20.0,42.6,252.4
2019-12-02 00:30:00,20.0,38.6,252.6
2019-12-02 00:45:00,20.0,40.1,252.4
2019-12-02 01:00:00,20.0,39.4,253.1
2019-12-02 01:15:00,19.0,44.9,252.3
2019-12-02 01:30:00,19.0,32.2,252.8
2019-12-02 01:45:00,19.0,36.8,253.2
2019-12-02 02:00:00,19.0,36.4,253.3
2019-12-02 02:15:00,20.0,31.4,253.6
2019-12-02 02:30:00,19.0,32.0,253.5
2019-12-02 02:45:00,19.0,31.6,253.5
2019-12-02 03:00:00,19.0,30.4,253.5
2019-12-02 03:15:00,19.0,25.6,253.7
2019-12-02 03:30:00,19.0,23.6,253.9
2019-12-02 03:45:00,19.0,23.8,253.5
2019-12-02 04:00:00,19.0,27.7,253.6
2019-12-02 04:15:00,19.0,26.7,254.0
2019-12-02 04:30:00,18.0,20.7,254.3
2019-12-02 04:45:00,18.0,24.4,254.0
2019-12-02 05:00:00,18.0,23.7,253.8
2019-12-02 05:15:00,18.0,24.6,253.7
2019-12-02 05:30:00,18.0,24.6,253.5
2019-12-02 05:45:00,18.0,22.8,253.4
2019-12-02 06:00:00,18.0,22.9,253.1
2019-12-02 06:15:00,18.0,23.5,252.5
2019-12-02 06:30:00,18.0,27.1,251.55
2019-12-02 06:45:00,19.0,26.9,251.3
2019-12-02 07:00:00,19.0,33.2,250.3
2019-12-02 07:15:00,19.0,38.5,250.0
2019-12-02 07:30:00,19.0,39.0,248.9
2019-12-02 07:45:00,20.0,46.3,248.0
2019-12-02 08:00:00,21.0,47.1,247.5
2019-12-02 08:15:00,22.0,32.1,247.8
2019-12-02 08:30:00,22.0,43.3,247.0
2019-12-02 08:45:00,23.0,28.1,247.5
2019-12-02 09:00:00,23.0,62.5,246.1
2019-12-02 09:15:00,24.0,58.0,245.4
2019-12-02 09:30:00,24.0,41.8,245.9
2019-12-02 09:45:00,25.0,43.6,246.6
2019-12-02 10:00:00,26.0,44.3,246.1
2019-12-02 10:15:00,26.5,45.349999999999994,246.3
2019-12-02 10:30:00,27.0,46.4,246.5
2019-12-02 10:45:00,27.0,62.4,245.2
2019-12-02 11:00:00,28.0,67.4,244.7
2019-12-02 11:15:00,28.0,60.7,245.1
2019-12-02 11:30:00,29.0,58.8,245.8
2019-12-02 11:45:00,29.0,71.3,245.1
2019-12-02 12:00:00,31.0,76.8,244.4
2019-12-02 12:15:00,33.0,83.7,243.7
2019-12-02 12:30:00,34.0,64.6,245.6
2019-12-02 12:45:00,33.0,64.8,244.2
2019-12-02 13:00:00,30.0,59.1,244.6
2019-12-02 13:15:00,31.0,66.5,244.4
2019-12-02 13:30:00,33.0,99.2,244.5
2019-12-02 13:45:00,31.0,88.1,244.4
2019-12-02 14:00:00,30.0,88.2,244.3
2019-12-02 14:15:00,30.0,101.1,244.0
2019-12-02 14:30:00,30.0,92.7,244.8
2019-12-02 14:45:00,29.0,106.8,243.9
2019-12-02 15:00:00,28.0,109.8,243.7
2019-12-02 15:15:00,28.0,95.4,244.5
2019-12-02 15:30:00,27.0,117.8,243.6
2019-12-02 15:45:00,27.0,84.6,244.6
2019-12-02 16:00:00,27.0,86.1,243.8
2019-12-02 16:15:00,26.0,95.3,244.1
2019-12-02 16:30:00,26.0,96.9,244.0
2019-12-02 16:45:00,25.0,116.2,244.1
2019-12-02 17:00:00,25.0,114.2,243.1
2019-12-02 17:15:00,24.5,114.6,242.4
2019-12-02 17:30:00,24.0,105.7,242.7
2019-12-02 17:45:00,24.0,106.8,243.0
2019-12-02 18:00:00,24.0,107.65,242.8
2019-12-02 18:15:00,24.0,108.5,242.6
2019-12-02 18:30:00,24.0,107.3,243.0
2019-12-02 18:45:00,24.0,102.1,243.6
2019-12-02 19:00:00,23.0,118.4,243.3
2019-12-02 19:15:00,23.0,104.5,244.3
2019-12-02 19:30:00,23.0,95.2,244.4
2019-12-02 19:45:00,23.0,106.7,244.2
2019-12-02 20:00:00,22.0,107.0,244.8
2019-12-02 20:15:00,22.0,99.7,245.5
2019-12-02 20:30:00,21.0,91.8,246.3
2019-12-02 20:45:00,21.0,88.3,246.8
2019-12-02 21:00:00,21.0,81.5,247.5
2019-12-02 21:15:00,21.0,78.7,248.4
2019-12-02 21:30:00,20.0,76.7,249.0
2019-12-02 21:45:00,20.0,61.6,249.5
2019-12-02 22:00:00,20.0,58.6,249.9
2019-12-02 22:15:00,20.0,58.5,250.1
2019-12-02 22:30:00,20.0,58.1,250.3
2019-12-02 22:45:00,20.0,58.8,250.7
2019-12-02 23:00:00,19.0,56.8,250.8
2019-12-02 23:15:00,19.0,55.5,251.2
2019-12-02 23:30:00,19.0,48.6,251.8
2019-12-02 23:45:00,19.0,45.8,252.3
2019-12-03 00:00:00,19.0,47.0,252.4
2019-12-03 00:15:00,19.0,40.0,252.2
2019-12-03 00:30:00,18.0,38.7,251.8
2019-12-03 00:45:00,18.0,35.7,252.6
2019-12-03 01:00:00,18.0,37.4,253.0
2019-12-03 01:15:00,18.0,37.2,252.7
2019-12-03 01:30:00,18.0,36.2,252.6
2019-12-03 01:45:00,18.0,36.8,252.7
2019-12-03 02:00:00,18.0,36.0,252.8
2019-12-03 02:15:00,18.0,33.9,252.9
2019-12-03 02:30:00,18.0,34.7,252.9
2019-12-03 02:45:00,17.0,32.2,253.3
2019-12-03 03:00:00,17.0,34.9,252.9
2019-12-03 03:15:00,17.0,30.9,253.5
2019-12-03 03:30:00,17.0,31.8,253.5
2019-12-03 03:45:00,17.0,33.9,253.0
2019-12-03 04:00:00,17.0,33.2,253.4
2019-12-03 04:15:00,17.0,28.2,253.7
2019-12-03 04:30:00,17.0,30.2,253.8
2019-12-03 04:45:00,17.0,29.3,253.6
2019-12-03 05:00:00,16.0,28.1,253.7
2019-12-03 05:15:00,17.0,27.3,253.7
2019-12-03 05:30:00,16.0,28.8,253.4
2019-12-03 05:45:00,16.0,24.8,253.7
2019-12-03 06:00:00,16.0,27.7,253.4
2019-12-03 06:15:00,16.0,44.2,251.5
2019-12-03 06:30:00,17.0,27.0,251.7
2019-12-03 06:45:00,17.0,29.8,251.0
2019-12-03 07:00:00,17.0,31.6,249.8
2019-12-03 07:15:00,17.0,37.7,249.3
2019-12-03 07:30:00,18.0,41.5,248.6
2019-12-03 07:45:00,18.0,48.8,247.3
2019-12-03 08:00:00,19.0,40.65,247.14999999999998
2019-12-03 08:15:00,19.0,42.0,247.6
2019-12-03 08:30:00,20.0,41.5,246.3
2019-12-03 08:45:00,21.0,46.1,246.7
2019-12-03 09:00:00,22.0,50.6,246.1
2019-12-03 09:15:00,22.0,59.8,246.1
2019-12-03 09:30:00,23.0,57.5,245.7
2019-12-03 09:45:00,24.0,61.0,245.5
2019-12-03 10:00:00,24.0,59.5,244.9
2019-12-03 10:15:00,24.0,54.2,244.9
2019-12-03 10:30:00,25.0,50.4,244.6
2019-12-03 10:45:00,25.0,53.0,244.4
2019-12-03 11:00:00,26.0,47.0,244.9
2019-12-03 11:15:00,27.0,64.3,244.2
2019-12-03 11:30:00,28.0,60.1,244.0
2019-12-03 11:45:00,28.0,63.4,243.5
2019-12-03 12:00:00,30.0,71.2,243.5
2019-12-03 12:15:00,31.0,76.6,242.6
2019-12-03 12:30:00,32.0,87.6,242.8
2019-12-03 12:45:00,33.0,87.8,242.9
2019-12-03 13:00:00,33.0,81.0,242.8
2019-12-03 13:15:00,29.0,93.6,243.2
2019-12-03 13:30:00,31.0,92.2,243.1
2019-12-03 13:45:00,31.0,83.7,244.0
2019-12-03 14:00:00,29.0,82.1,243.5
2019-12-03 14:15:00,29.0,67.1,243.9
2019-12-03 14:30:00,29.0,82.5,243.4
2019-12-03 14:45:00,28.0,90.1,243.5
2019-12-03 15:00:00,27.0,83.8,243.5
2019-12-03 15:15:00,27.0,81.1,243.6
2019-12-03 15:30:00,26.0,78.3,243.9
2019-12-03 15:45:00,26.0,83.3,243.5
2019-12-03 16:00:00,26.0,78.7,243.7
2019-12-03 16:15:00,25.0,86.0,243.6
2019-12-03 16:30:00,25.0,87.9,243.9
2019-12-03 16:45:00,24.0,95.2,243.4
2019-12-03 17:00:00,23.0,97.5,242.2
2019-12-03 17:15:00,23.0,100.0,241.8
2019-12-03 17:30:00,23.0,102.4,241.3
2019-12-03 17:45:00,22.0,104.5,241.6
2019-12-03 18:00:00,22.0,102.9,242.5
2019-12-03 18:15:00,22.0,113.9,242.8
2019-12-03 18:30:00,21.0,100.9,243.0
2019-12-03 18:45:00,21.0,102.4,243.3
2019-12-03 19:00:00,21.0,99.8,244.2
2019-12-03 19:15:00,21.0,101.5,244.2
2019-12-03 19:30:00,20.0,97.3,244.6
2019-12-03 19:45:00,20.0,96.0,244.7
2019-12-03 20:00:00,20.0,102.6,245.0
2019-12-03 20:15:00,20.0,93.7,246.3
2019-12-03 20:30:00,20.0,85.8,247.0
2019-12-03 20:45:00,20.0,85.9,247.6
2019-12-03 21:00:00,20.0,85.4,248.2
2019-12-03 21:15:00,20.0,69.2,248.8
2019-12-03 21:30:00,19.0,65.7,249.4
2019-12-03 21:45:00,19.0,54.3,249.7
2019-12-03 22:00:00,19.0,51.7,250.9
2019-12-03 22:15:00,19.0,61.4,250.7
2019-12-03 22:30:00,19.0,66.0,250.9
2019-12-03 22:45:00,19.0,49.6,251.4
2019-12-03 23:00:00,19.0,49.1,251.6
2019-12-03 23:15:00,18.0,46.9,251.7
2019-12-03 23:30:00,18.0,44.0,252.2
2019-12-03 23:45:00,18.0,42.8,252.7
2019-12-04 00:00:00,18.0,40.5,253.1
2019-12-04 00:15:00,18.0,35.0,253.1
2019-12-04 00:30:00,18.0,36.4,253.0
2019-12-04 00:45:00,18.0,34.0,253.4
2019-12-04 01:00:00,17.0,33.5,253.4
2019-12-04 01:15:00,17.0,32.5,253.3
2019-12-04 01:30:00,18.0,32.6,253.6
2019-12-04 01:45:00,18.0,35.0,253.5
2019-12-04 02:00:00,18.0,31.7,254.0
2019-12-04 02:15:00,18.0,31.9,253.7
2019-12-04 02:30:00,17.0,30.8,253.7
2019-12-04 02:45:00,17.0,31.7,253.7
2019-12-04 03:00:00,17.0,30.2,253.4
2019-12-04 03:15:00,17.0,29.7,253.5
2019-12-04 03:30:00,17.0,30.8,253.5
2019-12-04 03:45:00,17.0,28.5,253.7
2019-12-04 04:00:00,17.0,26.2,253.6
2019-12-04 04:15:00,17.0,26.3,253.6
2019-12-04 04:30:00,17.0,26.1,253.7
2019-12-04 04:45:00,17.0,25.5,253.7
2019-12-04 05:00:00,17.0,25.6,253.6
2019-12-04 05:15:00,16.0,35.3,253.3
2019-12-04 05:30:00,17.0,27.8,253.0
2019-12-04 05:45:00,17.0,37.3,252.8
2019-12-04 06:00:00,17.0,24.3,253.2
2019-12-04 06:15:00,16.0,23.7,252.8
2019-12-04 06:30:00,16.0,27.0,251.2
2019-12-04 06:45:00,17.0,29.6,250.7
2019-12-04 07:00:00,17.0,35.8,249.6
2019-12-04 07:15:00,18.0,43.9,248.5
2019-12-04 07:30:00,18.0,37.9,248.3
2019-12-04 07:45:00,19.0,37.3,246.9
2019-12-04 08:00:00,19.0,40.2,246.4
2019-12-04 08:15:00,20.0,35.1,246.1
2019-12-04 08:30:00,21.0,40.5,246.1
2019-12-04 08:45:00,21.0,53.6,245.6
2019-12-04 09:00:00,22.0,54.5,245.5
2019-12-04 09:15:00,22.0,53.0,245.7
2019-12-04 09:30:00,23.0,47.3,245.7
2019-12-04 09:45:00,24.0,57.5,244.8
2019-12-04 10:00:00,24.0,61.2,244.9
2019-12-04 10:15:00,25.0,35.8,246.0
2019-12-04 10:30:00,25.0,39.1,245.5
2019-12-04 10:45:00,26.0,45.3,245.2
2019-12-04 11:00:00,26.0,63.4,244.1
2019-12-04 11:15:00,27.0,63.0,242.8
2019-12-04 11:30:00,27.0,74.0,242.6
2019-12-04 11:45:00,28.0,65.9,242.2
2019-12-04 12:00:00,29.0,61.1,242.3
2019-12-04 12:15:00,32.0,86.8,241.7
2019-12-04 12:30:00,32.0,97.7,241.0
2019-12-04 12:45:00,33.0,76.6,242.3
2019-12-04 13:00:00,32.0,76.1,242.1
2019-12-04 13:15:00,30.0,90.9,241.8
2019-12-04 13:30:00,32.0,80.1,242.1
2019-12-04 13:45:00,32.0,66.1,243.0
2019-12-04 14:00:00,29.0,68.9,242.8
2019-12-04 14:15:00,30.0,88.5,243.3
2019-12-04 14:30:00,31.0,77.1,243.5
2019-12-04 14:45:00,28.0,78.6,243.6
2019-12-04 15:00:00,27.0,85.0,243.7
2019-12-04 15:15:00,27.0,93.0,242.3
2019-12-04 15:30:00,27.0,88.0,242.9
2019-12-04 15:45:00,26.0,77.9,243.1
2019-12-04 16:00:00,26.0,79.0,243.1
2019-12-04 16:15:00,26.0,71.1,243.5
2019-12-04 16:30:00,25.0,74.0,242.9
2019-12-04 16:45:00,25.0,81.8,242.5
2019-12-04 17:00:00,24.0,95.9,241.0
2019-12-04 17:15:00,24.0,101.6,240.4
2019-12-04 17:30:00,24.0,98.0,240.1
2019-12-04 17:45:00,23.0,108.8,240.2
2019-12-04 18:00:00,23.0,117.0,240.7
2019-12-04 18:15:00,23.0,98.3,242.1
2019-12-04 18:30:00,23.0,104.5,242.0
2019-12-04 18:45:00,23.0,109.3,242.3
2019-12-04 19:00:00,23.0,100.5,243.2
2019-12-04 19:15:00,22.0,107.9,242.9
2019-12-04 19:30:00,22.0,107.0,243.3
2019-12-04 19:45:00,22.0,94.4,243.7
2019-12-04 20:00:00,22.0,102.8,244.0
2019-12-04 20:15:00,21.0,89.4,245.2
2019-12-04 20:30:00,21.0,89.0,245.6
2019-12-04 20:45:00,22.0,85.1,246.0
2019-12-04 21:00:00,21.0,77.7,245.8
2019-12-04 21:15:00,21.0,68.0,246.7
2019-12-04 21:30:00,21.0,73.2,246.9
2019-12-04 21:45:00,21.0,54.1,247.6
2019-12-04 22:00:00,20.0,56.1,248.5
2019-12-04 22:15:00,20.0,52.6,249.2
2019-12-04 22:30:00,20.0,49.1,249.7
2019-12-04 22:45:00,20.0,56.1,249.6
2019-12-04 23:00:00,20.0,52.7,250.1
2019-12-04 23:15:00,20.0,42.1,251.2
2019-12-04 23:30:00,19.0,41.8,250.9
2019-12-04 23:45:00,19.0,40.2,251.5
2019-12-05 00:00:00,19.0,38.7,252.0
2019-12-05 00:15:00,19.0,35.2,252.8
2019-12-05 00:30:00,19.0,38.8,252.3
2019-12-05 00:45:00,19.0,32.1,252.8
2019-12-05 01:00:00,19.0,33.0,252.8
2019-12-05 01:15:00,19.0,33.1,253.4
2019-12-05 01:30:00,19.0,32.8,253.3
2019-12-05 01:45:00,19.0,32.8,253.2
2019-12-05 02:00:00,19.0,30.6,253.5
2019-12-05 02:15:00,18.0,33.0,253.4
2019-12-05 02:30:00,18.0,33.3,253.4
2019-12-05 02:45:00,18.0,32.4,253.4
2019-12-05 03:00:00,18.0,30.9,253.5
2019-12-05 03:15:00,18.0,28.4,253.8
2019-12-05 03:30:00,17.0,26.3,253.9
2019-12-05 03:45:00,17.0,30.6,253.7
2019-12-05 04:00:00,17.0,25.2,254.1
2019-12-05 04:15:00,18.0,24.6,254.4
2019-12-05 04:30:00,18.0,26.2,254.0
2019-12-05 04:45:00,17.0,26.3,253.5
2019-12-05 05:00:00,18.0,25.1,253.8
2019-12-05 05:15:00,18.0,25.7,254.1
2019-12-05 05:30:00,17.0,25.7,253.9
2019-12-05 05:45:00,18.0,29.7,253.3
2019-12-05 06:00:00,18.0,26.2,253.5
2019-12-05 06:15:00,18.0,34.7,253.0
2019-12-05 06:30:00,18.0,26.8,251.9
2019-12-05 06:45:00,18.0,33.7,251.0
2019-12-05 07:00:00,19.0,26.6,249.9
2019-12-05 07:15:00,19.0,44.6,248.5
2019-12-05 07:30:00,20.0,49.2,247.6
2019-12-05 07:45:00,20.0,29.4,247.6
2019-12-05 08:00:00,21.0,38.9,246.7
2019-12-05 08:15:00,22.0,39.5,246.2
2019-12-05 08:30:00,22.0,53.3,245.7
2019-12-05 08:45:00,23.0,34.2,246.2
2019-12-05 09:00:00,24.0,34.5,246.3
2019-12-05 09:15:00,25.0,49.3,245.5
2019-12-05 09:30:00,25.0,43.6,245.5
2019-12-05 09:45:00,26.0,37.0,246.1
2019-12-05 10:00:00,26.0,42.9,245.8
2019-12-05 10:15:00,27.0,58.8,245.0
2019-12-05 10:30:00,27.0,48.0,244.4
2019-12-05 10:45:00,28.0,56.5,243.8
2019-12-05 11:00:00,29.0,51.9,243.5
2019-12-05 11:15:00,30.0,61.4,243.2
2019-12-05 11:30:00,30.0,57.6,243.7
2019-12-05 11:45:00,31.0,87.0,242.4
2019-12-05 12:00:00,34.0,79.3,242.7
2019-12-05 12:15:00,36.0,76.5,242.6
2019-12-05 12:30:00,36.0,77.0,242.5
2019-12-05 12:45:00,37.0,66.5,243.3
2019-12-05 13:00:00,36.0,78.5,242.4
2019-12-05 13:15:00,33.0,74.9,243.4
2019-12-05 13:30:00,35.0,68.4,243.5
2019-12-05 13:45:00,36.0,70.1,243.2
2019-12-05 14:00:00,33.0,64.7,243.9
2019-12-05 14:15:00,33.0,65.8,244.2
2019-12-05 14:30:00,34.0,66.2,243.9
2019-12-05 14:45:00,31.0,64.6,243.8
2019-12-05 15:00:00,30.0,68.6,243.7
2019-12-05 15:15:00,30.0,67.3,243.5
2019-12-05 15:30:00,29.0,77.3,242.9
2019-12-05 15:45:00,29.0,82.7,243.0
2019-12-05 16:00:00,29.0,75.5,243.1
2019-12-05 16:15:00,28.0,68.5,243.7
2019-12-05 16:30:00,27.0,80.3,243.5
2019-12-05 16:45:00,27.0,93.0,242.8
2019-12-05 17:00:00,26.0,93.3,242.1
2019-12-05 17:15:00,26.0,108.5,240.4
2019-12-05 17:30:00,26.0,104.9,240.4
2019-12-05 17:45:00,25.0,101.4,241.0
2019-12-05 18:00:00,25.0,97.9,241.2
2019-12-05 18:15:00,24.0,97.6,242.5
2019-12-05 18:30:00,24.0,95.7,243.1
2019-12-05 18:45:00,24.0,100.1,243.0
2019-12-05 19:00:00,24.0,100.9,243.4
2019-12-05 19:15:00,24.0,95.6,243.0
2019-12-05 19:30:00,24.0,98.1,242.9
2019-12-05 19:45:00,24.0,93.5,243.8
2019-12-05 20:00:00,24.0,101.0,243.5
2019-12-05 20:15:00,23.0,100.2,244.2
2019-12-05 20:30:00,23.0,89.1,244.7
2019-12-05 20:45:00,23.0,102.0,245.0
2019-12-05 21:00:00,23.0,88.1,246.1
2019-12-05 21:15:00,23.0,80.9,246.5
2019-12-05 21:30:00,23.0,78.2,247.2
2019-12-05 21:45:00,22.0,67.0,248.0
2019-12-05 22:00:00,22.0,59.1,248.8
2019-12-05 22:15:00,22.0,52.6,249.5
2019-12-05 22:30:00,22.0,58.7,249.5
2019-12-05 22:45:00,21.0,48.3,250.4
2019-12-05 23:00:00,21.0,50.2,250.3
2019-12-05 23:15:00,21.0,50.6,250.5
2019-12-05 23:30:00,20.0,46.2,250.9
2019-12-05 23:45:00,20.0,51.5,250.1
2019-12-06 00:00:00,20.0,45.4,250.7
2019-12-06 00:15:00,20.0,40.4,251.4
2019-12-06 00:30:00,20.0,43.0,250.9
2019-12-06 00:45:00,20.0,36.2,251.4
2019-12-06 01:00:00,20.0,35.3,251.3
2019-12-06 01:15:00,20.0,35.0,251.6
2019-12-06 01:30:00,19.0,35.8,251.5
2019-12-06 01:45:00,19.0,34.9,251.5
2019-12-06 02:00:00,19.0,34.0,251.7
2019-12-06 02:15:00,19.0,34.3,251.8
2019-12-06 02:30:00,19.0,32.5,251.8
2019-12-06 02:45:00,19.0,32.3,252.0
2019-12-06 03:00:00,18.0,31.1,252.0
2019-12-06 03:15:00,18.0,32.2,251.9
2019-12-06 03:30:00,18.0,33.9,252.1
2019-12-06 03:45:00,18.0,30.6,252.3
2019-12-06 04:00:00,18.0,29.3,252.6
2019-12-06 04:15:00,18.0,29.0,252.3
2019-12-06 04:30:00,18.0,26.0,252.6
2019-12-06 04:45:00,18.0,28.5,252.4
2019-12-06 05:00:00,18.0,28.4,252.2
2019-12-06 05:15:00,18.0,35.9,251.9
2019-12-06 05:30:00,18.0,27.4,252.2
2019-12-06 05:45:00,18.0,28.9,252.5
2019-12-06 06:00:00,18.0,31.0,251.9
2019-12-06 06:15:00,17.0,28.7,251.2
2019-12-06 06:30:00,17.0,28.2,250.4
2019-12-06 06:45:00,17.0,29.8,249.2
2019-12-06 07:00:00,18.0,33.7,248.7
2019-12-06 07:15:00,19.0,36.3,247.2
2019-12-06 07:30:00,19.0,35.7,246.8
2019-12-06 07:45:00,19.0,36.6,246.5
2019-12-06 08:00:00,20.0,43.3,246.5
2019-12-06 08:15:00,21.0,35.3,246.9
2019-12-06 08:30:00,21.0,41.3,246.2
2019-12-06 08:45:00,22.0,44.4,245.5
2019-12-06 09:00:00,23.0,38.2,245.7
2019-12-06 09:15:00,23.0,35.1,245.4
2019-12-06 09:30:00,24.0,52.3,244.7
2019-12-06 09:45:00,25.0,59.2,244.9
2019-12-06 10:00:00,25.0,62.4,244.5
2019-12-06 10:15:00,26.0,50.7,245.2
2019-12-06 10:30:00,26.0,52.6,245.1
2019-12-06 10:45:00,27.0,75.6,243.9
2019-12-06 11:00:00,28.0,66.0,243.9
2019-12-06 11:15:00,28.0,61.5,243.8
2019-12-06 11:30:00,29.0,71.9,242.9
2019-12-06 11:45:00,30.0,74.5,243.0
2019-12-06 12:00:00,32.0,81.2,242.4
2019-12-06 12:15:00,34.0,91.25,241.9
2019-12-06 12:30:00,36.0,101.3,241.4
2019-12-06 12:45:00,36.0,102.9,241.0
2019-12-06 13:00:00,36.0,90.2,241.5
2019-12-06 13:15:00,33.0,80.1,242.5
2019-12-06 13:30:00,34.0,87.0,242.8
2019-12-06 13:45:00,35.0,75.9,243.2
2019-12-06 14:00:00,32.0,81.2,243.3
2019-12-06 14:15:00,32.0,75.5,244.1
2019-12-06 14:30:00,33.0,77.9,245.0
2019-12-06 14:45:00,31.0,84.4,244.0
2019-12-06 15:00:00,30.0,101.6,242.9
2019-12-06 15:15:00,29.0,103.5,242.8
2019-12-06 15:30:00,28.0,97.8,243.0
2019-12-06 15:45:00,28.0,90.3,243.5
2019-12-06 16:00:00,28.0,82.7,243.8
2019-12-06 16:15:00,27.0,83.8,245.2
2019-12-06 16:30:00,27.0,84.2,243.6
2019-12-06 16:45:00,26.0,88.9,244.1
2019-12-06 17:00:00,26.0,99.6,243.2
2019-12-06 17:15:00,25.0,99.3,241.6
2019-12-06 17:30:00,25.0,114.9,241.5
2019-12-06 17:45:00,24.0,114.3,241.1
2019-12-06 18:00:00,24.0,114.7,241.5
2019-12-06 18:15:00,24.0,109.0,242.3
2019-12-06 18:30:00,24.0,112.1,242.5
2019-12-06 18:45:00,24.0,111.0,242.4
2019-12-06 19:00:00,23.0,105.6,243.5
2019-12-06 19:15:00,23.0,114.0,242.9
2019-12-06 19:30:00,22.0,109.1,243.3
2019-12-06 19:45:00,22.0,108.3,243.7
2019-12-06 20:00:00,22.0,100.1,243.9
2019-12-06 20:15:00,21.0,94.6,244.7
2019-12-06 20:30:00,21.0,91.6,245.0
2019-12-06 20:45:00,21.0,93.0,245.7
2019-12-06 21:00:00,21.0,83.5,246.8
2019-12-06 21:15:00,20.0,92.0,247.5
2019-12-06 21:30:00,20.0,81.0,248.5
2019-12-06 21:45:00,20.0,63.3,249.3
2019-12-06 22:00:00,20.0,72.5,249.0
2019-12-06 22:15:00,20.0,56.1,249.9
2019-12-06 22:30:00,20.0,58.0,250.0
2019-12-06 22:45:00,20.0,54.6,250.3
2019-12-06 23:00:00,20.0,50.8,251.2
2019-12-06 23:15:00,20.0,52.2,251.4
2019-12-06 23:30:00,20.0,49.7,251.5
2019-12-06 23:45:00,20.0,46.2,252.2
2019-12-07 00:00:00,20.0,44.3,252.6
2019-12-07 00:15:00,20.0,41.6,253.4
2019-12-07 00:30:00,19.0,38.2,253.8
2019-12-07 00:45:00,19.0,36.7,254.1
2019-12-07 01:00:00,19.0,36.2,254.1
2019-12-07 01:15:00,19.0,35.7,254.8
2019-12-07 01:30:00,19.0,34.4,254.8
2019-12-07 01:45:00,19.0,35.4,254.8
2019-12-07 02:00:00,19.0,36.7,254.8
2019-12-07 02:15:00,19.0,33.8,255.2
2019-12-07 02:30:00,19.0,33.6,255.2
2019-12-07 02:45:00,19.0,34.1,255.1
2019-12-07 03:00:00,19.0,35.5,254.8
2019-12-07 03:15:00,19.0,31.6,254.9
2019-12-07 03:30:00,19.0,33.1,254.6
2019-12-07 03:45:00,19.0,32.3,255.4
2019-12-07 04:00:00,18.0,30.3,254.8
2019-12-07 04:15:00,18.0,27.5,255.2
2019-12-07 04:30:00,18.0,30.2,254.9
2019-12-07 04:45:00,18.0,28.7,255.1
2019-12-07 05:00:00,18.0,29.1,254.8
2019-12-07 05:15:00,18.0,29.9,254.9
2019-12-07 05:30:00,18.0,35.8,254.7
2019-12-07 05:45:00,18.0,29.9,254.9
2019-12-07 06:00:00,18.0,41.9,254.1
2019-12-07 06:15:00,17.0,35.6,253.8
2019-12-07 06:30:00,17.0,28.1,253.4
2019-12-07 06:45:00,18.0,30.2,252.7
2019-12-07 07:00:00,18.0,38.9,250.8
2019-12-07 07:15:00,18.0,30.6,250.9
2019-12-07 07:30:00,19.0,34.7,249.3
2019-12-07 07:45:00,19.0,33.0,249.0
2019-12-07 08:00:00,20.0,32.7,248.7
2019-12-07 08:15:00,21.0,36.1,248.7
2019-12-07 08:30:00,22.0,36.9,248.2
2019-12-07 08:45:00,22.0,50.5,247.7
2019-12-07 09:00:00,23.0,43.4,247.5
2019-12-07 09:15:00,24.0,53.4,246.2
2019-12-07 09:30:00,24.0,68.8,246.0
2019-12-07 09:45:00,25.0,53.4,246.5
2019-12-07 10:00:00,25.0,52.2,245.8
2019-12-07 10:15:00,26.0,77.1,245.9
2019-12-07 10:30:00,27.0,44.3,246.3
2019-12-07 10:45:00,27.0,80.4,244.4
2019-12-07 11:00:00,28.0,68.9,245.1
2019-12-07 11:15:00,29.0,67.1,245.2
2019-12-07 11:30:00,30.0,65.5,243.2
2019-12-07 11:45:00,30.0,81.2,243.4
2019-12-07 12:00:00,32.0,76.3,243.8
2019-12-07 12:15:00,33.0,79.1,242.4
2019-12-07 12:30:00,34.0,96.7,242.4
2019-12-07 12:45:00,37.0,102.5,243.6
2019-12-07 13:00:00,36.0,90.0,244.0
2019-12-07 13:15:00,32.0,84.5,242.8
2019-12-07 13:30:00,33.0,86.0,242.9
2019-12-07 13:45:00,34.0,94.4,242.7
2019-12-07 14:00:00,32.0,91.0,242.6
2019-12-07 14:15:00,32.0,91.5,243.4
2019-12-07 14:30:00,33.0,84.9,243.3
2019-12-07 14:45:00,30.0,90.7,242.8
2019-12-07 15:00:00,29.0,90.4,243.8
2019-12-07 15:15:00,28.0,105.6,242.9
2019-12-07 15:30:00,28.0,77.3,243.9
2019-12-07 15:45:00,28.0,91.0,243.7
2019-12-07 16:00:00,27.0,87.1,243.1
2019-12-07 16:15:00,27.0,79.3,243.7
2019-12-07 16:30:00,26.0,105.9,243.0
2019-12-07 16:45:00,26.0,98.2,242.3
2019-12-07 17:00:00,26.0,97.0,242.4
2019-12-07 17:15:00,25.0,106.3,241.0
2019-12-07 17:30:00,25.0,111.3,240.2
2019-12-07 17:45:00,24.0,110.6,240.9
2019-12-07 18:00:00,24.0,104.9,241.6
2019-12-07 18:15:00,24.0,106.3,242.0
2019-12-07 18:30:00,24.0,111.4,242.2
2019-12-07 18:45:00,24.0,104.8,242.9
2019-12-07 19:00:00,23.0,121.0,242.9
2019-12-07 19:15:00,23.0,114.0,243.0
2019-12-07 19:30:00,23.0,118.2,243.4
2019-12-07 19:45:00,22.0,111.3,243.5
2019-12-07 20:00:00,22.0,94.8,244.4
2019-12-07 20:15:00,22.0,105.6,244.4
2019-12-07 20:30:00,22.0,92.1,245.5
2019-12-07 20:45:00,22.0,85.8,246.1
2019-12-07 21:00:00,21.0,81.0,246.7
2019-12-07 21:15:00,21.0,78.8,247.6
2019-12-07 21:30:00,21.0,69.4,248.5
2019-12-07 21:45:00,21.0,69.6,248.4
2019-12-07 22:00:00,21.0,52.3,249.1
2019-12-07 22:15:00,21.0,53.3,249.5
2019-12-07 22:30:00,21.0,58.6,249.4
2019-12-07 22:45:00,21.0,52.5,250.2
2019-12-07 23:00:00,20.0,53.4,250.3
2019-12-07 23:15:00,20.0,50.1,250.9
2019-12-07 23:30:00,20.0,43.7,251.5
2019-12-07 23:45:00,20.0,43.0,251.7
2019-12-08 00:00:00,20.0,40.6,252.8
2019-12-08 00:15:00,20.0,40.5,253.0
2019-12-08 00:30:00,20.0,37.2,253.3
2019-12-08 00:45:00,20.0,35.7,253.6
2019-12-08 01:00:00,20.0,38.7,253.6
2019-12-08 01:15:00,20.0,34.8,253.6
2019-12-08 01:30:00,20.0,34.6,253.5
2019-12-08 01:45:00,20.0,32.5,253.8
2019-12-08 02:00:00,20.0,33.3,254.0
2019-12-08 02:15:00,20.0,31.2,254.2
2019-12-08 02:30:00,20.0,30.6,253.8
2019-12-08 02:45:00,20.0,32.7,253.9
2019-12-08 03:00:00,20.0,30.1,254.4
2019-12-08 03:15:00,20.0,30.7,254.2
2019-12-08 03:30:00,19.0,28.3,254.6
2019-12-08 03:45:00,19.0,26.0,254.4
2019-12-08 04:00:00,19.0,27.7,254.5
2019-12-08 04:15:00,19.0,27.4,255.3
2019-12-08 04:30:00,19.0,26.0,255.0
2019-12-08 04:45:00,19.0,27.6,255.0
2019-12-08 05:00:00,19.0,27.6,254.6
2019-12-08 05:15:00,19.0,27.6,254.7
2019-12-08 05:30:00,19.0,27.1,254.4
2019-12-08 05:45:00,19.0,25.0,254.5
2019-12-08 06:00:00,19.0,25.7,254.5
2019-12-08 06:15:00,19.0,25.8,254.1
2019-12-08 06:30:00,19.0,43.2,252.9
2019-12-08 06:45:00,19.0,24.8,252.9
2019-12-08 07:00:00,20.0,45.5,251.6
2019-12-08 07:15:00,20.0,30.8,249.8
2019-12-08 07:30:00,21.0,31.7,249.0
2019-12-08 07:45:00,21.0,42.9,248.1
2019-12-08 08:00:00,22.0,31.0,247.5
2019-12-08 08:15:00,22.0,43.0,247.4
2019-12-08 08:30:00,23.0,37.4,247.2
2019-12-08 08:45:00,23.0,39.9,247.2
2019-12-08 09:00:00,24.0,35.3,247.0
2019-12-08 09:15:00,23.0,42.5,247.1
2019-12-08 09:30:00,24.0,46.1,245.0
2019-12-08 09:45:00,24.0,43.0,243.9
2019-12-08 10:00:00,25.0,48.9,244.1
2019-12-08 10:15:00,25.0,32.7,245.5
2019-12-08 10:30:00,26.0,40.6,244.6
2019-12-08 10:45:00,26.0,45.8,244.5
2019-12-08 11:00:00,27.0,75.6,243.3
2019-12-08 11:15:00,28.0,54.1,243.2
2019-12-08 11:30:00,29.0,46.5,243.2
2019-12-08 11:45:00,30.0,62.4,242.6
2019-12-08 12:00:00,32.0,60.7,242.3
2019-12-08 12:15:00,30.0,70.3,242.2
2019-12-08 12:30:00,33.0,82.1,241.5
2019-12-08 12:45:00,36.0,77.5,242.2
2019-12-08 13:00:00,33.0,68.4,242.5
2019-12-08 13:15:00,32.0,59.4,243.0
2019-12-08 13:30:00,32.0,58.2,243.2
2019-12-08 13:45:00,34.0,75.4,242.5
2019-12-08 14:00:00,32.0,66.0,242.8
2019-12-08 14:15:00,31.0,56.2,243.2
2019-12-08 14:30:00,30.0,56.7,242.9
2019-12-08 14:45:00,30.0,52.8,243.1
2019-12-08 15:00:00,29.0,56.5,243.2
2019-12-08 15:15:00,28.0,53.7,243.6
2019-12-08 15:30:00,28.0,64.4,243.1
2019-12-08 15:45:00,27.0,61.6,242.5
2019-12-08 16:00:00,27.0,59.9,246.8
2019-12-08 16:15:00,26.0,49.5,247.0
2019-12-08 16:30:00,26.0,53.6,245.6
2019-12-08 16:45:00,26.0,49.3,245.2
2019-12-08 17:00:00,25.0,61.2,243.7
2019-12-08 17:15:00,24.0,61.8,243.6
2019-12-08 17:30:00,24.0,63.6,243.5
2019-12-08 17:45:00,24.0,63.8,243.1
2019-12-08 18:00:00,23.0,73.4,242.9
2019-12-08 18:15:00,23.0,72.9,243.7
2019-12-08 18:30:00,23.0,74.1,244.2
2019-12-08 18:45:00,23.0,81.1,244.4
2019-12-08 19:00:00,23.0,77.5,244.5
2019-12-08 19:15:00,23.0,89.3,244.4
2019-12-08 19:30:00,23.0,77.2,244.6
2019-12-08 19:45:00,23.0,75.4,245.2
2019-12-08 20:00:00,23.0,68.5,246.0
2019-12-08 20:15:00,23.0,65.4,245.8
2019-12-08 20:30:00,22.0,63.4,246.2
2019-12-08 20:45:00,22.0,80.0,246.1
2019-12-08 21:00:00,22.0,63.7,247.3
2019-12-08 21:15:00,22.0,52.3,247.9
2019-12-08 21:30:00,22.0,54.7,248.7
2019-12-08 21:45:00,22.0,55.7,248.8
2019-12-08 22:00:00,22.0,54.9,248.7
2019-12-08 22:15:00,22.0,53.3,249.4
2019-12-08 22:30:00,21.0,60.9,249.1
2019-12-08 22:45:00,21.0,61.2,249.6
2019-12-08 23:00:00,21.0,65.0,249.9
2019-12-08 23:15:00,21.0,45.2,251.0
2019-12-08 23:30:00,20.0,49.5,251.1
2019-12-08 23:45:00,20.0,45.0,251.3
2019-12-09 00:00:00,20.0,42.6,251.7
2019-12-09 00:15:00,20.0,46.9,251.8
2019-12-09 00:30:00,20.0,47.6,251.9
2019-12-09 00:45:00,20.0,43.9,252.1
2019-12-09 01:00:00,20.0,35.9,252.6
2019-12-09 01:15:00,20.0,36.2,252.5
2019-12-09 01:30:00,20.0,35.2,252.8
2019-12-09 01:45:00,20.0,33.6,252.9
2019-12-09 02:00:00,20.0,31.9,253.1
2019-12-09 02:15:00,20.0,34.4,253.2
2019-12-09 02:30:00,21.0,33.4,253.3
2019-12-09 02:45:00,21.0,34.8,253.4
2019-12-09 03:00:00,20.0,31.0,253.4
2019-12-09 03:15:00,20.0,33.5,253.3
2019-12-09 03:30:00,20.0,29.4,253.7
2019-12-09 03:45:00,20.0,28.2,253.5
2019-12-09 04:00:00,20.0,34.9,253.4
2019-12-09 04:15:00,20.0,27.9,253.3
2019-12-09 04:30:00,20.0,33.6,253.2
2019-12-09 04:45:00,20.0,29.3,253.7
2019-12-09 05:00:00,20.0,34.4,253.5
2019-12-09 05:15:00,20.0,32.6,253.4
2019-12-09 05:30:00,20.0,28.0,253.2
2019-12-09 05:45:00,20.0,39.6,253.4
2019-12-09 06:00:00,19.0,31.7,253.7
2019-12-09 06:15:00,20.0,28.9,253.3
2019-12-09 06:30:00,20.0,27.7,252.6
2019-12-09 06:45:00,20.0,37.5,251.5
2019-12-09 07:00:00,20.0,27.3,250.8
2019-12-09 07:15:00,21.0,37.3,250.3
2019-12-09 07:30:00,21.0,36.6,249.1
2019-12-09 07:45:00,21.0,33.5,248.8
2019-12-09 08:00:00,21.0,32.7,247.7
2019-12-09 08:15:00,21.0,37.9,247.7
2019-12-09 08:30:00,22.0,47.9,247.0
2019-12-09 08:45:00,22.0,52.2,246.8
2019-12-09 09:00:00,22.0,62.9,246.3
2019-12-09 09:15:00,23.0,50.3,246.2
2019-12-09 09:30:00,24.0,42.9,247.3
2019-12-09 09:45:00,24.0,74.3,246.3
2019-12-09 10:00:00,25.0,63.7,246.6
2019-12-09 10:15:00,25.0,67.9,246.2
2019-12-09 10:30:00,26.0,41.3,246.6
2019-12-09 10:45:00,26.0,52.6,245.7
2019-12-09 11:00:00,27.0,64.3,245.9
2019-12-09 11:15:00,27.0,54.3,246.3
2019-12-09 11:30:00,28.0,53.7,245.9
2019-12-09 11:45:00,28.0,71.3,245.3
2019-12-09 12:00:00,29.0,83.2,245.0
2019-12-09 12:15:00,30.0,68.5,244.3
2019-12-09 12:30:00,32.0,89.3,244.1
2019-12-09 12:45:00,33.0,103.0,243.6
2019-12-09 13:00:00,30.0,85.6,243.5
2019-12-09 13:15:00,29.0,78.3,244.3
2019-12-09 13:30:00,30.0,81.7,243.7
2019-12-09 13:45:00,29.0,85.7,243.2
2019-12-09 14:00:00,29.0,91.1,243.3
2019-12-09 14:15:00,29.0,91.6,243.9
2019-12-09 14:30:00,29.0,83.5,243.6
2019-12-09 14:45:00,28.0,72.8,244.4
2019-12-09 15:00:00,28.0,74.5,244.3
2019-12-09 15:15:00,28.0,76.8,244.8
2019-12-09 15:30:00,27.0,81.7,244.8
2019-12-09 15:45:00,27.0,83.5,244.7
2019-12-09 16:00:00,26.0,89.0,243.9
2019-12-09 16:15:00,26.0,87.5,243.3
2019-12-09 16:30:00,26.0,98.1,243.5
2019-12-09 16:45:00,25.0,99.9,243.0
2019-12-09 17:00:00,24.5,97.55000000000001,241.5
2019-12-09 17:15:00,24.0,114.8,240.4
2019-12-09 17:30:00,24.0,107.6,240.7
2019-12-09 17:45:00,23.0,109.9,241.3
2019-12-09 18:00:00,23.0,107.7,242.0
2019-12-09 18:15:00,23.0,99.7,243.0
2019-12-09 18:30:00,23.0,100.0,242.7
2019-12-09 18:45:00,23.0,100.9,243.3
2019-12-09 19:00:00,23.0,97.7,243.5
2019-12-09 19:15:00,22.0,104.2,243.7
2019-12-09 19:30:00,22.0,114.0,243.2
2019-12-09 19:45:00,22.0,111.6,244.0
2019-12-09 20:00:00,22.0,114.4,244.2
2019-12-09 20:15:00,22.0,99.2,245.1
2019-12-09 20:30:00,22.0,90.8,245.9
2019-12-09 20:45:00,22.0,87.1,245.9
2019-12-09 21:00:00,22.0,82.0,247.3
2019-12-09 21:15:00,22.0,85.1,247.8
2019-12-09 21:30:00,22.0,76.2,248.4
2019-12-09 21:45:00,21.0,56.3,249.6
2019-12-09 22:00:00,21.0,50.8,249.4
2019-12-09 22:15:00,21.0,72.3,249.3
2019-12-09 22:30:00,21.0,58.9,249.7
2019-12-09 22:45:00,21.0,52.1,250.1
2019-12-09 23:00:00,20.0,51.2,250.6
2019-12-09 23:15:00,20.0,50.7,251.0
2019-12-09 23:30:00,20.0,45.7,251.2
2019-12-09 23:45:00,20.0,49.3,251.8
2019-12-10 00:00:00,20.0,43.15,252.05
2019-12-10 00:15:00,20.0,37.0,252.3
2019-12-10 00:30:00,20.0,33.8,252.4
2019-12-10 00:45:00,20.0,34.5,252.6
2019-12-10 01:00:00,20.0,32.4,252.9
2019-12-10 01:15:00,20.0,32.6,253.2
2019-12-10 01:30:00,20.0,32.0,253.4
2019-12-10 01:45:00,20.0,31.4,253.4
2019-12-10 02:00:00,20.0,32.2,253.7
2019-12-10 02:15:00,20.0,32.4,253.7
2019-12-10 02:30:00,19.0,33.2,253.7
2019-12-10 02:45:00,19.0,32.6,253.6
2019-12-10 03:00:00,20.0,32.0,253.7
2019-12-10 03:15:00,19.0,28.7,253.9
2019-12-10 03:30:00,19.0,30.5,253.8
2019-12-10 03:45:00,19.0,27.5,253.8
2019-12-10 04:00:00,19.0,27.8,253.9
2019-12-10 04:15:00,20.0,28.0,254.1
2019-12-10 04:30:00,20.0,28.7,254.0
2019-12-10 04:45:00,19.0,25.1,253.9
2019-12-10 05:00:00,19.0,28.8,253.7
2019-12-10 05:15:00,19.0,28.3,253.8
2019-12-10 05:30:00,19.0,36.2,253.7
2019-12-10 05:45:00,19.0,26.0,253.7
2019-12-10 06:00:00,19.0,27.4,253.7
2019-12-10 06:15:00,19.0,26.2,253.2
2019-12-10 06:30:00,19.0,26.4,252.7
2019-12-10 06:45:00,19.0,27.3,252.0
2019-12-10 07:00:00,19.0,30.4,250.8
2019-12-10 07:15:00,19.0,41.6,249.9
2019-12-10 07:30:00,20.0,45.7,248.9
2019-12-10 07:45:00,20.0,33.9,249.4
2019-12-10 08:00:00,21.0,33.0,248.9
2019-12-10 08:15:00,21.0,34.3,248.8
2019-12-10 08:30:00,22.0,33.3,248.3
2019-12-10 08:45:00,22.0,43.4,248.1
2019-12-10 09:00:00,23.0,37.4,248.0
2019-12-10 09:15:00,23.0,43.3,247.6
2019-12-10 09:30:00,23.0,49.0,247.4
2019-12-10 09:45:00,24.0,51.9,247.2
2019-12-10 10:00:00,24.0,40.9,247.0
2019-12-10 10:15:00,25.0,61.6,245.2
2019-12-10 10:30:00,25.0,76.1,244.9
2019-12-10 10:45:00,26.0,58.5,245.7
2019-12-10 11:00:00,26.0,56.2,245.5
2019-12-10 11:15:00,27.0,56.4,245.5
2019-12-10 11:30:00,27.0,72.0,245.0
2019-12-10 11:45:00,26.0,81.4,244.9
2019-12-10 12:00:00,27.0,76.1,244.6
2019-12-10 12:15:00,26.0,83.2,245.0
2019-12-10 12:30:00,27.0,75.1,244.6
2019-12-10 12:45:00,26.0,81.2,244.2
2019-12-10 13:00:00,29.0,94.0,244.3
2019-12-10 13:15:00,27.0,95.2,244.2
2019-12-10 13:30:00,29.0,66.6,244.4
2019-12-10 13:45:00,29.0,71.8,244.7
2019-12-10 14:00:00,28.0,73.7,244.6
2019-12-10 14:15:00,27.0,68.4,244.8
2019-12-10 14:30:00,27.0,67.3,244.8
2019-12-10 14:45:00,27.0,79.7,245.1
2019-12-10 15:00:00,27.0,80.1,244.6
2019-12-10 15:15:00,27.0,70.7,245.4
2019-12-10 15:30:00,26.0,100.5,245.0
2019-12-10 15:45:00,26.0,71.3,245.5
2019-12-10 16:00:00,26.014134275618375,71.37031802120141,245.5060070671378
2019-12-10 16:15:00,26.02826855123675,71.44063604240283,245.51201413427563
2019-12-10 16:30:00,26.042402826855124,71.51095406360423,245.51802120141343
2019-12-10 16:45:00,26.0565371024735,71.58127208480565,245.52402826855123
2019-12-13 13:30:00,29.9434628975265,90.91872791519435,247.17597173144875
2019-12-13 13:45:00,29.957597173144876,90.98904593639577,247.18197879858656
2019-12-13 14:00:00,29.97173144876325,91.05936395759718,247.18798586572436
2019-12-13 14:15:00,29.985865724381625,91.12968197879859,247.1939929328622
2019-12-13 14:30:00,30.0,91.2,247.2
2019-12-13 14:45:00,29.0,81.3,247.5
2019-12-13 15:00:00,28.0,86.2,246.9
2019-12-13 15:15:00,27.0,73.6,247.2
2019-12-13 15:30:00,26.0,77.1,246.7
2019-12-13 15:45:00,26.0,78.1,246.8
2019-12-13 16:00:00,25.0,75.0,246.8
2019-12-13 16:15:00,25.0,74.8,247.0
2019-12-13 16:30:00,24.0,79.6,246.4
2019-12-13 16:45:00,24.0,99.1,246.1
2019-12-13 17:00:00,23.0,87.7,245.1
2019-12-13 17:15:00,23.0,92.3,244.3
2019-12-13 17:30:00,22.0,105.8,243.9
2019-12-13 17:45:00,22.0,107.2,243.8
2019-12-13 18:00:00,22.0,98.9,244.4
2019-12-13 18:15:00,22.0,100.1,244.4
2019-12-13 18:30:00,21.0,113.1,244.5
2019-12-13 18:45:00,21.0,94.0,246.0
2019-12-13 19:00:00,21.0,99.1,246.0
2019-12-13 19:15:00,21.0,97.1,246.4
2019-12-13 19:30:00,21.0,95.9,246.5
2019-12-13 19:45:00,20.0,97.1,247.0
2019-12-13 20:00:00,20.0,97.6,246.8
2019-12-13 20:15:00,20.0,91.0,247.3
2019-12-13 20:30:00,20.0,84.0,248.0
2019-12-13 20:45:00,19.0,88.1,248.6
2019-12-13 21:00:00,19.0,84.8,248.0
2019-12-13 21:15:00,19.0,79.0,249.2
2019-12-13 21:30:00,19.0,61.6,250.6
2019-12-13 21:45:00,19.0,74.8,249.7
2019-12-13 22:00:00,19.0,64.2,250.4
2019-12-13 22:15:00,19.0,65.0,250.8
2019-12-13 22:30:00,19.0,60.8,251.1
2019-12-13 22:45:00,19.0,60.5,251.8
2019-12-13 23:00:00,19.0,64.6,251.7
2019-12-13 23:15:00,18.0,60.4,252.3
2019-12-13 23:30:00,18.0,52.4,252.7
2019-12-13 23:45:00,18.0,63.7,252.7
2019-12-14 00:00:00,18.0,40.6,253.9
2019-12-14 00:15:00,18.0,38.3,253.8
2019-12-14 00:30:00,18.0,36.4,253.9
2019-12-14 00:45:00,17.0,34.5,253.2
2019-12-14 01:00:00,17.0,32.2,253.9
2019-12-14 01:15:00,17.0,32.2,253.9
2019-12-14 01:30:00,17.0,29.6,254.1
2019-12-14 01:45:00,17.0,28.9,254.3
2019-12-14 02:00:00,17.0,29.3,254.1
2019-12-14 02:15:00,17.0,29.6,254.2
2019-12-14 02:30:00,17.0,28.1,254.4
2019-12-14 02:45:00,17.0,25.9,254.3
2019-12-14 03:00:00,17.0,29.8,254.1
2019-12-14 03:15:00,17.0,26.3,254.3
2019-12-14 03:30:00,16.0,24.3,254.3
2019-12-14 03:45:00,16.0,25.5,254.3
2019-12-14 04:00:00,16.0,27.5,254.3
2019-12-14 04:15:00,16.0,23.8,254.6
2019-12-14 04:30:00,16.0,23.5,254.6
2019-12-14 04:45:00,16.0,26.9,254.3
2019-12-14 05:00:00,16.0,27.7,254.1
2019-12-14 05:15:00,16.0,24.1,254.3
2019-12-14 05:30:00,16.0,27.6,253.9
2019-12-14 05:45:00,16.0,27.5,253.7
2019-12-14 06:00:00,16.0,25.2,253.7
2019-12-14 06:15:00,16.0,24.2,253.5
2019-12-14 06:30:00,16.0,24.6,252.7
2019-12-14 06:45:00,16.0,26.7,251.7
2019-12-14 07:00:00,16.0,23.8,251.2
2019-12-14 07:15:00,16.0,33.6,250.0
2019-12-14 07:30:00,17.0,29.4,249.6
2019-12-14 07:45:00,18.0,39.1,248.8
2019-12-14 08:00:00,18.0,31.2,248.4
2019-12-14 08:15:00,19.0,44.8,247.8
2019-12-14 08:30:00,20.0,41.9,247.4
2019-12-14 08:45:00,21.0,40.4,247.8
2019-12-14 09:00:00,21.0,42.5,247.8
2019-12-14 09:15:00,22.0,38.7,247.7
2019-12-14 09:30:00,23.0,68.7,245.9
2019-12-14 09:45:00,23.0,58.1,246.4
2019-12-14 10:00:00,24.0,57.6,245.9
2019-12-14 10:15:00,25.0,53.4,245.9
2019-12-14 10:30:00,25.0,55.1,245.9
2019-12-14 10:45:00,26.0,53.7,246.1
2019-12-14 11:00:00,26.0,51.8,246.2
2019-12-14 11:15:00,26.0,61.9,245.9
2019-12-14 11:30:00,27.0,72.9,245.1
2019-12-14 11:45:00,28.0,57.4,245.4
2019-12-14 12:00:00,29.0,67.1,246.2
2019-12-14 12:15:00,30.0,76.9,246.8
2019-12-14 12:30:00,31.0,84.4,246.4
2019-12-14 12:45:00,33.0,66.7,246.8
2019-12-14 13:00:00,33.0,71.8,246.4
2019-12-14 13:15:00,31.0,93.1,246.2
2019-12-14 13:30:00,31.0,62.4,246.3
2019-12-14 13:45:00,32.0,69.9,245.9
2019-12-14 14:00:00,32.0,69.0,246.3
2019-12-14 14:15:00,29.0,89.1,246.4
2019-12-14 14:30:00,30.0,82.5,246.1
2019-12-14 14:45:00,30.0,67.2,246.9
2019-12-14 15:00:00,28.0,80.0,246.7
2019-12-14 15:15:00,27.0,69.2,247.3
2019-12-14 15:30:00,26.0,58.2,247.1
2019-12-14 15:45:00,26.0,68.1,246.9
2019-12-14 16:00:00,26.0,70.4,246.8
2019-12-14 16:15:00,25.0,77.0,246.9
2019-12-14 16:30:00,24.5,74.95,246.5
2019-12-14 16:45:00,24.0,75.4,246.1
2019-12-14 17:00:00,24.0,83.1,245.4
2019-12-14 17:15:00,24.0,86.8,244.0
2019-12-14 17:30:00,24.0,110.4,243.4
2019-12-14 17:45:00,23.0,99.8,244.0
2019-12-14 18:00:00,23.0,89.7,244.5
2019-12-14 18:15:00,23.0,95.6,244.9
2019-12-14 18:30:00,23.0,92.4,245.1
2019-12-14 18:45:00,23.0,96.0,244.9
2019-12-14 19:00:00,22.0,86.0,245.8
2019-12-14 19:15:00,22.0,93.6,245.5
2019-12-14 19:30:00,21.0,88.2,245.9
2019-12-14 19:45:00,21.0,98.3,247.0
2019-12-14 20:00:00,21.0,83.6,247.5
2019-12-14 20:15:00,20.0,95.3,246.8
2019-12-14 20:30:00,20.0,86.5,247.7
2019-12-14 20:45:00,20.0,70.8,248.5
2019-12-14 21:00:00,20.0,59.7,249.3
2019-12-14 21:15:00,19.0,56.3,249.9
2019-12-14 21:30:00,19.0,54.3,250.5
2019-12-14 21:45:00,19.0,55.5,250.7
2019-12-14 22:00:00,19.0,60.6,250.3
2019-12-14 22:15:00,19.0,55.3,250.7
2019-12-14 22:30:00,19.0,46.8,251.6
2019-12-14 22:45:00,19.0,46.9,252.3
2019-12-14 23:00:00,19.0,51.3,252.2
2019-12-14 23:15:00,19.0,51.1,253.2
2019-12-14 23:30:00,19.0,41.5,253.6
2019-12-14 23:45:00,19.0,40.9,254.2
2019-12-15 00:00:00,19.0,38.3,254.5
2019-12-15 00:15:00,19.00371977681339,38.31435213887166,254.4984190948543
2019-12-15 00:30:00,19.00743955362678,38.328704277743334,254.49683818970863
2019-12-15 00:45:00,19.011159330440172,38.343056416615,254.49525728456294
2019-12-15 01:00:00,19.014879107253567,38.35740855548667,254.49367637941722
2020-01-17 13:30:00,30.985120892746437,84.54259144451332,249.40632362058278
2020-01-17 13:45:00,30.988840669559828,84.55694358338499,249.40474271543707
2020-01-17 14:00:00,30.99256044637322,84.57129572225665,249.40316181029138
2020-01-17 14:15:00,30.99628022318661,84.58564786112832,249.4015809051457
2020-01-17 14:30:00,31.0,84.6,249.4
2020-01-17 14:45:00,31.0,75.7,249.1
2020-01-17 15:00:00,30.333333333333332,79.3,248.96666666666667
2020-01-17 15:15:00,29.666666666666668,82.9,248.83333333333331
2020-01-17 15:30:00,29.0,86.5,248.7
2020-01-17 15:45:00,29.0,89.1,248.4
2020-01-17 16:00:00,28.0,86.9,249.4
2020-01-17 16:15:00,27.0,88.0,248.9
2020-01-17 16:30:00,27.0,77.6,249.3
2020-01-17 16:45:00,26.0,89.4,249.0
2020-01-17 17:00:00,26.0,94.6,248.8
2020-01-17 17:15:00,25.0,94.9,248.6
2020-01-17 17:30:00,24.0,109.2,247.7
2020-01-17 17:45:00,24.0,112.8,246.6
2020-01-17 18:00:00,24.0,109.1,246.5
2020-01-17 18:15:00,23.0,114.2,246.2
2020-01-17 18:30:00,23.0,121.1,246.5
2020-01-17 18:45:00,23.0,104.5,246.9
2020-01-17 19:00:00,23.0,102.3,247.1
2020-01-17 19:15:00,22.0,108.6,247.7
2020-01-17 19:30:00,22.0,100.1,248.1
2020-01-17 19:45:00,22.0,106.2,248.3
2020-01-17 20:00:00,22.0,105.7,248.4
2020-01-17 20:15:00,21.0,103.9,248.5
2020-01-17 20:30:00,21.0,90.8,249.2
2020-01-17 20:45:00,20.0,90.5,249.7
2020-01-17 21:00:00,20.0,91.1,250.0
2020-01-17 21:15:00,20.0,78.7,250.7
2020-01-17 21:30:00,20.0,64.9,251.2
2020-01-17 21:45:00,20.0,71.8,251.4
2020-01-17 22:00:00,20.0,64.8,251.0
2020-01-17 22:15:00,20.0,70.8,250.8
2020-01-17 22:30:00,19.0,64.8,251.1
2020-01-17 22:45:00,19.0,62.3,251.8
2020-01-17 23:00:00,19.0,63.5,252.2
2020-01-17 23:15:00,19.0,52.8,252.6
2020-01-17 23:30:00,19.0,57.0,252.9
2020-01-17 23:45:00,19.0,56.3,253.3
2020-01-18 00:00:00,19.0,52.4,253.6
2020-01-18 00:15:00,18.0,46.6,254.1
2020-01-18 00:30:00,18.0,43.8,254.0
2020-01-18 00:45:00,18.0,41.6,254.7
2020-01-18 01:00:00,18.0,42.2,254.8
2020-01-18 01:15:00,18.0,39.9,254.9
2020-01-18 01:30:00,17.0,39.0,255.0
2020-01-18 01:45:00,17.0,40.3,254.7
2020-01-18 02:00:00,17.0,37.1,254.8
2020-01-18 02:15:00,17.0,37.1,255.4
2020-01-18 02:30:00,17.0,38.4,254.9
2020-01-18 02:45:00,17.0,37.2,255.3
2020-01-18 03:00:00,17.0,35.9,255.1
2020-01-18 03:15:00,17.0,32.9,255.6
2020-01-18 03:30:00,17.0,38.6,255.1
2020-01-18 03:45:00,17.0,33.5,255.8
2020-01-18 04:00:00,16.0,30.9,256.2
2020-01-18 04:15:00,17.0,29.4,256.2
2020-01-18 04:30:00,16.0,31.3,255.9
2020-01-18 04:45:00,16.0,40.8,255.4
2020-01-18 05:00:00,16.0,31.3,255.8
2020-01-18 05:15:00,16.0,30.1,255.9
2020-01-18 05:30:00,16.0,29.7,255.9
2020-01-18 05:45:00,16.0,40.1,255.2
2020-01-18 06:00:00,16.0,29.4,255.7
2020-01-18 06:15:00,16.0,33.0,255.4
2020-01-18 06:30:00,16.0,45.1,253.8
2020-01-18 06:45:00,16.0,31.9,253.9
2020-01-18 07:00:00,16.0,47.6,251.9
2020-01-18 07:15:00,17.0,37.2,251.2
2020-01-18 07:30:00,17.0,40.6,250.7
2020-01-18 07:45:00,18.0,45.9,249.1
2020-01-18 08:00:00,18.0,45.3,248.8
2020-01-18 08:15:00,19.0,35.2,248.8
2020-01-18 08:30:00,20.0,36.9,248.1
2020-01-18 08:45:00,21.0,74.1,247.5
2020-01-18 09:00:00,22.0,65.7,247.1
2020-01-18 09:15:00,22.0,37.8,247.7
2020-01-18 09:30:00,23.0,42.3,247.5
2020-01-18 09:45:00,24.0,65.1,248.2
2020-01-18 10:00:00,25.0,64.1,248.2
2020-01-18 10:15:00,25.0,69.0,249.1
2020-01-18 10:30:00,26.0,77.2,249.4
2020-01-18 10:45:00,26.0,74.9,249.3
2020-01-18 11:00:00,26.428571428571427,75.60714285714286,249.24285714285716
2020-01-18 11:15:00,26.857142857142858,76.31428571428572,249.18571428571428
2020-01-18 11:30:00,27.285714285714285,77.02142857142857,249.12857142857143
2020-01-18 11:45:00,27.714285714285715,77.72857142857143,249.07142857142858
2020-01-18 13:15:00,30.285714285714285,81.97142857142858,248.72857142857143
2020-01-18 13:30:00,30.714285714285715,82.67857142857143,248.67142857142858
2020-01-18 13:45:00,31.142857142857142,83.38571428571429,248.61428571428573
2020-01-18 14:00:00,31.57142857142857,84.09285714285714,248.55714285714285
2020-01-18 14:15:00,32.0,84.8,248.5
2020-01-18 14:30:00,31.0,88.9,247.9
2020-01-18 14:45:00,32.0,78.4,248.7
2020-01-18 15:00:00,32.0,77.2,248.8
2020-01-18 15:15:00,32.0,84.0,248.6
2020-01-18 15:30:00,29.0,72.9,248.6
2020-01-18 15:45:00,28.0,83.5,248.3
2020-01-18 16:00:00,28.0,85.3,248.4
2020-01-18 16:15:00,27.0,85.2,248.2
2020-01-18 16:30:00,27.0,84.0,248.0
2020-01-18 16:45:00,26.0,79.2,248.8
2020-01-18 17:00:00,25.0,94.0,247.8
2020-01-18 17:15:00,24.0,95.4,247.6
2020-01-18 17:30:00,24.0,100.6,246.6
2020-01-18 17:45:00,24.0,102.1,245.5
2020-01-18 18:00:00,23.0,107.9,245.8
2020-01-18 18:15:00,23.0,109.8,245.9
2020-01-18 18:30:00,23.0,115.1,246.0
2020-01-18 18:45:00,22.0,99.8,246.7
2020-01-18 19:00:00,22.0,97.1,247.0
2020-01-18 19:15:00,22.0,107.7,247.4
2020-01-18 19:30:00,22.0,90.1,247.9
2020-01-18 19:45:00,22.0,89.6,248.3
2020-01-18 20:00:00,21.0,88.5,248.7
2020-01-18 20:15:00,21.0,85.5,249.1
2020-01-18 20:30:00,21.0,83.6,249.2
2020-01-18 20:45:00,21.0,86.1,249.5
2020-01-18 21:00:00,21.0,77.2,250.1
2020-01-18 21:15:00,21.0,83.0,250.3
2020-01-18 21:30:00,20.0,77.9,251.0
2020-01-18 21:45:00,20.0,61.3,251.9
2020-01-18 22:00:00,19.0,56.9,252.0
2020-01-18 22:15:00,19.0,65.0,252.3
2020-01-18 22:30:00,19.0,67.1,252.5
2020-01-18 22:45:00,19.0,60.2,253.3
2020-01-18 23:00:00,19.0,52.4,252.6
2020-01-18 23:15:00,19.0,65.0,252.9
2020-01-18 23:30:00,19.0,51.4,253.3
2020-01-18 23:45:00,19.0,57.9,253.2
2020-01-19 00:00:00,19.0,51.0,253.6
2020-01-19 00:15:00,18.0,42.0,253.9
2020-01-19 00:30:00,18.0,43.5,253.9
2020-01-19 00:45:00,19.0,36.3,254.5
2020-01-19 01:00:00,18.0,35.8,254.6
2020-01-19 01:15:00,18.0,35.3,255.0
2020-01-19 01:30:00,18.0,34.7,254.9
2020-01-19 01:45:00,18.0,35.8,255.0
2020-01-19 02:00:00,18.0,34.9,255.1
2020-01-19 02:15:00,18.0,33.7,255.1
2020-01-19 02:30:00,18.0,31.1,255.0
2020-01-19 02:45:00,18.0,30.8,255.3
2020-01-19 03:00:00,18.0,31.4,255.2
2020-01-19 03:15:00,17.0,32.0,255.3
2020-01-19 03:30:00,17.0,29.2,255.3
2020-01-19 03:45:00,17.0,37.4,255.3
2020-01-19 04:00:00,17.0,28.8,255.2
2020-01-19 04:15:00,17.0,26.4,255.7
2020-01-19 04:30:00,17.0,27.3,255.1
2020-01-19 04:45:00,17.0,27.5,255.3
2020-01-19 05:00:00,17.0,26.6,255.3
2020-01-19 05:15:00,17.0,27.1,255.5
2020-01-19 05:30:00,17.0,26.1,254.9
2020-01-19 05:45:00,17.0,26.4,255.4
2020-01-19 06:00:00,17.0,28.8,254.5
2020-01-19 06:15:00,17.0,31.4,254.7
2020-01-19 06:30:00,17.0,31.3,253.8
2020-01-19 06:45:00,17.0,46.5,252.7
2020-01-19 07:00:00,17.0,62.0,251.6
2020-01-19 07:15:00,17.0,42.2,251.1
2020-01-19 07:30:00,17.0,30.5,250.6
2020-01-19 07:45:00,18.0,39.6,249.7
2020-01-19 08:00:00,18.0,36.8,248.7
2020-01-19 08:15:00,19.0,45.0,248.9
2020-01-19 08:30:00,20.0,35.4,248.1
2020-01-19 08:45:00,21.0,61.1,247.1
2020-01-19 09:00:00,21.0,46.7,247.6
2020-01-19 09:15:00,22.0,47.7,247.4
2020-01-19 09:30:00,23.0,48.5,247.2
2020-01-19 09:45:00,24.0,46.9,246.9
2020-01-19 10:00:00,25.0,54.4,247.4
2020-01-19 10:15:00,25.0,58.4,247.9
2020-01-19 10:30:00,26.0,66.9,247.2
2020-01-19 10:45:00,27.0,67.6,248.1
2020-01-19 11:00:00,27.0,68.0,248.2
2020-01-19 11:15:00,28.0,68.2,248.4
2020-01-19 11:30:00,28.0,65.9,248.2
2020-01-19 11:45:00,29.0,60.6,248.7
2020-01-19 12:00:00,29.0,52.3,248.5
2020-01-19 12:15:00,30.0,65.0,248.8
2020-01-19 12:30:00,32.0,52.9,248.5
2020-01-19 12:45:00,33.0,74.5,248.4
2020-01-19 13:00:00,33.0,81.2,247.8
2020-01-19 13:15:00,33.0,72.1,247.9
2020-01-19 13:30:00,33.0,68.5,248.3
2020-01-19 13:45:00,32.0,71.4,248.0
2020-01-19 14:00:00,33.0,64.1,248.2
2020-01-19 14:15:00,32.0,74.0,248.7
2020-01-19 14:30:00,31.0,73.9,248.6
2020-01-19 14:45:00,31.0,69.3,249.0
2020-01-19 15:00:00,29.0,56.7,249.5
2020-01-19 15:15:00,29.0,68.3,248.8
2020-01-19 15:30:00,28.0,76.6,248.6
2020-01-19 15:45:00,28.0,63.0,249.6
2020-01-19 16:00:00,27.0,57.3,250.1
2020-01-19 16:15:00,27.0,55.5,250.0
2020-01-19 16:30:00,26.0,58.2,249.8
2020-01-19 16:45:00,26.0,53.4,249.6
2020-01-19 17:00:00,25.0,50.8,249.6
2020-01-19 17:15:00,25.0,65.4,248.8
2020-01-19 17:30:00,24.0,59.1,248.0
2020-01-19 17:45:00,24.0,60.9,247.5
2020-01-19 18:00:00,24.0,64.6,247.2
2020-01-19 18:15:00,24.0,63.2,247.4
2020-01-19 18:30:00,23.0,69.5,247.2
2020-01-19 18:45:00,23.0,66.8,247.4
2020-01-19 19:00:00,23.0,68.1,247.5
2020-01-19 19:15:00,23.0,65.2,248.0
2020-01-19 19:30:00,22.0,69.3,247.7
2020-01-19 19:45:00,22.0,71.1,248.2
2020-01-19 20:00:00,22.0,61.4,248.6
2020-01-19 20:15:00,22.0,69.8,248.5
2020-01-19 20:30:00,22.0,64.9,248.9
2020-01-19 20:45:00,22.0,68.0,249.0
2020-01-19 21:00:00,22.0,65.8,249.5
2020-01-19 21:15:00,22.0,72.9,250.0
2020-01-19 21:30:00,22.0,68.6,250.7
2020-01-19 21:45:00,22.0,69.0,250.9
2020-01-19 22:00:00,21.0,59.9,251.6
2020-01-19 22:15:00,21.0,62.1,251.8
2020-01-19 22:30:00,21.0,65.2,252.2
2020-01-19 22:45:00,21.0,59.7,252.5
2020-01-19 23:00:00,21.0,55.4,253.3
2020-01-19 23:15:00,21.0,55.0,253.3
2020-01-19 23:30:00,20.0,61.8,253.4
2020-01-19 23:45:00,20.0,52.6,253.8
2020-01-20 00:00:00,20.0,44.6,253.5
2020-01-20 00:15:00,20.0,44.0,253.8
2020-01-20 00:30:00,20.0,40.3,254.2
2020-01-20 00:45:00,20.0,38.0,254.6
2020-01-20 01:00:00,20.0,36.6,254.9
2020-01-20 01:15:00,20.0,38.6,254.6
2020-01-20 01:30:00,19.0,35.4,254.8
2020-01-20 01:45:00,19.0,33.5,255.2
2020-01-20 02:00:00,19.0,45.5,254.9
2020-01-20 02:15:00,19.0,35.8,255.2
2020-01-20 02:30:00,19.0,35.7,255.0
2020-01-20 02:45:00,19.0,34.7,255.1
2020-01-20 03:00:00,19.0,34.3,255.3
2020-01-20 03:15:00,19.0,31.1,255.4
2020-01-20 03:30:00,19.0,30.3,255.6
2020-01-20 03:45:00,19.0,31.1,255.2
2020-01-20 04:00:00,19.0,33.2,255.4
2020-01-20 04:15:00,18.0,31.6,255.4
2020-01-20 04:30:00,18.0,30.0,255.3
2020-01-20 04:45:00,18.0,29.8,255.2
2020-01-20 05:00:00,18.0,30.4,255.0
2020-01-20 05:15:00,18.0,30.2,255.0
2020-01-20 05:30:00,18.0,35.0,254.6
2020-01-20 05:45:00,18.0,31.0,254.7
2020-01-20 06:00:00,18.0,31.1,254.7
2020-01-20 06:15:00,18.0,30.2,254.4
2020-01-20 06:30:00,18.0,44.1,253.6
2020-01-20 06:45:00,18.0,37.5,252.4
2020-01-20 07:00:00,18.0,40.9,251.4
2020-01-20 07:15:00,19.0,35.5,250.6
2020-01-20 07:30:00,19.0,33.6,249.7
2020-01-20 07:45:00,19.0,59.4,248.5
2020-01-20 08:00:00,19.0,43.2,247.7
2020-01-20 08:15:00,19.0,39.8,247.4
2020-01-20 08:30:00,19.0,37.8,247.2
2020-01-20 08:45:00,20.0,35.6,247.4
2020-01-20 09:00:00,20.0,50.4,246.8
2020-01-20 09:15:00,21.0,50.3,247.1
2020-01-20 09:30:00,21.0,53.6,246.7
2020-01-20 09:45:00,21.0,72.2,246.6
2020-01-20 10:00:00,21.0,69.7,247.0
2020-01-20 10:15:00,22.0,72.7,246.9
2020-01-20 10:30:00,22.0,79.2,246.9
2020-01-20 10:45:00,22.0,76.0,247.5
2020-01-20 11:00:00,23.0,68.2,247.4
2020-01-20 11:15:00,23.0,72.1,247.8
2020-01-20 11:30:00,24.0,56.0,247.8
2020-01-20 11:45:00,23.0,57.4,247.5
2020-01-20 12:00:00,25.0,72.2,247.0
2020-01-20 12:15:00,26.0,75.8,246.6
2020-01-20 12:30:00,27.0,81.8,246.3
2020-01-20 12:45:00,28.0,77.8,246.3
2020-01-20 13:00:00,28.0,100.2,246.3
2020-01-20 13:15:00,28.0,89.7,246.3
2020-01-20 13:30:00,27.0,67.8,246.3
2020-01-20 13:45:00,27.0,85.5,246.0
2020-01-20 14:00:00,27.0,91.0,245.8
2020-01-20 14:15:00,27.0,91.1,246.3
2020-01-20 14:30:00,27.0,69.1,246.6
2020-01-20 14:45:00,27.0,77.5,246.4
2020-01-20 15:00:00,27.0,76.2,246.2
2020-01-20 15:15:00,27.0,76.5,246.1
2020-01-20 15:30:00,25.0,74.9,246.2
2020-01-20 15:45:00,24.5,70.75,246.25
2020-01-20 16:00:00,24.0,68.5,246.5
2020-01-20 16:15:00,24.0,78.3,246.0
2020-01-20 16:30:00,24.0,70.1,246.2
2020-01-20 16:45:00,23.0,80.9,246.2
2020-01-20 17:00:00,23.0,92.8,245.6
2020-01-20 17:15:00,22.0,88.4,245.4
2020-01-20 17:30:00,22.0,106.1,244.1
2020-01-20 17:45:00,22.0,125.3,243.6
2020-01-20 18:00:00,21.0,107.5,243.9
2020-01-20 18:15:00,21.0,114.6,244.1
2020-01-20 18:30:00,21.0,109.9,244.5
2020-01-20 18:45:00,21.0,112.8,245.1
2020-01-20 19:00:00,21.0,101.4,246.0
2020-01-20 19:15:00,21.0,113.6,246.1
2020-01-20 19:30:00,20.0,103.9,246.3
2020-01-20 19:45:00,20.0,105.9,246.7
2020-01-20 20:00:00,20.0,105.6,246.9
2020-01-20 20:15:00,20.0,108.2,247.3
2020-01-20 20:30:00,20.0,102.4,247.7
2020-01-20 20:45:00,20.0,94.0,248.0
2020-01-20 21:00:00,20.0,89.5,248.7
2020-01-20 21:15:00,19.0,82.8,249.3
2020-01-20 21:30:00,19.0,80.2,250.2
2020-01-20 21:45:00,19.0,75.7,251.0
2020-01-20 22:00:00,19.0,63.1,252.2
2020-01-20 22:15:00,19.0,60.3,253.4
2020-01-20 22:30:00,19.0,60.1,253.8
2020-01-20 22:45:00,18.0,54.3,254.2
2020-01-20 23:00:00,18.0,58.3,254.0
2020-01-20 23:15:00,18.0,61.3,254.2
2020-01-20 23:30:00,17.0,52.5,254.8
2020-01-20 23:45:00,17.0,49.9,254.9
2020-01-21 00:00:00,17.0,47.8,255.3
2020-01-21 00:15:00,17.0,46.0,256.0
2020-01-21 00:30:00,17.0,41.5,255.9
2020-01-21 00:45:00,17.0,42.4,256.0
2020-01-21 01:00:00,17.0,42.7,256.2
2020-01-21 01:15:00,16.0,49.2,256.3
2020-01-21 01:30:00,16.0,35.0,256.7
2020-01-21 01:45:00,16.0,38.1,256.9
2020-01-21 02:00:00,16.0,34.2,256.8
2020-01-21 02:15:00,16.0,38.1,257.1
2020-01-21 02:30:00,16.0,38.7,256.6
2020-01-21 02:45:00,16.0,33.6,256.9
2020-01-21 03:00:00,16.0,35.5,257.0
2020-01-21 03:15:00,16.0,33.5,257.1
2020-01-21 03:30:00,16.0,31.9,256.7
2020-01-21 03:45:00,15.0,30.5,256.9
2020-01-21 04:00:00,15.0,30.2,257.2
2020-01-21 04:15:00,15.0,28.4,257.1
2020-01-21 04:30:00,15.0,31.5,256.9
2020-01-21 04:45:00,14.0,30.1,257.0
2020-01-21 05:00:00,14.0,29.2,257.0
2020-01-21 05:15:00,14.0,31.0,256.5
2020-01-21 05:30:00,14.0,28.7,256.3
2020-01-21 05:45:00,14.0,29.6,256.6
2020-01-21 06:00:00,13.0,31.3,256.3
2020-01-21 06:15:00,14.0,37.2,255.8
2020-01-21 06:30:00,14.0,41.9,255.0
2020-01-21 06:45:00,14.0,44.8,254.2
2020-01-21 07:00:00,14.0,40.0,253.1
2020-01-21 07:15:00,14.0,45.9,252.2
2020-01-21 07:30:00,14.0,42.7,250.7
2020-01-21 07:45:00,15.0,51.9,249.6
2020-01-21 08:00:00,15.0,33.5,249.6
2020-01-21 08:15:00,16.0,43.8,249.2
2020-01-21 08:30:00,17.0,48.8,247.9
2020-01-21 08:45:00,18.0,42.3,247.6
2020-01-21 09:00:00,19.0,61.5,247.1
2020-01-21 09:15:00,19.0,55.7,246.4
2020-01-21 09:30:00,20.0,66.2,247.1
2020-01-21 09:45:00,20.0,44.7,247.1
2020-01-21 10:00:00,21.0,59.1,247.1
2020-01-21 10:15:00,21.0,49.4,247.1
2020-01-21 10:30:00,21.0,52.9,246.8
2020-01-21 10:45:00,22.0,55.1,246.9
2020-01-21 11:00:00,22.0,66.9,246.5
2020-01-21 11:15:00,23.0,67.6,246.8
2020-01-21 11:30:00,23.0,73.4,246.5
2020-01-21 11:45:00,23.0,66.3,247.0
2020-01-21 12:00:00,23.0,62.5,246.6
2020-01-21 12:15:00,25.0,78.0,246.5
2020-01-21 12:30:00,28.0,87.9,246.1
2020-01-21 12:45:00,30.0,66.1,246.9
2020-01-21 13:00:00,32.0,68.0,246.2
2020-01-21 13:15:00,33.0,91.8,245.9
2020-01-21 13:30:00,30.0,75.5,245.7
2020-01-21 13:45:00,28.0,110.0,244.8
2020-01-21 14:00:00,31.0,72.5,245.9
2020-01-21 14:15:00,29.0,93.5,246.0
2020-01-21 14:30:00,29.0,87.6,246.0
2020-01-21 14:45:00,29.0,90.2,246.4
2020-01-21 15:00:00,29.0,87.6,246.5
2020-01-21 15:15:00,27.0,90.9,247.0
2020-01-21 15:30:00,26.0,76.6,246.6
2020-01-21 15:45:00,25.0,85.1,246.4
2020-01-21 16:00:00,24.0,83.7,246.4
2020-01-21 16:15:00,24.0,83.9,246.2
2020-01-21 16:30:00,23.0,73.9,246.5
2020-01-21 16:45:00,23.0,83.3,246.4
2020-01-21 17:00:00,22.0,80.6,246.2
2020-01-21 17:15:00,22.0,93.3,245.7
2020-01-21 17:30:00,22.0,98.9,244.4
2020-01-21 17:45:00,21.0,103.6,244.3
2020-01-21 18:00:00,21.0,103.0,244.2
2020-01-21 18:15:00,21.0,102.7,244.9
2020-01-21 18:30:00,20.0,122.3,243.8
2020-01-21 18:45:00,20.0,113.4,244.8
2020-01-21 19:00:00,20.0,100.3,245.8
2020-01-21 19:15:00,19.0,97.8,246.3
2020-01-21 19:30:00,19.0,100.6,246.5
2020-01-21 19:45:00,18.0,95.8,246.7
2020-01-21 20:00:00,18.0,108.2,246.6
2020-01-21 20:15:00,18.0,105.7,246.4
2020-01-21 20:30:00,18.0,93.2,247.8
2020-01-21 20:45:00,17.0,91.7,248.0
2020-01-21 21:00:00,17.0,103.0,247.2
2020-01-21 21:15:00,17.0,70.7,248.8
2020-01-21 21:30:00,17.0,68.3,249.6
2020-01-21 21:45:00,17.0,76.7,250.2
2020-01-21 22:00:00,17.0,62.7,251.3
2020-01-21 22:15:00,17.0,76.2,251.5
2020-01-21 22:30:00,16.0,76.2,251.1
2020-01-21 22:45:00,16.0,61.1,251.8
2020-01-21 23:00:00,16.0,56.6,252.4
2020-01-21 23:15:00,16.0,57.9,252.8
2020-01-21 23:30:00,16.0,50.3,253.3
2020-01-21 23:45:00,16.0,46.6,253.6
2020-01-22 00:00:00,16.0,45.2,253.9
2020-01-22 00:15:00,15.0,43.9,254.2
2020-01-22 00:30:00,15.0,39.0,253.9
2020-01-22 00:45:00,15.0,41.3,253.6
2020-01-22 01:00:00,15.0,39.2,253.7
2020-01-22 01:15:00,15.0,36.8,254.1
2020-01-22 01:30:00,15.0,45.3,254.0
2020-01-22 01:45:00,15.0,35.4,254.3
2020-01-22 02:00:00,15.0,37.0,254.4
2020-01-22 02:15:00,15.0,34.7,254.6
2020-01-22 02:30:00,15.0,38.4,254.5
2020-01-22 02:45:00,15.0,33.9,254.5
2020-01-22 03:00:00,15.0,31.2,254.7
2020-01-22 03:15:00,15.0,31.0,254.6
2020-01-22 03:30:00,15.0,31.6,254.5
2020-01-22 03:45:00,14.0,28.1,254.7
2020-01-22 04:00:00,15.0,31.0,254.8
2020-01-22 04:15:00,15.0,29.6,255.1
2020-01-22 04:30:00,14.0,29.1,254.9
2020-01-22 04:45:00,14.0,29.0,254.8
2020-01-22 05:00:00,14.0,29.1,254.8
2020-01-22 05:15:00,13.0,28.1,255.2
2020-01-22 05:30:00,13.0,29.3,254.8
2020-01-22 05:45:00,13.0,30.5,255.0
2020-01-22 06:00:00,13.0,29.5,254.3
2020-01-22 06:15:00,13.0,29.4,254.1
2020-01-22 06:30:00,12.0,39.6,253.1
2020-01-22 06:45:00,13.0,36.6,252.3
2020-01-22 07:00:00,13.0,29.7,251.3
2020-01-22 07:15:00,13.0,30.5,250.2
2020-01-22 07:30:00,14.0,34.1,249.0
2020-01-22 07:45:00,14.0,67.3,246.5
2020-01-22 08:00:00,15.0,61.7,247.2
2020-01-22 08:15:00,16.0,36.4,247.1
2020-01-22 08:30:00,17.0,37.2,247.0
2020-01-22 08:45:00,18.0,40.5,247.4
2020-01-22 09:00:00,19.0,50.9,246.9
2020-01-22 09:15:00,19.0,64.5,246.9
2020-01-22 09:30:00,19.0,61.1,248.1
2020-01-22 09:45:00,20.0,54.7,248.3
2020-01-22 10:00:00,20.0,58.9,248.5
2020-01-22 10:15:00,21.0,79.8,248.5
2020-01-22 10:30:00,21.0,76.5,248.4
2020-01-22 10:45:00,22.0,63.2,248.3
2020-01-22 11:00:00,22.0,83.2,247.3
2020-01-22 11:15:00,23.0,56.6,248.9
2020-01-22 11:30:00,24.0,53.9,249.1
2020-01-22 11:45:00,24.0,69.1,249.1
2020-01-22 12:00:00,25.0,84.9,248.4
2020-01-22 12:15:00,26.0,100.6,247.3
2020-01-22 12:30:00,29.0,95.4,247.4
2020-01-22 12:45:00,31.0,103.4,247.5
2020-01-22 13:00:00,31.0,78.2,248.5
2020-01-22 13:15:00,33.0,73.0,249.0
2020-01-22 13:30:00,32.0,75.6,247.3
2020-01-22 13:45:00,28.0,83.7,247.9
2020-01-22 14:00:00,32.0,76.4,247.85
2020-01-22 14:15:00,30.0,70.5,247.8
2020-01-22 14:30:00,29.0,81.4,247.6
2020-01-22 14:45:00,30.0,76.0,248.1
2020-01-22 15:00:00,29.0,75.1,247.8
2020-01-22 15:15:00,27.0,95.6,247.6
2020-01-22 15:30:00,26.0,92.69999999999999,247.8
2020-01-22 15:45:00,25.0,77.9,248.2
2020-01-22 16:00:00,24.0,69.7,248.0
2020-01-22 16:15:00,24.0,83.6,247.7
2020-01-22 16:30:00,23.0,79.1,247.6
2020-01-22 16:45:00,23.0,73.2,247.9
2020-01-22 17:00:00,22.0,96.6,246.3
2020-01-22 17:15:00,21.0,90.3,246.3
2020-01-22 17:30:00,21.0,102.3,245.1
2020-01-22 17:45:00,20.0,105.2,244.0
2020-01-22 18:00:00,20.0,109.2,243.7
2020-01-22 18:15:00,19.0,116.1,243.9
2020-01-22 18:30:00,19.0,104.8,244.2
2020-01-22 18:45:00,19.0,115.5,244.1
2020-01-22 19:00:00,19.0,110.5,245.4
2020-01-22 19:15:00,19.0,104.1,245.7
2020-01-22 19:30:00,18.0,102.2,245.6
2020-01-22 19:45:00,18.0,105.2,246.1
2020-01-22 20:00:00,18.0,121.5,246.1
2020-01-22 20:15:00,17.0,98.3,247.3
2020-01-22 20:30:00,17.0,95.4,247.3
2020-01-22 20:45:00,17.0,101.7,247.2
2020-01-22 21:00:00,17.0,102.0,247.8
2020-01-22 21:15:00,17.0,97.3,248.2
2020-01-22 21:30:00,16.0,87.1,249.0
2020-01-22 21:45:00,16.0,70.7,250.5
2020-01-22 22:00:00,16.0,69.3,251.2
2020-01-22 22:15:00,16.0,79.9,251.4
2020-01-22 22:30:00,16.0,57.8,251.9
2020-01-22 22:45:00,16.0,58.3,252.3
2020-01-22 23:00:00,16.0,58.0,252.5
2020-01-22 23:15:00,15.0,73.5,252.9
2020-01-22 23:30:00,15.0,52.2,253.4
2020-01-22 23:45:00,15.0,56.4,253.6
2020-01-23 00:00:00,15.0,54.8,254.2
2020-01-23 00:15:00,15.0,51.5,254.8
2020-01-23 00:30:00,15.0,47.8,254.7
2020-01-23 00:45:00,15.0,46.7,255.2
2020-01-23 01:00:00,15.0,45.1,255.2
2020-01-23 01:15:00,15.0,43.3,255.6
2020-01-23 01:30:00,14.0,43.8,255.4
2020-01-23 01:45:00,14.0,42.1,255.3
2020-01-23 02:00:00,14.0,42.7,255.6
2020-01-23 02:15:00,14.0,41.4,256.0
2020-01-23 02:30:00,14.0,42.1,255.8
2020-01-23 02:45:00,14.0,40.3,256.0
2020-01-23 03:00:00,13.0,41.2,256.2
2020-01-23 03:15:00,13.0,39.8,256.3
2020-01-23 03:30:00,13.0,39.6,256.4
2020-01-23 03:45:00,13.0,38.2,256.5
2020-01-23 04:00:00,13.0,35.6,256.8
2020-01-23 04:15:00,13.0,35.0,256.5
2020-01-23 04:30:00,13.0,36.4,256.1
2020-01-23 04:45:00,13.0,38.2,256.1
2020-01-23 05:00:00,13.0,35.8,256.4
2020-01-23 05:15:00,13.0,36.3,256.1
2020-01-23 05:30:00,13.0,38.3,255.6
2020-01-23 05:45:00,13.0,39.0,254.8
2020-01-23 06:00:00,13.0,38.8,254.1
2020-01-23 06:15:00,13.0,39.3,254.4
2020-01-23 06:30:00,13.0,38.9,253.3
2020-01-23 06:45:00,13.0,37.8,252.8
2020-01-23 07:00:00,13.0,41.4,251.3
2020-01-23 07:15:00,14.0,52.6,250.2
2020-01-23 07:30:00,14.0,58.5,248.4
2020-01-23 07:45:00,15.0,49.2,248.2
2020-01-23 08:00:00,15.0,34.1,247.3
2020-01-23 08:15:00,16.0,32.5,247.0
2020-01-23 08:30:00,17.0,35.7,248.0
2020-01-23 08:45:00,18.0,45.6,248.0
2020-01-23 09:00:00,18.0,58.0,247.2
2020-01-23 09:15:00,19.0,42.3,249.2
2020-01-23 09:30:00,20.0,61.1,248.5
2020-01-23 09:45:00,21.0,68.3,248.4
2020-01-23 10:00:00,21.0,59.2,248.9
2020-01-23 10:15:00,22.0,42.0,249.2
2020-01-23 10:30:00,22.0,62.9,248.7
2020-01-23 10:45:00,24.0,72.4,248.5
2020-01-23 11:00:00,24.0,69.4,249.1
2020-01-23 11:15:00,24.0,83.6,248.9
2020-01-23 11:30:00,24.0,93.6,248.6
2020-01-23 11:45:00,24.0,78.5,248.4
2020-01-23 12:00:00,24.0,67.0,248.0
2020-01-23 12:15:00,24.5,82.75,247.6
2020-01-23 12:30:00,25.0,98.5,247.2
2020-01-23 12:45:00,26.0,90.2,247.8
2020-01-23 13:00:00,27.0,109.6,246.8
2020-01-23 13:15:00,28.0,79.5,247.6
2020-01-23 13:30:00,27.0,88.3,247.5
2020-01-23 13:45:00,27.0,81.7,248.0
2020-01-23 14:00:00,27.0,81.5,248.0
2020-01-23 14:15:00,27.0,76.9,248.6
2020-01-23 14:30:00,27.0,88.6,247.7
2020-01-23 14:45:00,27.0,85.3,247.9
2020-01-23 15:00:00,26.0,93.6,247.8
2020-01-23 15:15:00,25.0,98.1,248.2
2020-01-23 15:30:00,25.0,82.8,248.3
2020-01-23 15:45:00,24.0,91.3,248.3
2020-01-23 16:00:00,24.0,79.5,248.7
2020-01-23 16:15:00,23.0,78.3,248.5
2020-01-23 16:30:00,23.0,90.8,247.1
2020-01-23 16:45:00,22.0,93.5,248.3
2020-01-23 17:00:00,22.0,96.4,248.0
2020-01-23 17:15:00,21.0,99.7,247.6
2020-01-23 17:30:00,21.0,127.2,244.0
2020-01-23 17:45:00,20.0,114.5,243.2
2020-01-23 18:00:00,20.0,115.3,242.0
2020-01-23 18:15:00,20.0,109.1,242.9
2020-01-23 18:30:00,20.0,111.5,243.3
2020-01-23 18:45:00,19.0,106.7,243.8
2020-01-23 19:00:00,19.0,115.8,243.4
2020-01-23 19:15:00,19.0,114.4,243.8
2020-01-23 19:30:00,19.0,105.0,244.3
2020-01-23 19:45:00,19.0,123.1,243.0
2020-01-23 20:00:00,18.0,107.2,243.8
2020-01-23 20:15:00,18.0,107.8,244.3
2020-01-23 20:30:00,18.0,105.3,244.9
2020-01-23 20:45:00,18.0,101.9,245.2
2020-01-23 21:00:00,17.0,98.2,245.9
2020-01-23 21:15:00,17.0,85.0,248.6
2020-01-23 21:30:00,17.0,90.2,247.9
2020-01-23 21:45:00,17.0,77.7,248.7
2020-01-23 22:00:00,17.0,65.1,250.6
2020-01-23 22:15:00,17.0,71.0,251.0
2020-01-23 22:30:00,16.0,71.5,251.5
2020-01-23 22:45:00,17.0,64.4,252.4
2020-01-23 23:00:00,17.0,66.0,252.6
2020-01-23 23:15:00,16.0,61.3,253.9
2020-01-23 23:30:00,17.0,55.9,254.4
2020-01-23 23:45:00,16.0,54.3,254.7
2020-01-24 00:00:00,16.0,49.6,255.4
2020-01-24 00:15:00,16.0,65.1,255.5
2020-01-24 00:30:00,16.0,49.7,256.0
2020-01-24 00:45:00,15.0,48.2,256.1
2020-01-24 01:00:00,15.0,47.5,256.3
2020-01-24 01:15:00,15.0,44.7,256.8
2020-01-24 01:30:00,15.0,44.0,257.1
2020-01-24 01:45:00,14.0,43.5,257.1
2020-01-24 02:00:00,14.0,43.9,257.2
2020-01-24 02:15:00,14.0,41.9,257.9
2020-01-24 02:30:00,14.0,42.5,257.6
2020-01-24 02:45:00,14.0,39.5,257.5
2020-01-24 03:00:00,14.0,40.7,257.7
2020-01-24 03:15:00,14.0,40.1,257.6
2020-01-24 03:30:00,14.0,40.4,257.5
2020-01-24 03:45:00,14.0,39.2,257.8
2020-01-24 04:00:00,14.0,37.7,257.8
2020-01-24 04:15:00,14.0,37.8,257.9
2020-01-24 04:30:00,14.0,37.8,257.3
2020-01-24 04:45:00,14.0,37.2,257.5
2020-01-24 05:00:00,14.0,34.5,257.7
2020-01-24 05:15:00,14.0,35.1,257.6
2020-01-24 05:30:00,13.0,39.1,257.1
2020-01-24 05:45:00,13.0,40.4,256.9
2020-01-24 06:00:00,13.0,39.8,256.7
2020-01-24 06:15:00,13.0,47.6,255.0
2020-01-24 06:30:00,13.0,55.9,253.7
2020-01-24 06:45:00,13.0,47.1,253.0
2020-01-24 07:00:00,13.0,37.6,251.9
2020-01-24 07:15:00,13.0,31.6,252.3
2020-01-24 07:30:00,14.0,37.1,249.7
2020-01-24 07:45:00,14.0,45.5,248.5
2020-01-24 08:00:00,15.0,47.5,248.3
2020-01-24 08:15:00,15.0,48.8,247.9
2020-01-24 08:30:00,16.0,65.5,247.0
2020-01-24 08:45:00,17.0,49.4,249.3
2020-01-24 09:00:00,17.0,50.5,248.7
2020-01-24 09:15:00,18.0,48.2,248.7
2020-01-24 09:30:00,19.0,60.8,248.0
2020-01-24 09:45:00,19.0,77.1,248.2
2020-01-24 10:00:00,20.0,56.2,247.8
2020-01-24 10:15:00,21.0,68.7,247.7
2020-01-24 10:30:00,21.0,73.9,247.2
2020-01-24 10:45:00,22.0,51.0,247.8
2020-01-24 11:00:00,22.0,51.0,247.2
2020-01-24 11:15:00,23.0,85.1,246.0
2020-01-24 11:30:00,24.0,74.3,246.0
2020-01-24 11:45:00,24.0,82.1,245.8
2020-01-24 12:00:00,25.0,72.5,246.0
2020-01-24 12:15:00,26.0,79.0,246.9
2020-01-24 12:30:00,28.0,101.3,245.1
2020-01-24 12:45:00,29.0,110.6,245.7
2020-01-24 13:00:00,30.0,81.3,245.9
2020-01-24 13:15:00,31.0,90.7,246.1
2020-01-24 13:30:00,31.0,79.5,245.9
2020-01-24 13:45:00,27.0,90.5,245.7
2020-01-24 14:00:00,28.0,92.7,245.9
2020-01-24 14:15:00,27.0,97.1,246.3
2020-01-24 14:30:00,28.0,98.0,246.3
2020-01-24 14:45:00,28.0,77.8,246.4
2020-01-24 15:00:00,26.0,84.5,245.9
2020-01-24 15:15:00,25.0,81.7,246.3
2020-01-24 15:30:00,24.0,81.4,246.0
2020-01-24 15:45:00,24.0,76.4,245.6
2020-01-24 16:00:00,23.0,82.8,245.5
2020-01-24 16:15:00,23.0,81.1,245.6
2020-01-24 16:30:00,22.0,79.2,245.8
2020-01-24 16:45:00,22.0,84.7,245.3
2020-01-24 17:00:00,22.0,98.1,244.7
2020-01-24 17:15:00,22.0,91.0,246.0
2020-01-24 17:30:00,21.0,110.0,244.5
2020-01-24 17:45:00,21.0,107.6,243.8
2020-01-24 18:00:00,21.0,97.3,243.5
2020-01-24 18:15:00,20.0,113.5,243.7
2020-01-24 18:30:00,20.0,109.5,244.3
2020-01-24 18:45:00,20.0,117.8,244.5
2020-01-24 19:00:00,21.0,118.0,244.7
2020-01-24 19:15:00,21.0,106.6,244.8
2020-01-24 19:30:00,21.0,116.1,244.8
2020-01-24 19:45:00,20.0,107.4,246.2
2020-01-24 20:00:00,20.0,100.1,246.6
2020-01-24 20:15:00,20.0,94.6,247.0
2020-01-24 20:30:00,20.0,110.4,245.7
2020-01-24 20:45:00,19.0,97.5,246.5
2020-01-24 21:00:00,19.0,91.4,248.3
2020-01-24 21:15:00,19.0,83.5,248.7
2020-01-24 21:30:00,19.0,80.3,249.6
2020-01-24 21:45:00,19.0,71.6,250.7
2020-01-24 22:00:00,18.0,66.2,251.1
2020-01-24 22:15:00,19.0,70.2,251.8
2020-01-24 22:30:00,19.0,75.8,251.5
2020-01-24 22:45:00,18.0,64.0,253.2
2020-01-24 23:00:00,17.0,71.5,253.6
2020-01-24 23:15:00,17.0,67.0,254.3
2020-01-24 23:30:00,17.0,68.5,254.3
2020-01-24 23:45:00,17.0,57.7,255.1
2020-01-25 00:00:00,17.0,52.8,255.7
2020-01-25 00:15:00,16.0,57.5,255.8
2020-01-25 00:30:00,16.0,45.4,256.0
2020-01-25 00:45:00,16.0,46.8,255.9
2020-01-25 01:00:00,16.0,47.2,256.4
2020-01-25 01:15:00,16.0,44.5,256.7
2020-01-25 01:30:00,16.0,42.7,256.8
2020-01-25 01:45:00,15.0,55.1,256.6
2020-01-25 02:00:00,15.0,41.2,256.9
2020-01-25 02:15:00,15.0,40.6,257.4
2020-01-25 02:30:00,15.0,41.3,257.1
2020-01-25 02:45:00,15.0,39.9,257.4
2020-01-25 03:00:00,15.0,41.4,256.9
2020-01-25 03:15:00,15.0,37.7,257.3
2020-01-25 03:30:00,15.0,37.2,257.4
2020-01-25 03:45:00,15.0,36.1,257.4
2020-01-25 04:00:00,15.0,36.5,257.4
2020-01-25 04:15:00,15.0,36.8,257.5
2020-01-25 04:30:00,15.0,37.4,256.9
2020-01-25 04:45:00,15.0,35.2,257.5
2020-01-25 05:00:00,15.0,36.4,257.4
2020-01-25 05:15:00,15.0,36.3,257.2
2020-01-25 05:30:00,15.0,44.7,257.0
2020-01-25 05:45:00,14.0,52.2,256.3
2020-01-25 06:00:00,14.0,47.2,255.2
2020-01-25 06:15:00,14.0,37.3,255.4
2020-01-25 06:30:00,14.0,39.8,254.7
2020-01-25 06:45:00,14.0,41.8,253.5
2020-01-25 07:00:00,14.0,37.1,252.9
2020-01-25 07:15:00,15.0,43.1,252.0
2020-01-25 07:30:00,15.0,49.0,251.3
2020-01-25 07:45:00,15.0,56.2,248.3
2020-01-25 08:00:00,16.0,66.8,247.8
2020-01-25 08:15:00,16.0,48.8,247.3
2020-01-25 08:30:00,17.0,59.3,246.3
2020-01-25 08:45:00,17.0,46.5,246.5
2020-01-25 09:00:00,18.0,48.2,248.0
2020-01-25 09:15:00,19.0,61.6,247.7
2020-01-25 09:30:00,19.0,72.8,246.7
2020-01-25 09:45:00,20.0,61.5,248.1
2020-01-25 10:00:00,21.0,61.9,247.5
2020-01-25 10:15:00,21.0,54.8,248.5
2020-01-25 10:30:00,22.0,75.3,246.6
2020-01-25 10:45:00,22.0,66.2,247.1
2020-01-25 11:00:00,23.0,71.1,246.0
2020-01-25 11:15:00,23.0,68.5,245.6
2020-01-25 11:30:00,24.0,81.3,244.5
2020-01-25 11:45:00,25.0,90.3,245.6
2020-01-25 12:00:00,25.0,77.9,246.9
2020-01-25 12:15:00,25.0,95.7,246.8
2020-01-25 12:30:00,27.0,81.1,246.1
2020-01-25 12:45:00,28.0,84.7,244.3
2020-01-25 13:00:00,29.0,87.0,244.6
2020-01-25 13:15:00,30.0,84.3,244.4
2020-01-25 13:30:00,29.0,86.4,245.9
2020-01-25 13:45:00,27.0,95.7,246.8
2020-01-25 14:00:00,28.0,73.2,246.8
2020-01-25 14:15:00,27.0,71.4,247.8
2020-01-25 14:30:00,27.0,82.5,247.4
2020-01-25 14:45:00,27.0,78.0,247.1
2020-01-25 15:00:00,26.0,90.2,245.9
2020-01-25 15:15:00,26.0,72.4,246.5
2020-01-25 15:30:00,26.0,79.8,245.3
2020-01-25 15:45:00,24.0,80.1,246.3
2020-01-25 16:00:00,24.0,81.2,248.2
2020-01-25 16:15:00,23.0,92.4,247.8
2020-01-25 16:30:00,23.0,78.5,246.5
2020-01-25 16:45:00,22.0,79.8,246.3
2020-01-25 17:00:00,22.0,79.9,246.4
2020-01-25 17:15:00,21.0,92.3,245.5
2020-01-25 17:30:00,21.0,100.8,244.6
2020-01-25 17:45:00,21.0,116.0,243.8
2020-01-25 18:00:00,21.0,104.4,245.4
2020-01-25 18:15:00,20.0,114.9,245.8
2020-01-25 18:30:00,20.0,112.0,244.9
2020-01-25 18:45:00,20.0,114.4,245.4
2020-01-25 19:00:00,19.0,105.7,246.2
2020-01-25 19:15:00,19.0,104.1,246.7
2020-01-25 19:30:00,18.0,112.5,246.8
2020-01-25 19:45:00,18.0,103.9,247.1
2020-01-25 20:00:00,18.0,102.6,247.7
2020-01-25 20:15:00,18.0,100.7,248.4
2020-01-25 20:30:00,18.0,101.8,248.7
2020-01-25 20:45:00,17.0,87.5,249.1
2020-01-25 21:00:00,17.0,73.5,249.7
2020-01-25 21:15:00,17.0,71.6,249.9
2020-01-25 21:30:00,17.0,68.5,250.7
2020-01-25 21:45:00,17.0,74.1,249.6
2020-01-25 22:00:00,17.0,74.2,250.5
2020-01-25 22:15:00,17.0,76.8,250.3
2020-01-25 22:30:00,17.0,86.0,250.0
2020-01-25 22:45:00,17.0,69.2,251.3
2020-01-25 23:00:00,17.0,65.8,251.7
2020-01-25 23:15:00,16.0,61.6,252.7
2020-01-25 23:30:00,16.0,65.2,252.7
2020-01-25 23:45:00,16.0,58.4,253.5
2020-01-26 00:00:00,16.0,53.6,253.6
2020-01-26 00:15:00,16.0,51.0,254.3
2020-01-26 00:30:00,15.0,49.3,254.4
2020-01-26 00:45:00,15.0,45.9,254.8
2020-01-26 01:00:00,15.0,44.8,254.9
2020-01-26 01:15:00,15.0,42.7,255.3
2020-01-26 01:30:00,15.0,40.4,255.0
2020-01-26 01:45:00,15.0,38.8,255.3
2020-01-26 02:00:00,15.0,39.2,255.3
2020-01-26 02:15:00,14.0,42.2,255.4
2020-01-26 02:30:00,14.0,38.4,255.4
2020-01-26 02:45:00,14.0,39.2,255.6
2020-01-26 03:00:00,14.0,37.9,255.7
2020-01-26 03:15:00,14.0,40.2,255.8
2020-01-26 03:30:00,14.0,36.8,255.4
2020-01-26 03:45:00,14.0,35.9,255.8
2020-01-26 04:00:00,14.0,34.2,255.6
2020-01-26 04:15:00,14.0,34.1,255.8
2020-01-26 04:30:00,14.0,34.4,255.4
2020-01-26 04:45:00,14.0,33.7,255.7
2020-01-26 05:00:00,13.0,35.4,255.7
2020-01-26 05:15:00,13.0,34.1,255.6
2020-01-26 05:30:00,13.0,35.0,255.2
2020-01-26 05:45:00,13.0,38.2,254.8
2020-01-26 06:00:00,13.0,62.4,253.1
2020-01-26 06:15:00,13.0,58.4,252.7
2020-01-26 06:30:00,13.0,58.2,252.5
2020-01-26 06:45:00,13.0,36.9,251.9
2020-01-26 07:00:00,13.0,39.1,251.0
2020-01-26 07:15:00,13.0,51.1,249.9
2020-01-26 07:30:00,14.0,48.6,249.2
2020-01-26 07:45:00,14.0,54.9,247.9
2020-01-26 08:00:00,15.0,59.6,248.1
2020-01-26 08:15:00,15.0,42.6,248.2
2020-01-26 08:30:00,16.0,40.7,247.9
2020-01-26 08:45:00,17.0,46.5,249.4
2020-01-26 09:00:00,18.0,44.1,249.6
2020-01-26 09:15:00,18.0,52.8,248.9
2020-01-26 09:30:00,19.0,44.4,249.8
2020-01-26 09:45:00,19.0,81.0,249.0
2020-01-26 10:00:00,20.0,79.4,248.4
2020-01-26 10:15:00,21.0,62.0,249.1
2020-01-26 10:30:00,21.0,41.4,249.2
2020-01-26 10:45:00,22.0,42.0,249.4
2020-01-26 11:00:00,22.0,71.0,250.0
2020-01-26 11:15:00,22.0,59.0,249.1
2020-01-26 11:30:00,23.0,59.9,248.4
2020-01-26 11:45:00,24.0,44.7,249.0
2020-01-26 12:00:00,24.0,62.4,249.7
2020-01-26 12:15:00,25.0,61.25,249.39999999999998
2020-01-26 12:30:00,26.0,60.1,249.1
2020-01-26 12:45:00,27.0,63.4,247.7
2020-01-26 13:00:00,27.0,62.9,248.4
2020-01-26 13:15:00,27.0,52.1,248.7
2020-01-26 13:30:00,27.0,68.7,248.9
2020-01-26 13:45:00,25.0,58.3,248.9
2020-01-26 14:00:00,27.0,63.5,248.8
2020-01-26 14:15:00,25.0,73.8,248.7
2020-01-26 14:30:00,26.0,54.2,249.8
2020-01-26 14:45:00,26.0,56.1,248.4
2020-01-26 15:00:00,25.0,51.2,250.5
2020-01-26 15:15:00,25.0,59.2,250.3
2020-01-26 15:30:00,25.0,52.0,250.5
2020-01-26 15:45:00,24.0,56.1,250.5
2020-01-26 16:00:00,24.0,58.7,250.4
2020-01-26 16:15:00,23.0,51.6,250.7
2020-01-26 16:30:00,23.0,61.5,250.3
2020-01-26 16:45:00,22.0,60.6,250.5
2020-01-26 17:00:00,22.0,68.5,249.7
2020-01-26 17:15:00,21.0,59.8,249.8
2020-01-26 17:30:00,21.0,65.7,249.2
2020-01-26 17:45:00,20.0,70.7,247.2
2020-01-26 18:00:00,20.0,70.1,247.1
2020-01-26 18:15:00,20.0,69.0,247.4
2020-01-26 18:30:00,19.0,73.0,247.2
2020-01-26 18:45:00,19.0,74.9,247.5
2020-01-26 19:00:00,19.0,78.4,247.9
2020-01-26 19:15:00,19.0,72.3,247.7
2020-01-26 19:30:00,18.0,72.9,248.0
2020-01-26 19:45:00,18.0,70.2,248.3
2020-01-26 20:00:00,18.0,71.0,248.5
2020-01-26 20:15:00,18.0,71.8,249.2
2020-01-26 20:30:00,18.0,70.9,249.3
2020-01-26 20:45:00,17.0,65.6,250.2
2020-01-26 21:00:00,17.0,61.7,250.7
2020-01-26 21:15:00,17.0,62.1,249.9
2020-01-26 21:30:00,17.0,71.5,250.6
2020-01-26 21:45:00,17.0,66.8,250.2
2020-01-26 22:00:00,17.0,80.6,250.0
2020-01-26 22:15:00,16.0,68.7,251.5
2020-01-26 22:30:00,16.0,67.7,251.7
2020-01-26 22:45:00,16.0,60.8,252.7
2020-01-26 23:00:00,16.0,58.8,253.1
2020-01-26 23:15:00,16.0,54.2,253.0
2020-01-26 23:30:00,15.0,60.2,253.5
2020-01-26 23:45:00,15.0,46.5,254.2
2020-01-27 00:00:00,15.0,40.5,254.9
2020-01-27 00:15:00,15.0,40.5,255.0
2020-01-27 00:30:00,15.0,39.5,255.4
2020-01-27 00:45:00,15.0,39.4,255.6
2020-01-27 01:00:00,15.0,34.7,255.6
2020-01-27 01:15:00,15.0,33.9,256.2
2020-01-27 01:30:00,14.0,37.1,255.6
2020-01-27 01:45:00,14.0,33.0,256.2
2020-01-27 02:00:00,14.0,33.0,256.0
2020-01-27 02:15:00,14.0,35.3,256.3
2020-01-27 02:30:00,14.0,33.5,256.2
2020-01-27 02:45:00,14.0,33.8,256.4
2020-01-27 03:00:00,14.0,35.7,256.3
2020-01-27 03:15:00,14.0,34.5,256.5
2020-01-27 03:30:00,14.0,33.4,256.5
2020-01-27 03:45:00,14.0,33.4,256.5
2020-01-27 04:00:00,14.0,31.0,256.6
2020-01-27 04:15:00,14.0,31.9,256.7
2020-01-27 04:30:00,13.0,32.0,256.1
2020-01-27 04:45:00,13.0,30.5,256.4
2020-01-27 05:00:00,13.0,30.7,256.3
2020-01-27 05:15:00,13.0,33.9,256.0
2020-01-27 05:30:00,13.0,41.2,255.7
2020-01-27 05:45:00,13.0,40.9,255.4
2020-01-27 06:00:00,13.0,41.4,255.1
2020-01-27 06:15:00,13.0,37.9,254.9
2020-01-27 06:30:00,13.0,37.7,253.7
2020-01-27 06:45:00,13.0,50.4,252.5
2020-01-27 07:00:00,13.0,42.2,251.7
2020-01-27 07:15:00,13.0,43.4,250.2
2020-01-27 07:30:00,13.0,42.9,249.9
2020-01-27 07:45:00,14.0,33.5,248.8
2020-01-27 08:00:00,14.0,35.4,249.9
2020-01-27 08:15:00,15.0,76.1,249.5
2020-01-27 08:30:00,16.0,53.6,248.9
2020-01-27 08:45:00,17.0,47.9,248.7
2020-01-27 09:00:00,17.0,41.1,248.7
2020-01-27 09:15:00,18.0,41.6,249.0
2020-01-27 09:30:00,19.0,64.0,248.4
2020-01-27 09:45:00,19.0,66.8,247.7
2020-01-27 10:00:00,20.0,81.3,247.9
2020-01-27 10:15:00,20.0,74.5,248.0
2020-01-27 10:30:00,21.0,69.2,248.3
2020-01-27 10:45:00,22.0,58.7,248.2
2020-01-27 11:00:00,22.0,77.5,248.1
2020-01-27 11:15:00,23.0,70.4,248.2
2020-01-27 11:30:00,23.0,69.1,248.2
2020-01-27 11:45:00,23.0,59.2,248.9
2020-01-27 12:00:00,24.0,78.5,248.4
2020-01-27 12:15:00,24.0,73.5,248.0
2020-01-27 12:30:00,26.0,90.1,247.6
2020-01-27 12:45:00,27.0,91.8,247.6
2020-01-27 13:00:00,28.0,91.6,248.1
2020-01-27 13:15:00,28.0,69.0,248.0
2020-01-27 13:30:00,27.0,83.7,247.2
2020-01-27 13:45:00,26.0,89.4,247.3
2020-01-27 14:00:00,28.0,79.7,247.5
2020-01-27 14:15:00,27.0,104.4,247.6
2020-01-27 14:30:00,27.0,94.8,247.7
2020-01-27 14:45:00,27.0,80.9,248.4
2020-01-27 15:00:00,25.0,75.9,247.9
2020-01-27 15:15:00,25.0,69.5,248.2
2020-01-27 15:30:00,25.0,69.1,248.0
2020-01-27 15:45:00,24.0,68.7,247.9
2020-01-27 16:00:00,23.0,65.5,248.5
2020-01-27 16:15:00,23.0,76.3,247.6
2020-01-27 16:30:00,22.0,72.6,247.6
2020-01-27 16:45:00,22.0,81.1,247.2
2020-01-27 17:00:00,21.0,75.4,247.7
2020-01-27 17:15:00,21.0,105.9,246.8
2020-01-27 17:30:00,20.0,107.5,246.1
2020-01-27 17:45:00,20.0,105.5,244.8
2020-01-27 18:00:00,20.0,100.1,244.9
2020-01-27 18:15:00,19.0,101.1,244.7
2020-01-27 18:30:00,19.0,100.8,244.5
2020-01-27 18:45:00,19.0,102.3,245.0
2020-01-27 19:00:00,19.0,105.6,245.3
2020-01-27 19:15:00,18.0,101.3,246.1
2020-01-27 19:30:00,18.0,109.4,246.2
2020-01-27 19:45:00,18.0,101.3,246.9
2020-01-27 20:00:00,18.0,101.0,247.1
2020-01-27 20:15:00,18.0,128.7,247.2
2020-01-27 20:30:00,18.0,99.2,247.5
2020-01-27 20:45:00,18.0,90.6,248.1
2020-01-27 21:00:00,17.0,82.9,248.9
2020-01-27 21:15:00,17.0,89.1,249.2
2020-01-27 21:30:00,17.0,91.3,249.8
2020-01-27 21:45:00,17.0,82.1,250.3
2020-01-27 22:00:00,17.0,83.4,251.3
2020-01-27 22:15:00,17.0,64.4,252.5
2020-01-27 22:30:00,16.0,69.0,252.8
2020-01-27 22:45:00,16.0,63.5,253.2
2020-01-27 23:00:00,16.0,52.4,253.6
2020-01-27 23:15:00,16.0,59.5,253.7
2020-01-27 23:30:00,16.0,60.4,254.8
2020-01-27 23:45:00,16.0,54.5,255.8
2020-01-28 00:00:00,16.0,42.1,256.3
2020-01-28 00:15:00,16.0,42.9,255.9
2020-01-28 00:30:00,15.0,38.5,256.1
2020-01-28 00:45:00,15.0,44.9,256.2
2020-01-28 01:00:00,15.0,37.8,256.4
2020-01-28 01:15:00,15.0,34.6,256.8
2020-01-28 01:30:00,15.0,32.3,256.8
2020-01-28 01:45:00,15.0,30.7,257.3
2020-01-28 02:00:00,15.0,31.5,257.2
2020-01-28 02:15:00,15.0,30.5,257.4
2020-01-28 02:30:00,14.0,30.2,257.0
2020-01-28 02:45:00,14.0,30.7,257.9
2020-01-28 03:00:00,14.0,32.8,257.1
2020-01-28 03:15:00,14.0,33.6,257.4
2020-01-28 03:30:00,14.0,31.0,257.7
2020-01-28 03:45:00,14.0,27.7,258.0
2020-01-28 04:00:00,14.0,28.6,257.4
2020-01-28 04:15:00,14.0,26.2,258.1
2020-01-28 04:30:00,14.0,28.5,257.8
2020-01-28 04:45:00,14.0,24.8,258.0
2020-01-28 05:00:00,14.0,27.9,257.7
2020-01-28 05:15:00,14.0,27.5,257.6
2020-01-28 05:30:00,14.0,26.5,257.2
2020-01-28 05:45:00,14.0,28.7,256.8
2020-01-28 06:00:00,13.0,36.9,256.4
2020-01-28 06:15:00,13.0,28.3,256.6
2020-01-28 06:30:00,13.0,45.4,255.5
2020-01-28 06:45:00,13.0,47.4,254.4
2020-01-28 07:00:00,13.0,36.9,253.6
2020-01-28 07:15:00,14.0,58.9,252.0
2020-01-28 07:30:00,14.0,27.1,251.9
2020-01-28 07:45:00,14.0,32.7,251.0
2020-01-28 08:00:00,15.0,68.8,249.6
2020-01-28 08:15:00,16.0,50.4,249.8
2020-01-28 08:30:00,16.0,46.7,249.3
2020-01-28 08:45:00,17.0,64.8,248.8
2020-01-28 09:00:00,18.0,45.2,249.4
2020-01-28 09:15:00,18.0,60.2,249.1
2020-01-28 09:30:00,19.0,56.1,249.1
2020-01-28 09:45:00,20.0,72.2,248.5
2020-01-28 10:00:00,20.0,68.9,249.1
2020-01-28 10:15:00,21.0,76.2,248.9
2020-01-28 10:30:00,21.0,85.7,249.3
2020-01-28 10:45:00,22.0,73.3,249.0
2020-01-28 11:00:00,23.0,70.6,248.7
2020-01-28 11:15:00,23.0,70.1,248.7
2020-01-28 11:30:00,23.0,93.6,248.0
2020-01-28 11:45:00,24.0,59.8,248.4
2020-01-28 12:00:00,24.0,81.45,248.1
2020-01-28 12:15:00,25.0,92.5,248.1
2020-01-28 12:30:00,27.0,110.2,247.8
2020-01-28 12:45:00,27.0,83.0,248.2
2020-01-28 13:00:00,28.0,80.0,248.3
2020-01-28 13:15:00,28.0,72.6,247.8
2020-01-28 13:30:00,28.0,92.8,247.2
2020-01-28 13:45:00,27.0,75.9,247.8
2020-01-28 14:00:00,28.0,88.1,247.9
2020-01-28 14:15:00,27.0,79.1,248.2
2020-01-28 14:30:00,28.0,73.6,248.0
2020-01-28 14:45:00,28.0,86.1,247.5
2020-01-28 15:00:00,27.0,90.5,247.8
2020-01-28 15:15:00,27.0,93.8,247.7
2020-01-28 15:30:00,25.0,69.9,247.9
2020-01-28 15:45:00,25.0,74.1,247.9
2020-01-28 16:00:00,24.0,70.8,247.7
2020-01-28 16:15:00,24.0,70.0,247.9
2020-01-28 16:30:00,23.0,97.6,247.2
2020-01-28 16:45:00,22.0,88.4,247.4
2020-01-28 17:00:00,22.0,83.7,247.4
2020-01-28 17:15:00,21.0,77.8,247.1
2020-01-28 17:30:00,21.0,96.0,245.9
2020-01-28 17:45:00,21.0,119.0,244.5
2020-01-28 18:00:00,20.0,96.4,245.7
2020-01-28 18:15:00,20.0,99.1,246.1
2020-01-28 18:30:00,20.0,112.3,245.7
2020-01-28 18:45:00,20.0,106.7,246.1
2020-01-28 19:00:00,20.0,100.2,246.3
2020-01-28 19:15:00,20.0,101.5,247.0
2020-01-28 19:30:00,20.0,93.3,247.6
2020-01-28 19:45:00,19.0,94.9,247.8
2020-01-28 20:00:00,19.0,92.6,248.1
2020-01-28 20:15:00,19.0,92.4,248.4
2020-01-28 20:30:00,19.0,103.9,248.4
2020-01-28 20:45:00,18.0,83.9,249.1
2020-01-28 21:00:00,18.0,77.6,249.9
2020-01-28 21:15:00,18.0,83.4,250.1
2020-01-28 21:30:00,18.0,85.5,249.7
2020-01-28 21:45:00,18.0,81.8,249.9
2020-01-28 22:00:00,17.0,57.1,251.2
2020-01-28 22:15:00,17.0,66.3,251.1
2020-01-28 22:30:00,17.0,65.7,251.1
2020-01-28 22:45:00,17.0,61.8,252.5
2020-01-28 23:00:00,17.0,54.4,251.4
2020-01-28 23:15:00,16.0,52.6,252.0
2020-01-28 23:30:00,17.0,50.3,252.6
2020-01-28 23:45:00,16.0,61.7,252.4
2020-01-29 00:00:00,16.0,44.0,253.0
2020-01-29 00:15:00,16.0,48.6,253.4
2020-01-29 00:30:00,16.0,47.6,253.8
2020-01-29 00:45:00,16.0,36.8,254.0
2020-01-29 01:00:00,16.0,38.7,254.2
2020-01-29 01:15:00,16.0,36.8,254.2
2020-01-29 01:30:00,16.0,35.4,254.4
2020-01-29 01:45:00,16.0,34.0,254.3
2020-01-29 02:00:00,15.0,32.6,254.6
2020-01-29 02:15:00,15.0,31.7,254.7
2020-01-29 02:30:00,15.0,31.5,254.6
2020-01-29 02:45:00,16.0,32.9,254.6
2020-01-29 03:00:00,15.0,32.1,254.4
2020-01-29 03:15:00,15.0,32.5,254.7
2020-01-29 03:30:00,15.0,35.4,254.4
2020-01-29 03:45:00,16.0,30.7,254.6
2020-01-29 04:00:00,16.0,29.0,254.7
2020-01-29 04:15:00,16.0,27.4,254.7
2020-01-29 04:30:00,16.0,27.4,254.5
2020-01-29 04:45:00,16.0,29.0,254.4
2020-01-29 05:00:00,16.0,28.7,254.2
2020-01-29 05:15:00,16.0,30.1,254.3
2020-01-29 05:30:00,16.0,28.4,253.8
2020-01-29 05:45:00,16.0,28.6,253.9
2020-01-29 06:00:00,16.0,28.1,253.7
2020-01-29 06:15:00,16.0,29.3,253.5
2020-01-29 06:30:00,16.0,40.5,252.4
2020-01-29 06:45:00,16.0,38.1,251.6
2020-01-29 07:00:00,16.0,64.5,250.2
2020-01-29 07:15:00,16.0,39.1,249.5
2020-01-29 07:30:00,17.0,49.7,248.7
2020-01-29 07:45:00,17.0,40.2,248.1
2020-01-29 08:00:00,17.0,51.4,248.0
2020-01-29 08:15:00,18.0,48.6,247.9
2020-01-29 08:30:00,18.0,46.0,247.3
2020-01-29 08:45:00,19.0,63.4,247.5
2020-01-29 09:00:00,19.0,70.3,247.0
2020-01-29 09:15:00,20.0,71.9,246.9
2020-01-29 09:30:00,21.0,79.0,246.8
2020-01-29 09:45:00,21.0,55.7,247.5
2020-01-29 10:00:00,22.0,73.0,247.4
2020-01-29 10:15:00,23.0,97.3,246.9
2020-01-29 10:30:00,23.0,64.4,246.6
2020-01-29 10:45:00,23.0,65.6,247.4
2020-01-29 11:00:00,23.0,77.5,247.2
2020-01-29 11:15:00,23.0,62.6,247.0
2020-01-29 11:30:00,23.0,81.5,246.6
2020-01-29 11:45:00,23.0,86.3,247.0
2020-01-29 12:00:00,24.0,83.0,247.2
2020-01-29 12:15:00,23.0,67.7,247.9
2020-01-29 12:30:00,23.0,79.2,246.9
2020-01-29 12:45:00,23.0,81.7,247.5
2020-01-29 13:00:00,23.0,88.6,247.1
2020-01-29 13:15:00,23.0,97.5,247.2
2020-01-29 13:30:00,24.0,98.2,247.7
2020-01-29 13:45:00,24.0,72.3,248.7
2020-01-29 14:00:00,27.0,87.3,248.4
2020-01-29 14:15:00,25.0,70.5,248.7
2020-01-29 14:30:00,26.0,80.8,248.5
2020-01-29 14:45:00,25.0,71.7,248.9
2020-01-29 15:00:00,26.0,81.1,248.6
2020-01-29 15:15:00,25.0,71.9,248.9
2020-01-29 15:30:00,24.5,68.15,248.60000000000002
2020-01-29 15:45:00,24.0,69.2,248.4
2020-01-29 16:00:00,24.0,93.5,248.2
2020-01-29 16:15:00,23.0,68.6,248.9
2020-01-29 16:30:00,23.0,71.8,248.5
2020-01-29 16:45:00,23.0,67.9,248.4
2020-01-29 17:00:00,22.0,74.3,247.7
2020-01-29 17:15:00,21.0,88.6,247.1
2020-01-29 17:30:00,21.0,108.1,245.9
2020-01-29 17:45:00,21.0,94.8,245.0
2020-01-29 18:00:00,21.0,101.4,245.2
2020-01-29 18:15:00,22.0,104.3,245.5
2020-01-29 18:30:00,21.0,100.5,246.0
2020-01-29 18:45:00,21.0,100.9,246.3
2020-01-29 19:00:00,21.0,76.9,247.2
2020-01-29 19:15:00,20.0,77.5,247.6
2020-01-29 19:30:00,20.0,85.5,247.7
2020-01-29 19:45:00,20.0,75.0,247.5
2020-01-29 20:00:00,20.0,68.8,248.0
2020-01-29 20:15:00,19.0,85.1,248.1
2020-01-29 20:30:00,19.0,74.5,248.5
2020-01-29 20:45:00,19.0,65.9,249.1
2020-01-29 21:00:00,19.0,76.3,249.3
2020-01-29 21:15:00,19.0,59.4,249.7
2020-01-29 21:30:00,19.0,78.8,250.5
2020-01-29 21:45:00,19.0,59.1,250.9
2020-01-29 22:00:00,19.0,79.5,250.8
2020-01-29 22:15:00,20.0,58.6,251.4
2020-01-29 22:30:00,20.0,55.5,252.0
2020-01-29 22:45:00,20.0,55.1,251.6
2020-01-29 23:00:00,20.0,55.4,252.1
2020-01-29 23:15:00,20.0,68.6,252.0
2020-01-29 23:30:00,19.0,51.3,252.6
2020-01-29 23:45:00,19.0,46.9,253.0
2020-01-30 00:00:00,19.0,55.7,253.2
2020-01-30 00:15:00,19.0,53.5,253.7
2020-01-30 00:30:00,19.0,52.2,253.9
2020-01-30 00:45:00,18.0,37.0,254.4
2020-01-30 01:00:00,18.0,34.6,254.7
2020-01-30 01:15:00,18.0,32.0,254.7
2020-01-30 01:30:00,18.0,44.4,254.0
2020-01-30 01:45:00,18.0,32.5,254.3
2020-01-30 02:00:00,18.0,30.7,254.3
2020-01-30 02:15:00,18.0,31.0,254.6
2020-01-30 02:30:00,18.0,34.5,254.6
2020-01-30 02:45:00,18.0,30.6,254.7
2020-01-30 03:00:00,18.0,37.9,254.5
2020-01-30 03:15:00,18.0,38.1,254.6
2020-01-30 03:30:00,18.0,30.8,254.7
2020-01-30 03:45:00,18.0,41.9,254.5
2020-01-30 04:00:00,18.0,29.9,255.4
2020-01-30 04:15:00,17.0,29.3,255.2
2020-01-30 04:30:00,17.0,26.8,255.2
2020-01-30 04:45:00,17.0,37.1,254.8
2020-01-30 05:00:00,17.0,28.6,254.6
2020-01-30 05:15:00,17.0,28.9,254.6
2020-01-30 05:30:00,17.0,28.9,254.1
2020-01-30 05:45:00,17.0,29.9,254.5
2020-01-30 06:00:00,17.0,29.5,254.1
2020-01-30 06:15:00,17.0,33.1,253.9
2020-01-30 06:30:00,17.0,35.7,252.2
2020-01-30 06:45:00,17.0,29.1,251.7
2020-01-30 07:00:00,17.0,29.3,250.3
2020-01-30 07:15:00,17.0,52.7,248.8
2020-01-30 07:30:00,18.0,34.0,248.7
2020-01-30 07:45:00,18.0,60.6,247.0
2020-01-30 08:00:00,19.0,52.7,246.7
2020-01-30 08:15:00,20.0,69.3,245.6
2020-01-30 08:30:00,20.0,48.0,246.2
2020-01-30 08:45:00,21.0,45.1,247.2
2020-01-30 09:00:00,21.0,52.1,246.9
2020-01-30 09:15:00,22.0,51.0,247.7
2020-01-30 09:30:00,23.0,45.6,247.8
2020-01-30 09:45:00,23.0,55.5,246.9
2020-01-30 10:00:00,24.0,71.3,247.0
2020-01-30 10:15:00,24.5,62.0,247.39999999999998
2020-01-30 10:30:00,25.0,71.5,247.2
2020-01-30 10:45:00,26.0,69.5,247.7
2020-01-30 11:00:00,26.0,87.1,247.5
2020-01-30 11:15:00,27.0,85.0,247.2
2020-01-30 11:30:00,27.0,70.2,247.9
2020-01-30 11:45:00,27.0,62.8,248.1
2020-01-30 12:00:00,28.0,72.5,247.7
2020-01-30 12:15:00,27.0,64.9,248.5
2020-01-30 12:30:00,27.0,76.5,247.6
2020-01-30 12:45:00,27.0,82.0,247.6
2020-01-30 13:00:00,27.0,92.8,247.9
2020-01-30 13:15:00,27.0,101.3,247.3
2020-01-30 13:30:00,27.0,79.7,247.6
2020-01-30 13:45:00,26.0,98.2,247.9
2020-01-30 14:00:00,26.0,79.6,247.7
2020-01-30 14:15:00,26.0,74.5,248.0
2020-01-30 14:30:00,26.0,82.9,248.3
2020-01-30 14:45:00,25.0,83.4,248.6
2020-01-30 15:00:00,25.0,72.55,248.8
2020-01-30 15:15:00,25.0,72.8,248.7
2020-01-30 15:30:00,25.0,89.6,248.2
2020-01-30 15:45:00,26.0,78.2,248.6
2020-01-30 16:00:00,25.0,71.7,248.7
2020-01-30 16:15:00,24.0,93.5,248.1
2020-01-30 16:30:00,24.0,86.1,248.4
2020-01-30 16:45:00,24.0,84.7,248.1
2020-01-30 17:00:00,24.0,97.9,247.6
2020-01-30 17:15:00,23.0,85.8,247.4
2020-01-30 17:30:00,23.0,97.7,244.5
2020-01-30 17:45:00,23.0,95.1,244.6
2020-01-30 18:00:00,23.0,100.6,243.2
2020-01-30 18:15:00,22.0,99.4,243.8
2020-01-30 18:30:00,22.0,100.0,244.1
2020-01-30 18:45:00,22.0,99.7,244.2
2020-01-30 19:00:00,21.0,109.7,244.7
2020-01-30 19:15:00,22.0,98.9,245.3
2020-01-30 19:30:00,21.0,96.4,245.9
2020-01-30 19:45:00,21.0,95.3,246.8
2020-01-30 20:00:00,21.0,94.8,247.1
2020-01-30 20:15:00,21.0,91.5,247.5
2020-01-30 20:30:00,21.0,89.8,247.6
2020-01-30 20:45:00,20.0,91.1,248.2
2020-01-30 21:00:00,20.0,86.2,248.5
2020-01-30 21:15:00,20.0,78.2,249.5
2020-01-30 21:30:00,20.0,63.4,249.9
2020-01-30 21:45:00,20.0,71.1,249.2
2020-01-30 22:00:00,20.0,59.1,249.9
2020-01-30 22:15:00,20.0,78.8,249.9
2020-01-30 22:30:00,20.0,66.2,250.2
2020-01-30 22:45:00,20.0,59.7,250.8
2020-01-30 23:00:00,19.0,52.7,251.5
2020-01-30 23:15:00,19.0,53.1,252.4
2020-01-30 23:30:00,19.0,56.1,252.7
2020-01-30 23:45:00,19.0,47.8,252.9
2020-01-31 00:00:00,19.0,44.6,253.0
2020-01-31 00:15:00,19.0,49.0,253.2
2020-01-31 00:30:00,19.0,44.6,253.8
2020-01-31 00:45:00,19.0,43.5,253.7
2020-01-31 01:00:00,19.0,51.0,253.6
2020-01-31 01:15:00,19.0,39.6,254.3
2020-01-31 01:30:00,19.0,38.0,254.4
2020-01-31 01:45:00,20.0,38.4,254.5
2020-01-31 02:00:00,19.0,37.4,254.6
2020-01-31 02:15:00,19.0,37.7,254.7
2020-01-31 02:30:00,19.0,35.2,254.8
2020-01-31 02:45:00,19.0,35.3,255.0
2020-01-31 03:00:00,19.0,34.1,255.0
2020-01-31 03:15:00,19.0,35.2,255.2
2020-01-31 03:30:00,19.0,32.4,255.1
2020-01-31 03:45:00,19.0,31.8,255.2
2020-01-31 04:00:00,20.0,31.9,255.2
2020-01-31 04:15:00,19.0,31.3,255.3
2020-01-31 04:30:00,19.0,31.1,254.8
2020-01-31 04:45:00,19.0,31.1,255.1
2020-01-31 05:00:00,19.0,30.9,255.2
2020-01-31 05:15:00,19.0,33.3,255.1
2020-01-31 05:30:00,19.0,30.7,254.8
2020-01-31 05:45:00,19.0,31.7,254.7
2020-01-31 06:00:00,19.0,31.8,254.4
2020-01-31 06:15:00,19.0,41.5,254.1
2020-01-31 06:30:00,19.0,32.5,253.6
2020-01-31 06:45:00,19.0,32.5,253.4
2020-01-31 07:00:00,19.0,31.5,253.4
2020-01-31 07:15:00,19.0,42.0,252.0
2020-01-31 07:30:00,19.0,33.0,251.2
2020-01-31 07:45:00,19.0,56.2,250.2
2020-01-31 08:00:00,19.0,40.7,250.0
2020-01-31 08:15:00,20.0,43.2,249.7
2020-01-31 08:30:00,20.0,40.3,248.8
2020-01-31 08:45:00,20.0,47.8,248.5
2020-01-31 09:00:00,21.0,38.1,248.9
2020-01-31 09:15:00,21.0,43.6,248.8
2020-01-31 09:30:00,21.0,58.0,248.1
2020-01-31 09:45:00,22.0,47.7,248.5
2020-01-31 10:00:00,22.0,91.3,247.0
2020-01-31 10:15:00,23.0,59.9,248.0
2020-01-31 10:30:00,23.0,63.4,247.8
2020-01-31 10:45:00,23.0,57.5,247.8
2020-01-31 11:00:00,24.0,84.7,246.7
2020-01-31 11:15:00,24.0,67.1,247.3
2020-01-31 11:30:00,24.0,65.4,247.9
2020-01-31 11:45:00,24.0,69.1,248.1
2020-01-31 12:00:00,25.0,70.1,247.5
2020-01-31 12:15:00,25.0,62.6,247.9
2020-01-31 12:30:00,26.0,79.3,247.1
2020-01-31 12:45:00,26.0,75.1,247.0
2020-01-31 13:00:00,27.0,92.9,246.5
2020-01-31 13:15:00,27.0,85.4,247.2
2020-01-31 13:30:00,28.0,83.9,247.2
2020-01-31 13:45:00,27.0,76.4,247.6
2020-01-31 14:00:00,29.0,81.4,247.1
2020-01-31 14:15:00,28.0,87.0,247.3
2020-01-31 14:30:00,28.0,86.6,247.8
2020-01-31 14:45:00,28.0,75.8,247.8
2020-01-31 15:00:00,27.0,78.7,247.9
2020-01-31 15:15:00,27.0,71.9,248.4
2020-01-31 15:30:00,26.0,81.8,247.8
2020-01-31 15:45:00,26.0,82.3,248.2
2020-01-31 16:00:00,25.0,74.7,248.5
2020-01-31 16:15:00,25.0,73.1,248.0
2020-01-31 16:30:00,24.0,91.5,247.6
2020-01-31 16:45:00,24.0,78.3,247.2
2020-01-31 17:00:00,23.0,79.7,247.7
2020-01-31 17:15:00,23.0,83.1,247.2
2020-01-31 17:30:00,22.0,94.9,246.5
2020-01-31 17:45:00,22.0,100.1,245.8
2020-01-31 18:00:00,22.0,106.5,244.9
2020-01-31 18:15:00,22.0,104.0,244.0
2020-01-31 18:30:00,22.0,98.6,244.1
2020-01-31 18:45:00,21.0,99.6,244.6
2020-01-31 19:00:00,21.0,110.5,244.3
2020-01-31 19:15:00,21.0,103.1,244.7
2020-01-31 19:30:00,21.0,111.7,245.0
2020-01-31 19:45:00,21.0,99.1,245.8
2020-01-31 20:00:00,21.0,98.6,246.1
2020-01-31 20:15:00,20.0,95.7,246.6
2020-01-31 20:30:00,20.0,93.3,247.0
2020-01-31 20:45:00,20.0,107.1,246.6
2020-01-31 21:00:00,20.0,98.8,247.4
2020-01-31 21:15:00,20.0,84.7,248.1
2020-01-31 21:30:00,20.0,85.4,248.2
2020-01-31 21:45:00,20.0,101.7,249.1
2020-01-31 22:00:00,20.0,83.2,250.2
2020-01-31 22:15:00,19.0,77.0,250.5
2020-01-31 22:30:00,19.0,62.5,250.7
2020-01-31 22:45:00,19.0,66.2,251.5
2020-01-31 23:00:00,19.0,74.1,252.0
2020-01-31 23:15:00,19.0,75.2,252.6
2020-01-31 23:30:00,20.0,62.7,252.9
2020-01-31 23:45:00,19.0,49.1,253.5
2020-02-01 00:00:00,19.0,48.2,254.2
2020-02-01 00:15:00,19.0,46.8,253.7
2020-02-01 00:30:00,19.0,50.8,253.7
2020-02-01 00:45:00,19.0,41.2,254.6
2020-02-01 01:00:00,19.0,48.3,254.5
2020-02-01 01:15:00,18.0,39.7,254.7
2020-02-01 01:30:00,18.0,38.5,255.0
2020-02-01 01:45:00,18.0,35.5,255.2
2020-02-01 02:00:00,18.0,37.2,254.8
2020-02-01 02:15:00,18.0,37.9,255.1
2020-02-01 02:30:00,18.0,36.3,254.7
2020-02-01 02:45:00,18.0,32.1,255.2
2020-02-01 03:00:00,18.0,33.6,254.9
2020-02-01 03:15:00,18.0,33.9,255.0
2020-02-01 03:30:00,17.0,28.7,255.1
2020-02-01 03:45:00,17.0,29.9,255.2
2020-02-01 04:00:00,17.0,30.2,255.0
2020-02-01 04:15:00,17.0,36.0,255.1
2020-02-01 04:30:00,17.0,30.7,254.8
2020-02-01 04:45:00,17.0,28.5,255.1
2020-02-01 05:00:00,17.0,29.4,255.1
2020-02-01 05:15:00,17.0,30.7,255.2
2020-02-01 05:30:00,17.0,31.1,254.6
2020-02-01 05:45:00,16.0,40.5,254.2
2020-02-01 06:00:00,16.0,29.0,254.3
2020-02-01 06:15:00,16.0,29.0,254.1
2020-02-01 06:30:00,16.0,36.9,253.3
2020-02-01 06:45:00,16.0,30.0,252.5
2020-02-01 07:00:00,16.0,42.5,251.0
2020-02-01 07:15:00,16.0,52.4,250.0
2020-02-01 07:30:00,17.0,50.6,249.2
2020-02-01 07:45:00,17.0,43.2,248.7
2020-02-01 08:00:00,18.0,42.7,248.2
2020-02-01 08:15:00,19.0,38.3,247.7
2020-02-01 08:30:00,19.0,59.7,247.0
2020-02-01 08:45:00,19.0,60.5,246.9
2020-02-01 09:00:00,20.0,50.2,247.1
2020-02-01 09:15:00,20.0,57.4,247.1
2020-02-01 09:30:00,21.0,55.4,248.4
2020-02-01 09:45:00,21.0,55.3,247.9
2020-02-01 10:00:00,22.0,79.1,247.5
2020-02-01 10:15:00,22.0,97.2,247.7
2020-02-01 10:30:00,23.0,71.3,248.0
2020-02-01 10:45:00,23.0,43.1,248.6
2020-02-01 11:00:00,24.0,77.4,248.2
2020-02-01 11:15:00,24.5,70.94999999999999,248.5
2020-02-01 11:30:00,25.0,73.9,248.4
2020-02-01 11:45:00,26.0,64.6,248.5
2020-02-01 12:00:00,26.0,82.0,248.0
2020-02-01 12:15:00,26.0,94.3,248.0
2020-02-01 12:30:00,28.0,84.8,247.4
2020-02-01 12:45:00,29.0,107.8,247.7
2020-02-01 13:00:00,30.0,115.5,247.4
2020-02-01 13:15:00,30.0,90.3,247.7
2020-02-01 13:30:00,30.0,121.9,247.2
2020-02-01 13:45:00,28.0,85.4,248.1
2020-02-01 14:00:00,30.0,73.7,248.1
2020-02-01 14:15:00,29.0,72.1,249.0
2020-02-01 14:30:00,29.0,73.5,247.9
2020-02-01 14:45:00,29.0,70.3,247.9
2020-02-01 15:00:00,29.0,80.7,248.6
2020-02-01 15:15:00,28.0,84.8,248.7
2020-02-01 15:30:00,27.0,77.9,248.4
2020-02-01 15:45:00,27.0,89.5,248.3
2020-02-01 16:00:00,26.0,72.5,248.6
2020-02-01 16:15:00,25.0,81.8,249.1
2020-02-01 16:30:00,24.5,96.35,248.05
2020-02-01 16:45:00,24.0,97.2,248.3
2020-02-01 17:00:00,24.0,99.9,247.8
2020-02-01 17:15:00,23.0,98.4,247.6
2020-02-01 17:30:00,23.0,91.4,246.6
2020-02-01 17:45:00,22.0,110.6,245.0
2020-02-01 18:00:00,22.0,97.4,244.5
2020-02-01 18:15:00,21.0,93.2,245.4
2020-02-01 18:30:00,21.0,102.4,245.0
2020-02-01 18:45:00,21.0,98.2,245.7
2020-02-01 19:00:00,20.0,94.6,246.4
2020-02-01 19:15:00,20.0,106.0,246.7
2020-02-01 19:30:00,20.0,95.2,246.8
2020-02-01 19:45:00,20.0,91.5,247.0
2020-02-01 20:00:00,20.0,98.4,247.4
2020-02-01 20:15:00,20.0,82.6,248.0
2020-02-01 20:30:00,19.0,93.4,248.2
2020-02-01 20:45:00,19.0,96.3,248.6
2020-02-01 21:00:00,19.0,83.8,248.7
2020-02-01 21:15:00,19.0,76.6,249.0
2020-02-01 21:30:00,19.0,72.1,249.6
2020-02-01 21:45:00,18.0,64.3,249.7
2020-02-01 22:00:00,18.0,70.7,250.2
2020-02-01 22:15:00,18.0,56.3,251.1
2020-02-01 22:30:00,18.0,64.4,251.2
2020-02-01 22:45:00,18.0,54.6,252.0
2020-02-01 23:00:00,18.0,53.4,252.4
2020-02-01 23:15:00,18.0,60.1,252.5
2020-02-01 23:30:00,18.0,52.0,253.1
2020-02-01 23:45:00,17.0,46.2,253.9
2020-02-02 00:00:00,17.0,41.9,254.0
2020-02-02 00:15:00,17.0,50.6,254.2
2020-02-02 00:30:00,17.0,39.6,254.6
2020-02-02 00:45:00,17.0,36.2,255.4
2020-02-02 01:00:00,16.0,37.4,255.4
2020-02-02 01:15:00,16.0,38.4,255.2
2020-02-02 01:30:00,16.0,35.8,255.5
2020-02-02 01:45:00,16.0,33.4,255.7
2020-02-02 02:00:00,16.0,36.5,255.3
2020-02-02 02:15:00,16.0,32.0,255.9
2020-02-02 02:30:00,16.0,32.1,255.3
2020-02-02 02:45:00,15.0,32.5,255.5
2020-02-02 03:00:00,15.0,30.9,255.0
2020-02-02 03:15:00,15.0,29.2,255.5
2020-02-02 03:30:00,15.0,39.7,255.0
2020-02-02 03:45:00,15.0,39.5,255.4
2020-02-02 04:00:00,15.0,39.3,255.1
2020-02-02 04:15:00,15.0,28.2,255.6
2020-02-02 04:30:00,15.0,28.3,255.2
2020-02-02 04:45:00,14.0,29.0,255.3
2020-02-02 05:00:00,14.0,28.0,255.1
2020-02-02 05:15:00,14.0,29.9,255.0
2020-02-02 05:30:00,14.0,28.0,254.8
2020-02-02 05:45:00,14.0,28.2,254.9
2020-02-02 06:00:00,14.0,30.2,254.5
2020-02-02 06:15:00,14.0,28.0,254.8
2020-02-02 06:30:00,14.0,28.3,253.7
2020-02-02 06:45:00,14.0,38.8,253.4
2020-02-02 07:00:00,14.0,36.1,252.5
2020-02-02 07:15:00,14.0,28.8,251.6
2020-02-02 07:30:00,15.0,41.8,249.9
2020-02-02 07:45:00,15.0,45.8,248.8
2020-02-02 08:00:00,16.0,32.2,249.6
2020-02-02 08:15:00,16.0,38.5,249.0
2020-02-02 08:30:00,17.0,37.1,248.9
2020-02-02 08:45:00,18.0,47.2,248.6
2020-02-02 09:00:00,19.0,41.1,248.5
2020-02-02 09:15:00,19.0,43.6,248.0
2020-02-02 09:30:00,20.0,51.3,248.0
2020-02-02 09:45:00,20.0,42.6,248.0
2020-02-02 10:00:00,21.0,59.7,247.8
2020-02-02 10:15:00,22.0,49.5,248.1
2020-02-02 10:30:00,22.0,49.8,249.0
2020-02-02 10:45:00,23.0,50.8,248.5
2020-02-02 11:00:00,23.0,82.1,248.9
2020-02-02 11:15:00,24.0,74.2,248.4
2020-02-02 11:30:00,24.0,55.3,249.2
2020-02-02 11:45:00,24.0,58.2,248.9
2020-02-02 12:00:00,25.0,45.7,248.4
2020-02-02 12:15:00,26.0,50.4,248.6
2020-02-02 12:30:00,28.0,48.3,248.4
2020-02-02 12:45:00,30.0,59.8,248.1
2020-02-02 13:00:00,31.0,48.5,248.4
2020-02-02 13:15:00,31.0,52.5,248.9
2020-02-02 13:30:00,31.0,46.8,248.6
2020-02-02 13:45:00,28.0,84.6,247.7
2020-02-02 14:00:00,27.936936936936938,84.71801801801801,247.68918918918916
2020-02-02 14:15:00,27.873873873873872,84.83603603603603,247.67837837837837
2020-02-02 14:30:00,27.81081081081081,84.95405405405405,247.66756756756754
2020-02-02 14:45:00,27.74774774774775,85.07207207207206,247.65675675675675
2020-02-03 16:30:00,21.25225225225225,97.22792792792794,246.54324324324324
2020-02-03 16:45:00,21.18918918918919,97.34594594594594,246.53243243243244
2020-02-03 17:00:00,21.126126126126124,97.46396396396396,246.52162162162162
2020-02-03 17:15:00,21.063063063063062,97.58198198198198,246.51081081081082
2020-02-03 17:30:00,21.0,97.7,246.5
2020-02-03 17:45:00,21.0,126.1,244.9
2020-02-03 18:00:00,21.0,100.8,245.6
2020-02-03 18:15:00,21.0,103.7,245.9
2020-02-03 18:30:00,20.0,108.9,245.9
2020-02-03 18:45:00,20.0,116.5,246.0
2020-02-03 19:00:00,19.0,102.0,246.3
2020-02-03 19:15:00,19.0,103.3,246.5
2020-02-03 19:30:00,19.0,98.5,247.4
2020-02-03 19:45:00,19.0,98.6,247.7
2020-02-03 20:00:00,18.0,93.1,247.9
2020-02-03 20:15:00,18.0,93.1,248.4
2020-02-03 20:30:00,18.0,90.6,248.7
2020-02-03 20:45:00,17.0,90.2,249.6
2020-02-03 21:00:00,17.0,85.7,250.4
2020-02-03 21:15:00,17.0,80.1,250.8
2020-02-03 21:30:00,17.0,75.5,251.4
2020-02-03 21:45:00,17.0,72.0,251.5
2020-02-03 22:00:00,17.0,73.5,251.7
2020-02-03 22:15:00,16.0,84.7,252.1
2020-02-03 22:30:00,16.0,85.9,252.3
2020-02-03 22:45:00,16.0,71.6,253.3
2020-02-03 23:00:00,16.0,54.2,253.5
2020-02-03 23:15:00,16.0,60.2,253.9
2020-02-03 23:30:00,15.0,54.9,255.0
2020-02-03 23:45:00,15.0,51.7,255.3
2020-02-04 00:00:00,15.0,45.9,255.6
2020-02-04 00:15:00,15.0,44.0,255.8
2020-02-04 00:30:00,15.0,45.0,255.5
2020-02-04 00:45:00,15.0,40.4,256.3
2020-02-04 01:00:00,15.0,41.4,256.6
2020-02-04 01:15:00,14.0,37.4,256.7
2020-02-04 01:30:00,14.0,34.7,256.7
2020-02-04 01:45:00,14.0,36.8,256.6
2020-02-04 02:00:00,13.0,33.4,256.8
2020-02-04 02:15:00,14.0,41.7,257.1
2020-02-04 02:30:00,13.0,31.7,257.0
2020-02-04 02:45:00,13.0,35.7,256.9
2020-02-04 03:00:00,13.0,33.9,257.0
2020-02-04 03:15:00,13.0,32.7,257.4
2020-02-04 03:30:00,13.0,31.4,257.3
2020-02-04 03:45:00,13.0,29.4,257.1
2020-02-04 04:00:00,13.0,28.3,257.1
2020-02-04 04:15:00,13.0,27.1,257.4
2020-02-04 04:30:00,12.0,29.1,256.8
2020-02-04 04:45:00,12.0,27.4,257.5
2020-02-04 05:00:00,12.0,28.3,257.3
2020-02-04 05:15:00,12.0,28.1,257.0
2020-02-04 05:30:00,12.0,27.2,256.6
2020-02-04 05:45:00,12.0,36.7,256.6
2020-02-04 06:00:00,12.0,38.3,256.0
2020-02-04 06:15:00,12.0,28.3,256.3
2020-02-04 06:30:00,12.0,28.9,255.0
2020-02-04 06:45:00,12.0,29.5,254.5
2020-02-04 07:00:00,12.0,48.1,252.9
2020-02-04 07:15:00,12.0,36.1,252.5
2020-02-04 07:30:00,13.0,29.8,252.1
2020-02-04 07:45:00,14.0,29.5,251.2
2020-02-04 08:00:00,14.0,57.8,249.9
2020-02-04 08:15:00,15.0,45.3,248.3
2020-02-04 08:30:00,16.0,34.0,247.7
2020-02-04 08:45:00,17.0,35.9,247.3
2020-02-04 09:00:00,18.0,51.9,246.8
2020-02-04 09:15:00,19.0,70.3,247.0
2020-02-04 09:30:00,19.0,56.1,247.0
2020-02-04 09:45:00,20.0,61.4,247.0
2020-02-04 10:00:00,20.0,46.9,246.8
2020-02-04 10:15:00,21.0,66.4,246.8
2020-02-04 10:30:00,22.0,75.5,246.4
2020-02-04 10:45:00,22.0,59.3,246.8
2020-02-04 11:00:00,23.0,72.9,246.6
2020-02-04 11:15:00,23.0,77.5,246.7
2020-02-04 11:30:00,24.0,81.4,246.4
2020-02-04 11:45:00,24.0,65.0,247.3
2020-02-04 12:00:00,25.0,70.9,246.9
2020-02-04 12:15:00,26.0,72.7,246.6
2020-02-04 12:30:00,28.0,76.4,246.2
2020-02-04 12:45:00,29.0,105.3,246.0
2020-02-04 13:00:00,31.0,100.9,246.0
2020-02-04 13:15:00,31.0,92.3,246.7
2020-02-04 13:30:00,30.0,117.1,245.8
2020-02-04 13:45:00,28.0,86.4,246.7
2020-02-04 14:00:00,30.0,75.7,247.0
2020-02-04 14:15:00,28.0,81.4,247.7
2020-02-04 14:30:00,30.0,79.0,248.1
2020-02-04 14:45:00,30.0,90.8,247.5
2020-02-04 15:00:00,30.0,113.2,247.4
2020-02-04 15:15:00,27.0,105.7,247.5
2020-02-04 15:30:00,26.0,86.9,247.0
2020-02-04 15:45:00,26.0,86.3,247.6
2020-02-04 16:00:00,25.0,84.75,246.85
2020-02-04 16:15:00,24.0,83.2,246.1
2020-02-04 16:30:00,24.0,71.4,246.9
2020-02-04 16:45:00,23.0,84.9,246.8
2020-02-04 17:00:00,23.0,114.0,246.1
2020-02-04 17:15:00,23.0,93.0,246.6
2020-02-04 17:30:00,22.0,102.1,245.6
2020-02-04 17:45:00,22.0,100.4,244.9
2020-02-04 18:00:00,21.0,114.3,243.6
2020-02-04 18:15:00,21.0,117.8,243.9
2020-02-04 18:30:00,20.0,101.6,244.4
2020-02-04 18:45:00,20.0,116.4,244.4
2020-02-04 19:00:00,20.0,129.2,244.7
2020-02-04 19:15:00,20.0,111.1,244.8
2020-02-04 19:30:00,19.0,103.4,245.7
2020-02-04 19:45:00,19.0,104.8,245.9
2020-02-04 20:00:00,19.0,96.3,246.1
2020-02-04 20:15:00,19.0,109.4,246.4
2020-02-04 20:30:00,19.0,94.6,247.3
2020-02-04 20:45:00,19.0,90.1,247.9
2020-02-04 21:00:00,19.0,89.0,248.7
2020-02-04 21:15:00,19.0,82.9,249.1
2020-02-04 21:30:00,19.0,70.5,250.3
2020-02-04 21:45:00,19.0,68.3,250.1
2020-02-04 22:00:00,19.0,62.3,250.3
2020-02-04 22:15:00,19.0,54.6,251.1
2020-02-04 22:30:00,19.0,67.7,251.2
2020-02-04 22:45:00,19.0,55.7,252.2
2020-02-04 23:00:00,19.0,51.8,252.6
2020-02-04 23:15:00,19.0,52.1,253.1
2020-02-04 23:30:00,19.0,56.6,253.1
2020-02-04 23:45:00,18.0,47.7,253.7
2020-02-05 00:00:00,18.0,47.0,254.0
2020-02-05 00:15:00,18.0,42.4,254.6
2020-02-05 00:30:00,18.0,39.2,254.9
2020-02-05 00:45:00,18.0,38.6,254.8
2020-02-05 01:00:00,18.0,36.3,254.9
2020-02-05 01:15:00,18.0,35.9,254.7
2020-02-05 01:30:00,18.0,43.8,254.8
2020-02-05 01:45:00,18.0,35.7,255.0
2020-02-05 02:00:00,18.0,37.9,254.9
2020-02-05 02:15:00,18.0,44.2,255.2
2020-02-05 02:30:00,18.0,44.3,254.8
2020-02-05 02:45:00,18.0,50.0,254.8
2020-02-05 03:00:00,18.0,33.2,255.1
2020-02-05 03:15:00,18.0,33.5,255.5
2020-02-05 03:30:00,18.0,29.9,255.5
2020-02-05 03:45:00,17.0,28.9,255.5
2020-02-05 04:00:00,17.0,28.6,255.5
2020-02-05 04:15:00,17.0,30.7,255.5
2020-02-05 04:30:00,17.0,29.2,255.3
2020-02-05 04:45:00,17.0,28.3,255.4
2020-02-05 05:00:00,17.0,29.4,255.1
2020-02-05 05:15:00,17.0,30.7,255.1
2020-02-05 05:30:00,17.0,28.8,254.9
2020-02-05 05:45:00,17.0,47.0,254.4
2020-02-05 06:00:00,17.0,40.1,254.2
2020-02-05 06:15:00,16.0,28.6,254.4
2020-02-05 06:30:00,16.0,35.55,252.7
2020-02-05 06:45:00,16.0,32.9,252.3
2020-02-05 07:00:00,16.0,38.9,251.4
2020-02-05 07:15:00,17.0,36.2,250.3
2020-02-05 07:30:00,17.0,55.0,248.3
2020-02-05 07:45:00,17.0,50.4,247.3
2020-02-05 08:00:00,18.0,38.5,247.3
2020-02-05 08:15:00,18.0,41.0,246.1
2020-02-05 08:30:00,19.0,51.4,246.0
2020-02-05 08:45:00,19.0,52.7,246.0
2020-02-05 09:00:00,20.0,52.3,246.2
2020-02-05 09:15:00,21.0,65.9,246.8
2020-02-05 09:30:00,21.0,50.6,247.1
2020-02-05 09:45:00,22.0,48.8,247.7
2020-02-05 10:00:00,22.0,79.8,246.7
2020-02-05 10:15:00,23.0,73.3,247.1
2020-02-05 10:30:00,24.0,71.0,247.3
2020-02-05 10:45:00,24.0,69.4,247.2
2020-02-05 11:00:00,24.5,72.4,247.85000000000002
2020-02-05 11:15:00,25.0,78.2,247.5
2020-02-05 11:30:00,25.0,59.2,247.9
2020-02-05 11:45:00,26.0,60.3,247.5
2020-02-05 12:00:00,27.0,75.4,247.5
2020-02-05 12:15:00,28.0,69.5,247.7
2020-02-05 12:30:00,29.0,88.1,247.1
2020-02-05 12:45:00,31.0,105.1,246.6
2020-02-05 13:00:00,32.0,81.8,247.1
2020-02-05 13:15:00,32.0,102.5,247.3
2020-02-05 13:30:00,32.0,83.3,246.7
2020-02-05 13:45:00,29.0,91.2,247.0
2020-02-05 14:00:00,31.0,95.9,247.0
2020-02-05 14:15:00,29.0,102.1,247.0
2020-02-05 14:30:00,31.0,91.7,247.3
2020-02-05 14:45:00,31.0,91.1,247.1
2020-02-05 15:00:00,30.0,83.1,247.5
2020-02-05 15:15:00,28.0,76.2,248.1
2020-02-05 15:30:00,28.0,92.5,247.1
2020-02-05 15:45:00,27.0,89.4,247.6
2020-02-05 16:00:00,27.0,87.7,247.4
2020-02-05 16:15:00,26.0,67.5,247.5
2020-02-05 16:30:00,26.0,83.4,247.4
2020-02-05 16:45:00,25.0,85.5,247.0
2020-02-05 17:00:00,24.0,83.0,247.7
2020-02-05 17:15:00,23.0,91.9,247.1
2020-02-05 17:30:00,22.0,92.3,245.8
2020-02-05 17:45:00,22.0,96.0,244.9
2020-02-05 18:00:00,22.0,100.5,244.7
2020-02-05 18:15:00,22.0,95.7,245.0
2020-02-05 18:30:00,21.0,96.7,245.1
2020-02-05 18:45:00,21.0,96.0,245.9
2020-02-05 19:00:00,20.0,98.9,246.8
2020-02-05 19:15:00,20.0,101.1,247.2
2020-02-05 19:30:00,20.0,107.2,246.8
2020-02-05 19:45:00,20.0,96.9,247.0
2020-02-05 20:00:00,20.0,93.5,247.6
2020-02-05 20:15:00,19.0,91.6,248.2
2020-02-05 20:30:00,19.0,89.7,248.2
2020-02-05 20:45:00,19.0,95.5,248.6
2020-02-05 21:00:00,19.0,86.5,249.0
2020-02-05 21:15:00,19.0,78.7,249.8
2020-02-05 21:30:00,19.0,63.5,250.5
2020-02-05 21:45:00,19.0,64.2,250.6
2020-02-05 22:00:00,18.0,72.6,251.1
2020-02-05 22:15:00,18.0,56.7,252.0
2020-02-05 22:30:00,18.0,57.3,251.8
2020-02-05 22:45:00,18.0,54.0,252.6
2020-02-05 23:00:00,18.0,57.9,253.0
2020-02-05 23:15:00,18.0,54.0,254.2
2020-02-05 23:30:00,18.0,50.9,254.6
2020-02-05 23:45:00,18.0,46.1,254.8
2020-02-06 00:00:00,17.0,43.9,255.2
2020-02-06 00:15:00,17.0,40.7,255.6
2020-02-06 00:30:00,17.0,38.5,255.9
2020-02-06 00:45:00,17.0,41.9,255.7
2020-02-06 01:00:00,17.0,37.5,256.1
2020-02-06 01:15:00,17.0,39.8,256.1
2020-02-06 01:30:00,17.0,34.1,256.4
2020-02-06 01:45:00,16.0,35.9,256.1
2020-02-06 02:00:00,16.0,37.0,256.1
2020-02-06 02:15:00,16.0,34.5,256.3
2020-02-06 02:30:00,16.0,32.9,256.4
2020-02-06 02:45:00,15.0,32.2,256.8
2020-02-06 03:00:00,15.0,33.9,256.7
2020-02-06 03:15:00,15.0,31.4,256.7
2020-02-06 03:30:00,15.0,28.2,256.9
2020-02-06 03:45:00,15.0,26.8,256.9
2020-02-06 04:00:00,15.0,30.6,256.6
2020-02-06 04:15:00,15.0,27.9,256.5
2020-02-06 04:30:00,15.0,28.5,256.4
2020-02-06 04:45:00,15.0,29.1,256.4
2020-02-06 05:00:00,15.0,27.1,257.0
2020-02-06 05:15:00,15.0,30.7,256.8
2020-02-06 05:30:00,14.0,28.7,256.2
2020-02-06 05:45:00,14.0,37.9,256.3
2020-02-06 06:00:00,14.0,28.1,256.0
2020-02-06 06:15:00,14.0,32.0,255.6
2020-02-06 06:30:00,14.0,29.5,255.0
2020-02-06 06:45:00,14.0,34.0,253.7
2020-02-06 07:00:00,14.0,39.6,252.4
2020-02-06 07:15:00,14.0,30.3,251.8
2020-02-06 07:30:00,15.0,45.3,250.5
2020-02-06 07:45:00,16.0,38.5,250.0
2020-02-06 08:00:00,17.0,36.8,249.9
2020-02-06 08:15:00,18.0,45.6,249.2
2020-02-06 08:30:00,18.0,59.2,249.0
2020-02-06 08:45:00,19.0,52.8,248.5
2020-02-06 09:00:00,20.0,58.7,248.4
2020-02-06 09:15:00,21.0,70.3,248.2
2020-02-06 09:30:00,22.0,50.9,248.0
2020-02-06 09:45:00,22.0,56.1,247.9
2020-02-06 10:00:00,23.0,55.3,248.4
2020-02-06 10:15:00,24.0,66.5,248.6
2020-02-06 10:30:00,24.0,83.4,248.4
2020-02-06 10:45:00,25.0,89.5,248.3
2020-02-06 11:00:00,25.0,63.7,248.5
2020-02-06 11:15:00,26.0,75.1,248.0
2020-02-06 11:30:00,26.0,57.6,248.7
2020-02-06 11:45:00,27.0,74.5,248.0
2020-02-06 12:00:00,28.0,68.4,248.6
2020-02-06 12:15:00,28.0,63.8,248.2
2020-02-06 12:30:00,32.0,94.0,247.2
2020-02-06 12:45:00,34.0,93.6,248.3
2020-02-06 13:00:00,35.0,99.6,248.4
2020-02-06 13:15:00,35.0,81.4,248.8
2020-02-06 13:30:00,35.0,96.5,247.4
2020-02-06 13:45:00,31.0,82.1,247.3
2020-02-06 14:00:00,34.0,90.0,247.4
2020-02-06 14:15:00,30.0,110.1,247.0
2020-02-06 14:30:00,34.0,106.7,247.5
2020-02-06 14:45:00,33.0,91.1,247.2
2020-02-06 15:00:00,33.0,95.6,247.4
2020-02-06 15:15:00,30.0,90.2,247.5
2020-02-06 15:30:00,28.0,82.1,247.6
2020-02-06 15:45:00,28.0,82.0,247.3
2020-02-06 16:00:00,27.0,68.2,248.1
2020-02-06 16:15:00,26.0,76.3,248.0
2020-02-06 16:30:00,25.0,73.8,248.3
2020-02-06 16:45:00,25.0,88.2,248.1
2020-02-06 17:00:00,24.0,92.1,247.4
2020-02-06 17:15:00,24.0,94.7,247.1
2020-02-06 17:30:00,23.0,104.1,247.1
2020-02-06 17:45:00,22.0,121.8,245.6
2020-02-06 18:00:00,22.0,101.1,245.2
2020-02-06 18:15:00,22.0,97.9,245.4
2020-02-06 18:30:00,22.0,111.1,245.2
2020-02-06 18:45:00,21.0,100.8,246.1
2020-02-06 19:00:00,21.0,104.1,246.2
2020-02-06 19:15:00,21.0,106.9,246.3
2020-02-06 19:30:00,21.0,97.5,246.8
2020-02-06 19:45:00,21.0,104.0,247.1
2020-02-06 20:00:00,20.0,95.3,247.5
2020-02-06 20:15:00,20.0,93.3,247.8
2020-02-06 20:30:00,20.0,88.1,248.3
2020-02-06 20:45:00,20.0,86.0,249.0
2020-02-06 21:00:00,19.0,86.7,248.7
2020-02-06 21:15:00,19.0,88.7,248.7
2020-02-06 21:30:00,19.0,79.3,249.0
2020-02-06 21:45:00,19.0,86.7,249.6
2020-02-06 22:00:00,19.0,86.9,250.1
2020-02-06 22:15:00,19.0,63.6,250.8
2020-02-06 22:30:00,18.0,58.2,251.1
2020-02-06 22:45:00,18.0,55.4,251.6
2020-02-06 23:00:00,18.0,64.4,251.7
2020-02-06 23:15:00,17.0,52.4,252.8
2020-02-06 23:30:00,18.0,58.9,252.5
2020-02-06 23:45:00,18.0,60.1,252.0
2020-02-07 00:00:00,17.0,48.9,252.3
2020-02-07 00:15:00,17.0,43.1,252.6
2020-02-07 00:30:00,17.0,40.5,252.7
2020-02-07 00:45:00,17.0,40.2,253.1
2020-02-07 01:00:00,17.0,36.5,253.6
2020-02-07 01:15:00,16.0,36.8,253.6
2020-02-07 01:30:00,16.0,36.4,253.4
2020-02-07 01:45:00,17.0,40.5,253.8
2020-02-07 02:00:00,17.0,35.0,253.9
2020-02-07 02:15:00,17.0,34.7,254.1
2020-02-07 02:30:00,17.0,32.3,253.9
2020-02-07 02:45:00,17.0,33.2,253.8
2020-02-07 03:00:00,17.0,32.2,254.2
2020-02-07 03:15:00,17.0,31.8,254.1
2020-02-07 03:30:00,17.0,31.9,253.5
2020-02-07 03:45:00,16.0,31.7,254.0
2020-02-07 04:00:00,16.0,27.9,254.1
2020-02-07 04:15:00,16.0,29.5,253.9
2020-02-07 04:30:00,16.0,30.0,253.5
2020-02-07 04:45:00,15.0,27.0,253.9
2020-02-07 05:00:00,15.0,30.0,253.8
2020-02-07 05:15:00,16.0,27.5,254.2
2020-02-07 05:30:00,15.0,36.5,253.4
2020-02-07 05:45:00,15.0,31.9,253.4
2020-02-07 06:00:00,15.0,28.4,253.2
2020-02-07 06:15:00,15.0,32.1,253.0
2020-02-07 06:30:00,15.0,42.3,251.4
2020-02-07 06:45:00,15.0,31.0,250.8
2020-02-07 07:00:00,16.0,33.4,250.4
2020-02-07 07:15:00,16.0,37.9,249.6
2020-02-07 07:30:00,17.0,65.4,248.4
2020-02-07 07:45:00,18.0,30.7,248.0
2020-02-07 08:00:00,18.0,40.4,247.5
2020-02-07 08:15:00,19.0,46.7,247.5
2020-02-07 08:30:00,20.0,55.3,247.2
2020-02-07 08:45:00,21.0,50.4,247.0
2020-02-07 09:00:00,21.0,55.5,247.0
2020-02-07 09:15:00,22.0,49.6,247.0
2020-02-07 09:30:00,23.0,47.1,246.9
2020-02-07 09:45:00,23.0,38.9,247.9
2020-02-07 10:00:00,24.0,40.7,248.0
2020-02-07 10:15:00,24.0,50.8,247.8
2020-02-07 10:30:00,24.5,63.050000000000004,247.95
2020-02-07 10:45:00,25.0,73.7,247.6
2020-02-07 11:00:00,26.0,64.7,248.2
2020-02-07 11:15:00,26.0,72.6,247.9
2020-02-07 11:30:00,27.0,85.8,247.6
2020-02-07 11:45:00,27.0,71.9,247.5
2020-02-07 12:00:00,27.0,87.9,247.3
2020-02-07 12:15:00,27.0,80.1,247.4
2020-02-07 12:30:00,29.0,83.2,246.9
2020-02-07 12:45:00,29.0,98.8,247.1
2020-02-07 13:00:00,27.0,87.2,247.0
2020-02-07 13:15:00,27.0,107.2,247.1
2020-02-07 13:30:00,26.0,88.9,247.7
2020-02-07 13:45:00,26.0,78.3,248.1
2020-02-07 14:00:00,25.0,79.5,248.4
2020-02-07 14:15:00,25.0,87.3,248.5
2020-02-07 14:30:00,25.0,77.9,249.1
2020-02-07 14:45:00,24.0,74.9,249.0
2020-02-07 15:00:00,24.0,93.2,248.9
2020-02-07 15:15:00,24.0,83.8,248.9
2020-02-07 15:30:00,24.0,74.1,249.1
2020-02-07 15:45:00,24.0,78.8,248.9
2020-02-07 16:00:00,23.0,75.4,249.0
2020-02-07 16:15:00,23.0,88.1,248.7
2020-02-07 16:30:00,23.0,81.5,249.0
2020-02-07 16:45:00,23.0,94.0,248.4
2020-02-07 17:00:00,23.0,98.4,248.1
2020-02-07 17:15:00,22.0,113.8,247.4
2020-02-07 17:30:00,22.0,103.0,247.3
2020-02-07 17:45:00,22.0,105.7,246.1
2020-02-07 18:00:00,21.0,105.3,245.7
2020-02-07 18:15:00,21.0,106.3,245.8
2020-02-07 18:30:00,21.0,109.1,245.9
2020-02-07 18:45:00,21.0,105.7,246.5
2020-02-07 19:00:00,21.0,118.1,246.6
2020-02-07 19:15:00,21.0,108.9,247.0
2020-02-07 19:30:00,21.0,104.5,247.2
2020-02-07 19:45:00,21.0,101.4,247.6
2020-02-07 20:00:00,21.0,99.2,247.8
2020-02-07 20:15:00,20.0,95.7,248.4
2020-02-07 20:30:00,20.0,90.5,248.4
2020-02-07 20:45:00,20.0,93.7,248.8
2020-02-07 21:00:00,20.0,96.8,248.6
2020-02-07 21:15:00,20.0,88.8,249.4
2020-02-07 21:30:00,20.0,85.2,250.1
2020-02-07 21:45:00,20.0,73.4,251.1
2020-02-07 22:00:00,20.0,71.3,250.7
2020-02-07 22:15:00,20.0,60.1,251.3
2020-02-07 22:30:00,20.0,74.8,251.3
2020-02-07 22:45:00,20.0,75.2,252.0
2020-02-07 23:00:00,20.0,68.4,252.5
2020-02-07 23:15:00,20.0,56.9,252.9
2020-02-07 23:30:00,20.0,52.5,252.7
2020-02-07 23:45:00,20.0,50.5,252.6
2020-02-08 00:00:00,19.0,47.2,252.7
2020-02-08 00:15:00,19.0,56.3,252.7
2020-02-08 00:30:00,19.0,44.5,253.3
2020-02-08 00:45:00,19.0,40.8,253.5
2020-02-08 01:00:00,19.0,39.1,254.1
2020-02-08 01:15:00,19.0,40.6,253.9
2020-02-08 01:30:00,19.0,38.6,253.7
2020-02-08 01:45:00,19.0,45.0,254.2
2020-02-08 02:00:00,19.0,39.7,254.0
2020-02-08 02:15:00,19.0,37.3,254.3
2020-02-08 02:30:00,19.0,42.8,254.1
2020-02-08 02:45:00,19.0,37.2,254.5
2020-02-08 03:00:00,19.0,39.4,254.3
2020-02-08 03:15:00,18.0,34.6,254.5
2020-02-08 03:30:00,18.0,39.8,254.2
2020-02-08 03:45:00,18.0,29.2,254.8
2020-02-08 04:00:00,18.0,38.8,254.6
2020-02-08 04:15:00,18.0,29.2,254.6
2020-02-08 04:30:00,17.0,37.2,254.2
2020-02-08 04:45:00,18.0,30.7,254.5
2020-02-08 05:00:00,17.0,29.1,254.5
2020-02-08 05:15:00,17.0,29.2,254.2
2020-02-08 05:30:00,17.0,38.2,253.8
2020-02-08 05:45:00,17.0,51.0,253.5
2020-02-08 06:00:00,17.0,29.7,253.6
2020-02-08 06:15:00,17.0,29.3,253.6
2020-02-08 06:30:00,17.0,32.3,252.1
2020-02-08 06:45:00,17.0,34.0,251.9
2020-02-08 07:00:00,17.0,32.0,251.1
2020-02-08 07:15:00,18.0,32.3,250.2
2020-02-08 07:30:00,18.0,34.1,249.5
2020-02-08 07:45:00,18.0,39.6,248.8
2020-02-08 08:00:00,19.0,51.0,247.9
2020-02-08 08:15:00,19.0,42.1,247.5
2020-02-08 08:30:00,20.0,62.1,247.1
2020-02-08 08:45:00,20.0,46.8,246.7
2020-02-08 09:00:00,20.0,44.1,246.9
2020-02-08 09:15:00,21.0,68.6,246.5
2020-02-08 09:30:00,21.0,49.6,245.8
2020-02-08 09:45:00,22.0,60.5,245.5
2020-02-08 10:00:00,22.0,41.2,247.8
2020-02-08 10:15:00,23.0,54.45,247.4
2020-02-08 10:30:00,24.0,67.7,247.0
2020-02-08 10:45:00,24.0,56.2,246.9
2020-02-08 11:00:00,25.0,53.1,247.5
2020-02-08 11:15:00,24.5,60.2,246.95
2020-02-08 11:30:00,24.75,57.45,247.175
2020-02-08 11:45:00,25.0,54.7,247.4
2020-02-08 12:00:00,24.0,70.3,246.4
2020-02-08 12:15:00,24.0,75.2,246.6
2020-02-08 12:30:00,24.0,97.7,246.2
2020-02-08 12:45:00,24.0,73.9,247.3
2020-02-08 13:00:00,25.0,79.7,246.4
2020-02-08 13:15:00,25.0,91.4,246.6
2020-02-08 13:30:00,25.0,74.9,246.3
2020-02-08 13:45:00,24.5,82.05,247.89999999999998
2020-02-08 14:00:00,24.0,90.4,247.9
2020-02-08 14:15:00,24.0,85.1,248.1
2020-02-08 14:30:00,24.0,71.6,248.2
2020-02-08 14:45:00,24.0,84.3,249.0
2020-02-08 15:00:00,24.0,72.5,248.5
2020-02-08 15:15:00,24.0,80.4,248.3
2020-02-08 15:30:00,24.0,79.2,248.9
2020-02-08 15:45:00,23.0,84.0,248.4
2020-02-08 16:00:00,23.0,75.3,248.6
2020-02-08 16:15:00,23.0,85.1,248.0
2020-02-08 16:30:00,23.0,83.2,247.9
2020-02-08 16:45:00,23.0,99.0,247.6
2020-02-08 17:00:00,22.0,88.0,248.0
2020-02-08 17:15:00,22.0,93.7,247.1
2020-02-08 17:30:00,22.0,103.9,246.7
2020-02-08 17:45:00,22.0,99.7,246.4
2020-02-08 18:00:00,22.0,97.6,246.0
2020-02-08 18:15:00,21.0,94.8,246.1
2020-02-08 18:30:00,21.0,104.8,246.1
2020-02-08 18:45:00,21.0,98.6,246.7
2020-02-08 19:00:00,21.0,98.2,247.2
2020-02-08 19:15:00,21.0,91.2,247.8
2020-02-08 19:30:00,21.0,101.6,247.7
2020-02-08 19:45:00,21.0,96.4,248.2
2020-02-08 20:00:00,21.0,94.0,248.2
2020-02-08 20:15:00,21.0,91.3,248.4
2020-02-08 20:30:00,21.0,72.3,248.0
2020-02-08 20:45:00,20.0,70.1,248.7
2020-02-08 21:00:00,20.0,75.4,249.3
2020-02-08 21:15:00,20.0,67.7,249.7
2020-02-08 21:30:00,20.0,67.8,249.7
2020-02-08 21:45:00,20.0,76.9,250.4
2020-02-08 22:00:00,20.0,61.2,251.0
2020-02-08 22:15:00,20.0,60.1,251.5
2020-02-08 22:30:00,20.0,65.2,251.7
2020-02-08 22:45:00,20.0,57.1,252.6
2020-02-08 23:00:00,20.0,54.7,253.2
2020-02-08 23:15:00,20.0,67.0,252.5
2020-02-08 23:30:00,20.0,53.3,252.7
2020-02-08 23:45:00,20.0,47.0,253.2
2020-02-09 00:00:00,20.0,47.6,252.5
2020-02-09 00:15:00,20.0,45.1,252.8
2020-02-09 00:30:00,20.0,43.0,253.4
2020-02-09 00:45:00,20.0,40.7,253.4
2020-02-09 01:00:00,20.0,40.6,253.5
2020-02-09 01:15:00,20.0,37.9,253.8
2020-02-09 01:30:00,20.0,38.2,253.7
2020-02-09 01:45:00,20.0,37.0,253.9
2020-02-09 02:00:00,20.0,36.3,254.1
2020-02-09 02:15:00,20.0,34.6,254.1
2020-02-09 02:30:00,19.0,33.6,254.2
2020-02-09 02:45:00,19.0,40.9,254.3
2020-02-09 03:00:00,19.0,33.8,254.1
2020-02-09 03:15:00,19.0,31.9,254.4
2020-02-09 03:30:00,19.0,33.6,254.1
2020-02-09 03:45:00,19.0,31.1,254.7
2020-02-09 04:00:00,19.0,29.5,254.4
2020-02-09 04:15:00,19.0,29.3,254.5
2020-02-09 04:30:00,19.0,30.0,254.1
2020-02-09 04:45:00,19.0,26.8,254.4
2020-02-09 05:00:00,19.0,30.4,254.3
2020-02-09 05:15:00,19.0,28.6,254.2
2020-02-09 05:30:00,19.0,28.5,254.1
2020-02-09 05:45:00,19.0,40.8,253.6
2020-02-09 06:00:00,19.0,26.9,253.8
2020-02-09 06:15:00,19.0,29.4,253.7
2020-02-09 06:30:00,19.0,31.3,252.9
2020-02-09 06:45:00,19.0,29.6,252.3
2020-02-09 07:00:00,19.0,48.6,250.9
2020-02-09 07:15:00,19.0,61.3,249.6
2020-02-09 07:30:00,19.0,55.6,249.0
2020-02-09 07:45:00,19.0,79.4,247.6
2020-02-09 08:00:00,20.0,71.9,246.9
2020-02-09 08:15:00,20.0,67.1,246.6
2020-02-09 08:30:00,21.0,34.5,247.6
2020-02-09 08:45:00,21.0,35.7,248.3
2020-02-09 09:00:00,21.0,41.5,248.1
2020-02-09 09:15:00,21.0,53.4,247.7
2020-02-09 09:30:00,22.0,41.7,247.8
2020-02-09 09:45:00,22.0,45.6,248.0
2020-02-09 10:00:00,22.0,49.2,248.1
2020-02-09 10:15:00,23.0,54.3,246.7
2020-02-09 10:30:00,23.0,61.1,246.1
2020-02-09 10:45:00,24.0,50.8,246.5
2020-02-09 11:00:00,24.0,49.5,246.9
2020-02-09 11:15:00,25.0,66.5,246.4
2020-02-09 11:30:00,26.0,51.0,246.7
2020-02-09 11:45:00,27.0,57.1,246.3
2020-02-09 12:00:00,28.0,53.2,246.2
2020-02-09 12:15:00,27.0,62.4,246.2
2020-02-09 12:30:00,29.0,54.8,246.4
2020-02-09 12:45:00,32.0,61.1,245.8
2020-02-09 13:00:00,33.0,73.3,245.7
2020-02-09 13:15:00,29.0,66.1,245.9
2020-02-09 13:30:00,33.0,56.0,246.0
2020-02-09 13:45:00,30.0,58.0,246.2
2020-02-09 14:00:00,33.0,76.3,245.5
2020-02-09 14:15:00,31.0,85.0,245.6
2020-02-09 14:30:00,33.0,68.3,246.2
2020-02-09 14:45:00,32.0,61.9,246.4
2020-02-09 15:00:00,31.0,58.8,247.0
2020-02-09 15:15:00,29.0,68.7,247.8
2020-02-09 15:30:00,29.0,68.2,247.2
2020-02-09 15:45:00,29.0,65.7,247.8
2020-02-09 16:00:00,28.0,56.4,248.0
2020-02-09 16:15:00,27.0,73.1,247.9
2020-02-09 16:30:00,27.0,67.0,248.3
2020-02-09 16:45:00,26.0,74.9,248.1
2020-02-09 17:00:00,25.0,64.9,248.6
2020-02-09 17:15:00,24.0,70.6,248.3
2020-02-09 17:30:00,24.0,83.4,247.5
2020-02-09 17:45:00,23.0,76.2,246.5
2020-02-09 18:00:00,23.0,76.7,246.2
2020-02-09 18:15:00,23.0,74.8,245.6
2020-02-09 18:30:00,22.0,66.1,246.5
2020-02-09 18:45:00,22.0,62.9,246.8
2020-02-09 19:00:00,22.0,71.5,247.5
2020-02-09 19:15:00,21.0,76.3,247.8
2020-02-09 19:30:00,21.0,70.9,247.6
2020-02-09 19:45:00,21.0,67.8,248.2
2020-02-09 20:00:00,21.0,64.3,248.4
2020-02-09 20:15:00,21.0,71.2,248.4
2020-02-09 20:30:00,20.0,77.9,248.5
2020-02-09 20:45:00,20.0,74.8,249.6
2020-02-09 21:00:00,20.0,60.3,248.7
2020-02-09 21:15:00,20.0,58.3,249.4
2020-02-09 21:30:00,20.0,59.8,249.3
2020-02-09 21:45:00,20.0,59.5,250.3
2020-02-09 22:00:00,20.0,66.8,249.6
2020-02-09 22:15:00,20.0,59.8,250.2
2020-02-09 22:30:00,20.0,54.3,250.6
2020-02-09 22:45:00,20.0,58.9,250.3
2020-02-09 23:00:00,20.0,55.2,251.1
2020-02-09 23:15:00,19.0,68.3,251.2
2020-02-09 23:30:00,19.0,54.9,251.9
2020-02-09 23:45:00,19.0,45.7,252.0
2020-02-10 00:00:00,19.0,44.1,252.05
2020-02-10 00:15:00,19.0,42.5,252.1
2020-02-10 00:30:00,19.015267175572518,42.72290076335878,252.0679389312977
2020-02-10 00:45:00,19.03053435114504,42.94580152671756,252.0358778625954
2020-02-10 01:00:00,19.045801526717558,43.16870229007634,252.00381679389312
2020-02-10 01:15:00,19.061068702290076,43.39160305343511,251.97175572519083
2020-02-12 16:45:00,22.938931297709924,100.00839694656489,243.82824427480915
2020-02-12 17:00:00,22.954198473282442,100.23129770992367,243.79618320610686
2020-02-12 17:15:00,22.969465648854964,100.45419847328245,243.76412213740457
2020-02-12 17:30:00,22.984732824427482,100.67709923664123,243.73206106870228
2020-02-12 17:45:00,23.0,100.9,243.7
2020-02-12 18:00:00,23.0,102.3,243.3
2020-02-12 18:15:00,23.0,117.3,243.4
2020-02-12 18:30:00,22.0,102.2,243.6
2020-02-12 18:45:00,22.0,99.8,245.4
2020-02-12 19:00:00,22.0,97.3,245.7
2020-02-12 19:15:00,22.0,101.4,246.2
2020-02-12 19:30:00,22.0,97.5,246.3
2020-02-12 19:45:00,22.0,98.8,246.9
2020-02-12 20:00:00,21.0,88.5,247.1
2020-02-12 20:15:00,21.0,92.0,247.3
2020-02-12 20:30:00,21.0,86.7,248.0
2020-02-12 20:45:00,21.0,85.9,248.1
2020-02-12 21:00:00,21.0,89.2,248.4
2020-02-12 21:15:00,20.0,80.7,249.3
2020-02-12 21:30:00,20.0,62.6,249.9
2020-02-12 21:45:00,20.0,78.4,250.2
2020-02-12 22:00:00,20.0,71.6,250.6
2020-02-12 22:15:00,20.0,61.9,251.7
2020-02-12 22:30:00,19.0,64.0,251.9
2020-02-12 22:45:00,19.0,54.4,252.7
2020-02-12 23:00:00,19.0,60.9,252.0
2020-02-12 23:15:00,19.0,51.1,252.6
2020-02-12 23:30:00,19.0,47.6,252.6
2020-02-12 23:45:00,18.0,47.9,252.8
2020-02-13 00:00:00,18.0,51.4,252.8
2020-02-13 00:15:00,18.0,41.0,253.3
2020-02-13 00:30:00,18.0,41.1,253.7
2020-02-13 00:45:00,18.0,37.1,254.3
2020-02-13 01:00:00,18.0,37.8,254.7
2020-02-13 01:15:00,17.0,36.4,254.7
2020-02-13 01:30:00,17.0,35.9,254.4
2020-02-13 01:45:00,17.0,34.7,254.7
2020-02-13 02:00:00,17.0,33.3,254.8
2020-02-13 02:15:00,17.0,31.5,255.1
2020-02-13 02:30:00,17.0,31.4,255.0
2020-02-13 02:45:00,17.0,33.6,254.7
2020-02-13 03:00:00,16.0,33.8,254.8
2020-02-13 03:15:00,16.0,32.6,255.1
2020-02-13 03:30:00,16.0,31.8,254.9
2020-02-13 03:45:00,16.0,29.8,255.2
2020-02-13 04:00:00,16.0,28.2,255.2
2020-02-13 04:15:00,16.0,30.7,255.5
2020-02-13 04:30:00,16.0,26.5,254.9
2020-02-13 04:45:00,16.0,29.5,255.0
2020-02-13 05:00:00,15.0,31.1,254.9
2020-02-13 05:15:00,15.0,28.8,255.1
2020-02-13 05:30:00,15.0,30.0,254.7
2020-02-13 05:45:00,15.0,38.5,254.6
2020-02-13 06:00:00,15.0,28.6,254.1
2020-02-13 06:15:00,15.0,30.0,254.4
2020-02-13 06:30:00,15.0,33.1,253.1
2020-02-13 06:45:00,15.0,31.6,252.9
2020-02-13 07:00:00,15.0,48.0,251.5
2020-02-13 07:15:00,15.0,50.5,250.5
2020-02-13 07:30:00,16.0,41.3,249.6
2020-02-13 07:45:00,16.0,38.3,248.8
2020-02-13 08:00:00,17.0,36.4,249.3
2020-02-13 08:15:00,18.0,38.2,248.9
2020-02-13 08:30:00,19.0,34.9,249.0
2020-02-13 08:45:00,19.0,53.8,248.1
2020-02-13 09:00:00,20.0,47.4,248.4
2020-02-13 09:15:00,21.0,48.4,248.5
2020-02-13 09:30:00,21.0,66.6,246.3
2020-02-13 09:45:00,22.0,83.8,246.9
2020-02-13 10:00:00,22.0,68.5,247.6
2020-02-13 10:15:00,22.0,50.0,247.5
2020-02-13 10:30:00,23.0,59.9,247.2
2020-02-13 10:45:00,24.0,52.8,247.3
2020-02-13 11:00:00,24.0,72.6,246.9
2020-02-13 11:15:00,25.0,66.2,247.1
2020-02-13 11:30:00,25.0,61.2,246.8
2020-02-13 11:45:00,26.0,68.95,246.9
2020-02-13 12:00:00,27.0,76.7,247.0
2020-02-13 12:15:00,27.0,80.4,247.0
2020-02-13 12:30:00,30.0,76.4,246.5
2020-02-13 12:45:00,32.0,72.8,247.0
2020-02-13 13:00:00,34.0,80.4,247.3
2020-02-13 13:15:00,34.0,80.0,247.4
2020-02-13 13:30:00,34.0,86.7,246.6
2020-02-13 13:45:00,30.0,81.4,246.9
2020-02-13 14:00:00,31.0,88.5,246.4
2020-02-13 14:15:00,32.0,101.7,246.1
2020-02-13 14:30:00,32.0,84.2,246.5
2020-02-13 14:45:00,32.0,70.9,246.7
2020-02-13 15:00:00,32.0,70.5,247.0
2020-02-13 15:15:00,30.0,83.1,246.7
2020-02-13 15:30:00,29.0,83.6,246.6
2020-02-13 15:45:00,28.0,75.6,247.0
2020-02-13 16:00:00,27.0,69.0,247.9
2020-02-13 16:15:00,27.0,78.6,247.3
2020-02-13 16:30:00,26.0,78.7,247.2
2020-02-13 16:45:00,25.0,82.7,246.4
2020-02-13 17:00:00,25.0,87.95,246.55
2020-02-13 17:15:00,24.0,95.6,246.2
2020-02-13 17:30:00,24.0,91.2,246.2
2020-02-13 17:45:00,23.0,98.5,245.1
2020-02-13 18:00:00,23.0,104.9,243.8
2020-02-13 18:15:00,22.0,101.2,243.9
2020-02-13 18:30:00,22.0,101.3,244.1
2020-02-13 18:45:00,22.0,109.9,244.8
2020-02-13 19:00:00,21.0,100.3,245.4
2020-02-13 19:15:00,21.0,99.9,245.7
2020-02-13 19:30:00,21.0,109.9,245.8
2020-02-13 19:45:00,20.0,102.3,246.3
2020-02-13 20:00:00,20.0,94.9,246.5
2020-02-13 20:15:00,20.0,91.6,246.8
2020-02-13 20:30:00,20.0,87.3,247.4
2020-02-13 20:45:00,20.0,89.0,247.5
2020-02-13 21:00:00,20.0,98.8,247.9
2020-02-13 21:15:00,19.0,97.2,248.7
2020-02-13 21:30:00,19.0,86.1,248.7
2020-02-13 21:45:00,19.0,64.5,249.8
2020-02-13 22:00:00,19.0,83.9,250.4
2020-02-13 22:15:00,19.0,65.3,251.2
2020-02-13 22:30:00,19.0,59.2,251.4
2020-02-13 22:45:00,18.0,60.5,253.2
2020-02-13 23:00:00,18.0,74.3,252.5
2020-02-13 23:15:00,18.0,66.7,253.1
2020-02-13 23:30:00,17.0,54.3,253.3
2020-02-13 23:45:00,17.0,50.7,254.0
2020-02-14 00:00:00,17.0,46.9,254.3
2020-02-14 00:15:00,17.0,47.1,254.4
2020-02-14 00:30:00,17.0,51.0,255.1
2020-02-14 00:45:00,17.0,43.2,254.3
2020-02-14 01:00:00,16.0,41.9,254.6
2020-02-14 01:15:00,16.0,37.5,254.9
2020-02-14 01:30:00,16.0,34.7,255.0
2020-02-14 01:45:00,16.0,38.1,255.0
2020-02-14 02:00:00,16.0,35.4,255.2
2020-02-14 02:15:00,16.0,35.8,255.3
2020-02-14 02:30:00,16.0,38.4,254.8
2020-02-14 02:45:00,16.0,36.7,255.2
2020-02-14 03:00:00,16.0,36.6,255.3
2020-02-14 03:15:00,15.0,32.2,255.4
2020-02-14 03:30:00,15.0,32.8,255.4
2020-02-14 03:45:00,15.0,33.7,255.5
2020-02-14 04:00:00,15.0,32.9,255.4
2020-02-14 04:15:00,15.0,30.2,255.4
2020-02-14 04:30:00,15.0,30.1,255.0
2020-02-14 04:45:00,15.0,28.0,255.0
2020-02-14 05:00:00,14.0,30.9,255.2
2020-02-14 05:15:00,15.0,29.3,255.1
2020-02-14 05:30:00,14.0,28.3,254.7
2020-02-14 05:45:00,14.0,37.5,254.6
2020-02-14 06:00:00,14.0,30.2,254.3
2020-02-14 06:15:00,14.0,38.7,253.7
2020-02-14 06:30:00,14.0,37.5,252.7
2020-02-14 06:45:00,14.0,43.0,253.1
2020-02-14 07:00:00,14.0,39.1,252.9
2020-02-14 07:15:00,15.0,46.8,250.6
2020-02-14 07:30:00,15.0,52.2,249.9
2020-02-14 07:45:00,16.0,33.7,249.8
2020-02-14 08:00:00,16.0,42.3,248.7
2020-02-14 08:15:00,17.0,40.9,249.1
2020-02-14 08:30:00,18.0,51.8,248.9
2020-02-14 08:45:00,19.0,40.9,248.9
2020-02-14 09:00:00,19.0,62.1,248.4
2020-02-14 09:15:00,20.0,48.2,249.0
2020-02-14 09:30:00,21.0,55.6,248.4
2020-02-14 09:45:00,22.0,40.1,248.6
2020-02-14 10:00:00,22.0,58.0,249.0
2020-02-14 10:15:00,23.0,46.2,249.3
2020-02-14 10:30:00,24.0,55.0,249.0
2020-02-14 10:45:00,24.0,59.8,248.7
2020-02-14 11:00:00,25.0,73.2,248.8
2020-02-14 11:15:00,26.0,65.8,249.1
2020-02-14 11:30:00,26.0,86.0,247.7
2020-02-14 11:45:00,27.0,64.0,247.8
2020-02-14 12:00:00,27.0,87.3,247.9
2020-02-14 12:15:00,28.0,70.3,247.6
2020-02-14 12:30:00,30.0,72.8,247.0
2020-02-14 12:45:00,32.0,93.3,246.8
2020-02-14 13:00:00,32.0,79.4,246.6
2020-02-14 13:15:00,33.0,78.1,247.0
2020-02-14 13:30:00,33.0,91.1,247.1
2020-02-14 13:45:00,30.0,76.7,247.2
2020-02-14 14:00:00,30.0,97.2,247.1
2020-02-14 14:15:00,31.0,88.9,247.1
2020-02-14 14:30:00,31.0,108.7,247.0
2020-02-14 14:45:00,30.0,68.4,247.7
2020-02-14 15:00:00,30.0,80.1,247.8
2020-02-14 15:15:00,29.0,78.5,247.9
2020-02-14 15:30:00,28.0,72.0,248.0
2020-02-14 15:45:00,28.0,80.5,246.9
2020-02-14 16:00:00,27.0,78.4,248.4
2020-02-14 16:15:00,27.0,78.1,248.4
2020-02-14 16:30:00,26.0,89.5,248.7
2020-02-14 16:45:00,26.0,104.4,247.8
2020-02-14 17:00:00,24.5,85.2,247.95
2020-02-14 17:15:00,24.0,84.8,247.9
2020-02-14 17:30:00,24.0,103.7,246.9
2020-02-14 17:45:00,23.0,118.8,245.8
2020-02-14 18:00:00,23.0,107.5,245.1
2020-02-14 18:15:00,23.0,106.9,245.2
2020-02-14 18:30:00,22.5,107.80000000000001,245.45
2020-02-14 18:45:00,22.0,108.7,245.7
2020-02-14 19:00:00,22.0,101.9,246.1
2020-02-14 19:15:00,22.0,101.6,246.1
2020-02-14 19:30:00,22.0,121.8,246.4
2020-02-14 19:45:00,22.0,104.3,247.0
2020-02-14 20:00:00,22.0,94.9,247.7
2020-02-14 20:15:00,22.0,93.7,247.7
2020-02-14 20:30:00,22.0,92.4,248.1
2020-02-14 20:45:00,21.0,94.0,248.5
2020-02-14 21:00:00,21.0,87.6,248.0
2020-02-14 21:15:00,21.0,82.4,248.6
2020-02-14 21:30:00,21.0,82.1,248.9
2020-02-14 21:45:00,21.0,70.3,249.8
2020-02-14 22:00:00,21.0,64.2,250.0
2020-02-14 22:15:00,20.0,56.2,250.7
2020-02-14 22:30:00,20.0,62.8,251.2
2020-02-14 22:45:00,20.0,63.1,251.5
2020-02-14 23:00:00,20.0,70.0,251.9
2020-02-14 23:15:00,20.0,69.5,251.8
2020-02-14 23:30:00,20.0,49.9,252.3
2020-02-14 23:45:00,20.0,47.1,251.0
2020-02-15 00:00:00,19.0,48.0,251.6
2020-02-15 00:15:00,19.0,42.5,252.0
2020-02-15 00:30:00,19.0,38.4,252.2
2020-02-15 00:45:00,19.0,42.8,252.3
2020-02-15 01:00:00,19.0,38.0,252.4
2020-02-15 01:15:00,19.0,38.4,252.5
2020-02-15 01:30:00,19.0,38.1,252.1
2020-02-15 01:45:00,19.0,35.4,252.3
2020-02-15 02:00:00,19.0,36.1,252.4
2020-02-15 02:15:00,19.0,32.5,252.9
2020-02-15 02:30:00,19.0,33.0,252.3
2020-02-15 02:45:00,18.0,32.3,252.6
2020-02-15 03:00:00,18.0,33.4,252.5
2020-02-15 03:15:00,18.0,33.1,252.8
2020-02-15 03:30:00,18.0,33.1,252.5
2020-02-15 03:45:00,18.0,31.7,252.7
2020-02-15 04:00:00,18.0,31.7,252.7
2020-02-15 04:15:00,18.0,29.6,252.7
2020-02-15 04:30:00,18.0,30.0,252.0
2020-02-15 04:45:00,18.0,31.7,252.3
2020-02-15 05:00:00,18.0,28.2,252.4
2020-02-15 05:15:00,18.0,30.0,252.4
2020-02-15 05:30:00,18.0,29.4,251.9
2020-02-15 05:45:00,18.0,29.0,251.8
2020-02-15 06:00:00,18.0,29.8,251.8
2020-02-15 06:15:00,18.0,28.7,251.7
2020-02-15 06:30:00,18.0,37.8,250.8
2020-02-15 06:45:00,18.0,37.7,249.8
2020-02-15 07:00:00,18.0,50.1,250.2
2020-02-15 07:15:00,18.0,30.2,250.3
2020-02-15 07:30:00,18.0,32.4,249.6
2020-02-15 07:45:00,19.0,35.4,249.2
2020-02-15 08:00:00,19.0,32.9,249.0
2020-02-15 08:15:00,19.0,49.0,248.0
2020-02-15 08:30:00,20.0,36.9,247.9
2020-02-15 08:45:00,20.0,47.3,247.7
2020-02-15 09:00:00,20.0,45.0,247.6
2020-02-15 09:15:00,21.0,38.8,247.3
2020-02-15 09:30:00,21.0,44.5,247.8
2020-02-15 09:45:00,22.0,52.3,246.8
2020-02-15 10:00:00,22.0,47.2,247.5
2020-02-15 10:15:00,23.0,57.3,247.3
2020-02-15 10:30:00,23.0,71.1,246.8
2020-02-15 10:45:00,24.0,43.0,247.7
2020-02-15 11:00:00,24.5,45.9,246.89999999999998
2020-02-15 11:15:00,25.0,48.8,246.1
2020-02-15 11:30:00,26.0,66.3,246.1
2020-02-15 11:45:00,27.0,69.7,246.0
2020-02-15 12:00:00,28.0,67.5,246.6
2020-02-15 12:15:00,28.0,86.7,246.6
2020-02-15 12:30:00,30.0,85.0,246.0
2020-02-15 12:45:00,31.0,97.6,245.1
2020-02-15 13:00:00,31.0,112.4,246.1
2020-02-15 13:15:00,32.0,75.7,247.0
2020-02-15 13:30:00,32.0,92.2,246.3
2020-02-15 13:45:00,31.0,82.8,245.9
2020-02-15 14:00:00,30.0,78.7,245.8
2020-02-15 14:15:00,32.0,99.3,246.6
2020-02-15 14:30:00,32.0,92.5,246.9
2020-02-15 14:45:00,31.0,91.1,247.0
2020-02-15 15:00:00,31.0,94.7,246.2
2020-02-15 15:15:00,30.0,99.4,246.1
2020-02-15 15:30:00,30.0,67.6,246.4
2020-02-15 15:45:00,29.0,72.7,246.4
2020-02-15 16:00:00,29.0,80.8,246.3
2020-02-15 16:15:00,28.0,71.3,246.5
2020-02-15 16:30:00,28.0,107.0,245.2
2020-02-15 16:45:00,27.0,87.1,246.2
2020-02-15 17:00:00,26.0,74.2,246.5
2020-02-15 17:15:00,26.0,81.4,246.0
2020-02-15 17:30:00,25.0,87.9,245.3
2020-02-15 17:45:00,25.0,102.9,244.9
2020-02-15 18:00:00,24.0,100.7,242.8
2020-02-15 18:15:00,24.0,101.06666666666666,243.26666666666668
2020-02-15 18:30:00,24.0,101.43333333333334,243.73333333333332
2020-02-15 18:45:00,24.0,101.8,244.2
2020-02-15 19:00:00,24.0,97.0,244.1
2020-02-15 19:15:00,24.0,96.4,243.9
2020-02-15 19:30:00,24.0,94.5,244.5
2020-02-15 19:45:00,24.0,108.1,244.5
2020-02-15 20:00:00,24.0,101.7,244.5
2020-02-15 20:15:00,24.0,92.0,245.4
2020-02-15 20:30:00,24.0,88.6,245.7
2020-02-15 20:45:00,24.0,88.9,246.1
2020-02-15 21:00:00,24.0,81.8,246.5
2020-02-15 21:15:00,24.0,83.6,246.9
2020-02-15 21:30:00,23.0,69.3,247.5
2020-02-15 21:45:00,23.0,72.7,248.6
2020-02-15 22:00:00,23.0,65.1,249.5
2020-02-15 22:15:00,23.0,60.9,248.5
2020-02-15 22:30:00,22.0,69.6,248.7
2020-02-15 22:45:00,22.0,54.6,249.3
2020-02-15 23:00:00,22.0,55.3,249.5
2020-02-15 23:15:00,22.0,54.6,250.3
2020-02-15 23:30:00,22.0,51.4,250.3
2020-02-15 23:45:00,22.0,45.5,251.2
2020-02-16 00:00:00,22.0,46.6,251.6
2020-02-16 00:15:00,21.0,55.2,249.9
2020-02-16 00:30:00,21.0,53.7,249.9
2020-02-16 00:45:00,21.0,43.6,250.6
2020-02-16 01:00:00,21.0,40.3,250.4
2020-02-16 01:15:00,21.0,36.6,250.8
2020-02-16 01:30:00,21.0,35.6,250.95
2020-02-16 01:45:00,21.0,34.6,251.1
2020-02-16 02:00:00,21.0,36.9,251.1
2020-02-16 02:15:00,21.0,33.7,251.4
2020-02-16 02:30:00,21.0,31.0,251.2
2020-02-16 02:45:00,21.0,34.2,251.1
2020-02-16 03:00:00,21.0,33.1,251.1
2020-02-16 03:15:00,21.0,31.5,251.4
2020-02-16 03:30:00,21.0,31.4,251.1
2020-02-16 03:45:00,21.0,32.5,251.4
2020-02-16 04:00:00,21.0,31.0,251.2
2020-02-16 04:15:00,21.0,28.1,251.5
2020-02-16 04:30:00,21.0,28.9,251.2
2020-02-16 04:45:00,21.0,29.1,251.1
2020-02-16 05:00:00,21.0,28.5,251.1
2020-02-16 05:15:00,21.0,41.7,250.3
2020-02-16 05:30:00,21.0,28.8,250.5
2020-02-16 05:45:00,21.0,29.8,250.4
2020-02-16 06:00:00,20.0,28.3,250.3
2020-02-16 06:15:00,20.0,29.2,250.2
2020-02-16 06:30:00,20.0,29.4,249.1
2020-02-16 06:45:00,20.0,27.8,248.3
2020-02-16 07:00:00,20.0,30.5,247.3
2020-02-16 07:15:00,20.0,29.2,247.2
2020-02-16 07:30:00,20.0,31.0,246.8
2020-02-16 07:45:00,20.0,37.2,246.8
2020-02-16 08:00:00,21.0,35.5,246.8
2020-02-16 08:15:00,21.0,34.2,246.4
2020-02-16 08:30:00,21.0,44.8,245.8
2020-02-16 08:45:00,21.0,48.8,245.7
2020-02-16 09:00:00,21.0,34.4,246.2
2020-02-16 09:15:00,22.0,59.0,245.5
2020-02-16 09:30:00,22.0,54.5,246.3
2020-02-16 09:45:00,22.0,69.7,245.9
2020-02-16 10:00:00,23.0,47.8,247.8
2020-02-16 10:15:00,23.0,48.5,247.7
2020-02-16 10:30:00,23.0,57.5,247.2
2020-02-16 10:45:00,24.0,71.9,245.9
2020-02-16 11:00:00,24.0,50.3,246.1
2020-02-16 11:15:00,25.0,42.4,246.5
2020-02-16 11:30:00,25.0,44.1,246.2
2020-02-16 11:45:00,27.0,58.2,245.9
2020-02-16 12:00:00,27.0,56.5,246.0
2020-02-16 12:15:00,28.0,46.6,246.3
2020-02-16 12:30:00,29.0,53.8,245.8
2020-02-16 12:45:00,29.0,63.3,245.6
2020-02-16 13:00:00,31.0,75.7,245.5
2020-02-16 13:15:00,30.0,77.8,245.3
2020-02-16 13:30:00,32.0,58.8,245.5
2020-02-16 13:45:00,29.0,61.6,245.2
2020-02-16 14:00:00,30.5,58.8,245.75
2020-02-16 14:15:00,31.0,60.7,245.7
2020-02-16 14:30:00,31.0,72.5,244.2
2020-02-16 14:45:00,31.0,61.3,242.9
2020-02-16 15:00:00,30.0,60.3,243.5
2020-02-16 15:15:00,29.0,66.7,243.2
2020-02-16 15:30:00,29.0,73.1,243.0
2020-02-16 15:45:00,28.0,51.2,246.5
2020-02-16 16:00:00,28.0,54.9,246.6
2020-02-16 16:15:00,28.0,56.3,246.6
2020-02-16 16:30:00,27.0,63.4,246.9
2020-02-16 16:45:00,27.0,80.7,246.1
2020-02-16 17:00:00,26.0,59.3,246.3
2020-02-16 17:15:00,25.0,54.1,246.9
2020-02-16 17:30:00,25.0,56.5,246.0
2020-02-16 17:45:00,24.0,59.4,244.7
2020-02-16 18:00:00,24.0,73.8,243.5
2020-02-16 18:15:00,24.0,60.3,244.2
2020-02-16 18:30:00,24.0,60.7,244.4
2020-02-16 18:45:00,24.0,66.2,245.0
2020-02-16 19:00:00,24.0,62.4,245.1
2020-02-16 19:15:00,23.0,64.7,245.3
2020-02-16 19:30:00,23.0,58.2,245.7
2020-02-16 19:45:00,23.0,59.0,246.0
2020-02-16 20:00:00,23.0,61.5,247.2
2020-02-16 20:15:00,23.0,63.1,247.3
2020-02-16 20:30:00,22.0,56.2,247.4
2020-02-16 20:45:00,23.0,58.0,247.7
2020-02-16 21:00:00,22.0,60.6,247.8
2020-02-16 21:15:00,22.0,58.6,248.4
2020-02-16 21:30:00,22.0,55.6,249.0
2020-02-16 21:45:00,22.0,56.0,249.5
2020-02-16 22:00:00,22.0,59.2,249.8
2020-02-16 22:15:00,22.0,54.5,250.9
2020-02-16 22:30:00,22.0,56.0,250.7
2020-02-16 22:45:00,22.0,61.8,251.6
2020-02-16 23:00:00,22.0,58.8,252.3
2020-02-16 23:15:00,21.0,50.0,251.1
2020-02-16 23:30:00,21.0,44.7,251.1
2020-02-16 23:45:00,21.0,46.1,251.1
2020-02-17 00:00:00,21.0,48.3,251.5
2020-02-17 00:15:00,21.0,44.5,252.0
2020-02-17 00:30:00,21.0,41.4,252.4
2020-02-17 00:45:00,20.0,38.7,252.3
2020-02-17 01:00:00,20.0,38.7,252.5
2020-02-17 01:15:00,20.0,35.9,253.1
2020-02-17 01:30:00,20.0,36.5,253.1
2020-02-17 01:45:00,20.0,35.9,253.3
2020-02-17 02:00:00,20.0,34.6,253.7
2020-02-17 02:15:00,20.0,35.1,253.6
2020-02-17 02:30:00,20.0,34.2,253.6
2020-02-17 02:45:00,20.0,34.1,254.2
2020-02-17 03:00:00,20.0,36.5,254.4
2020-02-17 03:15:00,20.0,34.3,254.3
2020-02-17 03:30:00,20.0,35.4,254.3
2020-02-17 03:45:00,20.0,33.2,254.3
2020-02-17 04:00:00,19.0,29.9,254.5
2020-02-17 04:15:00,19.0,29.8,254.3
2020-02-17 04:30:00,19.0,29.0,254.1
2020-02-17 04:45:00,19.0,30.9,254.6
2020-02-17 05:00:00,19.0,31.8,254.2
2020-02-17 05:15:00,19.0,30.3,254.2
2020-02-17 05:30:00,19.0,26.8,254.1
2020-02-17 05:45:00,19.0,37.5,253.7
2020-02-17 06:00:00,19.0,32.9,253.6
2020-02-17 06:15:00,19.0,29.7,253.1
2020-02-17 06:30:00,19.0,30.2,252.2
2020-02-17 06:45:00,19.0,31.8,251.5
2020-02-17 07:00:00,19.0,31.9,251.2
2020-02-17 07:15:00,19.0,34.1,250.2
2020-02-17 07:30:00,19.0,34.1,249.7
2020-02-17 07:45:00,19.0,52.3,248.8
2020-02-17 08:00:00,19.0,42.0,249.0
2020-02-17 08:15:00,20.0,40.2,248.9
2020-02-17 08:30:00,20.0,33.5,248.6
2020-02-17 08:45:00,21.0,34.7,248.5
2020-02-17 09:00:00,21.0,39.9,247.8
2020-02-17 09:15:00,21.0,46.2,247.8
2020-02-17 09:30:00,21.0,59.1,246.8
2020-02-17 09:45:00,21.0,55.0,247.2
2020-02-17 10:00:00,22.0,54.9,246.9
2020-02-17 10:15:00,23.0,38.2,246.8
2020-02-17 10:30:00,23.0,36.4,245.9
2020-02-17 10:45:00,24.0,51.3,246.7
2020-02-17 11:00:00,24.5,59.6,246.05
2020-02-17 11:15:00,25.0,67.9,245.4
2020-02-17 11:30:00,27.0,75.6,245.8
2020-02-17 11:45:00,27.0,74.2,244.8
2020-02-17 12:00:00,28.0,67.7,244.6
2020-02-17 12:15:00,28.0,74.4,244.2
2020-02-17 12:30:00,30.0,90.7,243.6
2020-02-17 12:45:00,31.0,85.1,244.2
2020-02-17 13:00:00,31.0,79.6,244.1
2020-02-17 13:15:00,31.0,80.9,244.2
2020-02-17 13:30:00,32.0,100.9,244.1
2020-02-17 13:45:00,30.0,103.3,243.9
2020-02-17 14:00:00,30.0,91.9,244.3
2020-02-17 14:15:00,31.0,99.1,244.3
2020-02-17 14:30:00,31.0,80.9,244.8
2020-02-17 14:45:00,31.0,88.5,244.5
2020-02-17 15:00:00,32.0,98.7,245.1
2020-02-17 15:15:00,31.0,91.5,245.1
2020-02-17 15:30:00,30.0,75.0,245.4
2020-02-17 15:45:00,29.0,81.8,245.2
2020-02-17 16:00:00,29.0,80.5,245.0
2020-02-17 16:15:00,28.0,91.3,245.0
2020-02-17 16:30:00,28.0,78.2,245.5
2020-02-17 16:45:00,27.0,84.5,245.4
2020-02-17 17:00:00,26.0,85.9,245.4
2020-02-17 17:15:00,26.0,96.2,244.8
2020-02-17 17:30:00,25.0,104.7,243.7
2020-02-17 17:45:00,24.0,99.4,242.8
2020-02-17 18:00:00,24.0,102.0,242.65
2020-02-17 18:15:00,24.0,104.6,242.5
2020-02-17 18:30:00,24.0,102.1,244.0
2020-02-17 18:45:00,24.0,102.0,244.3
2020-02-17 19:00:00,23.0,110.5,244.7
2020-02-17 19:15:00,23.0,97.9,245.6
2020-02-17 19:30:00,23.0,99.0,245.7
2020-02-17 19:45:00,23.0,100.8,246.2
2020-02-17 20:00:00,22.0,96.6,246.5
2020-02-17 20:15:00,22.0,96.4,246.3
2020-02-17 20:30:00,22.0,91.8,246.3
2020-02-17 20:45:00,22.0,88.5,246.5
2020-02-17 21:00:00,22.0,91.8,247.0
2020-02-17 21:15:00,22.0,80.7,248.2
2020-02-17 21:30:00,21.0,79.5,248.7
2020-02-17 21:45:00,21.0,76.9,249.0
2020-02-17 22:00:00,21.0,63.9,248.8
2020-02-17 22:15:00,21.0,65.0,249.6
2020-02-17 22:30:00,20.0,63.6,249.6
2020-02-17 22:45:00,20.0,56.5,250.4
2020-02-17 23:00:00,20.0,56.3,250.3
2020-02-17 23:15:00,20.0,62.4,250.4
2020-02-17 23:30:00,20.0,60.2,251.3
2020-02-17 23:45:00,20.0,58.4,250.6
2020-02-18 00:00:00,20.0,47.5,251.2
2020-02-18 00:15:00,20.0,46.4,251.1
2020-02-18 00:30:00,19.0,40.9,251.4
2020-02-18 00:45:00,19.0,43.9,251.4
2020-02-18 01:00:00,19.0,41.0,251.7
2020-02-18 01:15:00,19.0,38.0,251.9
2020-02-18 01:30:00,19.0,41.7,251.7
2020-02-18 01:45:00,19.0,36.5,252.1
2020-02-18 02:00:00,19.0,39.7,251.8
2020-02-18 02:15:00,19.0,33.2,252.5
2020-02-18 02:30:00,19.0,34.8,252.3
2020-02-18 02:45:00,19.0,33.7,252.4
2020-02-18 03:00:00,18.0,32.6,252.4
2020-02-18 03:15:00,18.0,33.9,252.4
2020-02-18 03:30:00,18.0,37.2,252.4
2020-02-18 03:45:00,18.0,32.7,252.7
2020-02-18 04:00:00,18.0,28.8,253.0
2020-02-18 04:15:00,18.0,32.5,252.6
2020-02-18 04:30:00,18.0,32.6,252.1
2020-02-18 04:45:00,18.0,30.4,252.5
2020-02-18 05:00:00,18.0,31.1,252.7
2020-02-18 05:15:00,18.0,31.7,252.4
2020-02-18 05:30:00,17.0,28.5,251.9
2020-02-18 05:45:00,18.0,28.4,252.0
2020-02-18 06:00:00,17.0,38.4,251.5
2020-02-18 06:15:00,17.0,31.0,251.2
2020-02-18 06:30:00,17.0,33.1,249.9
2020-02-18 06:45:00,17.0,33.1,249.5
2020-02-18 07:00:00,18.0,32.7,248.9
2020-02-18 07:15:00,18.0,35.9,249.4
2020-02-18 07:30:00,19.0,35.2,248.9
2020-02-18 07:45:00,19.0,43.7,248.8
2020-02-18 08:00:00,19.0,43.7,248.0
2020-02-18 08:15:00,20.0,37.2,247.5
2020-02-18 08:30:00,21.0,37.8,247.0
2020-02-18 08:45:00,21.0,46.3,246.8
2020-02-18 09:00:00,22.0,51.3,246.0
2020-02-18 09:15:00,23.0,51.6,246.1
2020-02-18 09:30:00,24.0,64.35,245.45
2020-02-18 09:45:00,25.0,77.1,244.8
2020-02-18 10:00:00,25.0,58.8,245.7
2020-02-18 10:15:00,26.0,43.6,246.5
2020-02-18 10:30:00,26.0,57.0,245.5
2020-02-18 10:45:00,27.0,71.1,245.6
2020-02-18 11:00:00,27.0,64.9,245.9
2020-02-18 11:15:00,28.0,74.9,245.7
2020-02-18 11:30:00,28.0,101.2,245.4
2020-02-18 11:45:00,29.0,68.7,245.7
2020-02-18 12:00:00,30.0,86.1,245.2
2020-02-18 12:15:00,30.0,89.6,244.7
2020-02-18 12:30:00,32.0,128.1,244.4
2020-02-18 12:45:00,34.0,80.8,245.1
2020-02-18 13:00:00,34.0,83.0,245.2
2020-02-18 13:15:00,35.0,83.1,245.6
2020-02-18 13:30:00,35.0,119.4,245.0
2020-02-18 13:45:00,32.0,127.2,245.0
2020-02-18 14:00:00,33.0,98.6,244.9
2020-02-18 14:15:00,36.0,100.2,245.1
2020-02-18 14:30:00,34.0,84.9,245.6
2020-02-18 14:45:00,34.0,85.2,245.3
2020-02-18 15:00:00,33.0,90.0,245.4
2020-02-18 15:15:00,31.0,84.8,246.1
2020-02-18 15:30:00,30.0,99.1,245.0
2020-02-18 15:45:00,30.0,83.3,245.4
2020-02-18 16:00:00,29.0,74.8,245.9
2020-02-18 16:15:00,28.0,71.7,245.8
2020-02-18 16:30:00,28.0,81.6,245.4
2020-02-18 16:45:00,27.0,95.5,245.1
2020-02-18 17:00:00,27.0,96.4,245.4
2020-02-18 17:15:00,26.0,119.5,245.1
2020-02-18 17:30:00,26.0,102.0,244.7
2020-02-18 17:45:00,26.0,140.8,243.0
2020-02-18 18:00:00,25.0,127.5,242.3
2020-02-18 18:15:00,25.0,110.7,242.5
2020-02-18 18:30:00,25.0,110.5,242.9
2020-02-18 18:45:00,24.0,120.1,243.6
2020-02-18 19:00:00,25.0,107.6,243.8
2020-02-18 19:15:00,24.0,107.1,244.2
2020-02-18 19:30:00,24.0,103.6,244.7
2020-02-18 19:45:00,24.0,112.4,245.3
2020-02-18 20:00:00,24.0,106.1,245.4
2020-02-18 20:15:00,24.0,103.1,246.1
2020-02-18 20:30:00,23.0,102.6,246.1
2020-02-18 20:45:00,23.0,89.4,246.4
2020-02-18 21:00:00,23.0,89.0,246.7
2020-02-18 21:15:00,23.0,78.7,248.0
2020-02-18 21:30:00,23.0,79.1,248.1
2020-02-18 21:45:00,23.0,65.3,248.9
2020-02-18 22:00:00,22.0,74.5,249.4
2020-02-18 22:15:00,22.0,64.0,250.3
2020-02-18 22:30:00,22.0,63.7,248.7
2020-02-18 22:45:00,22.0,63.7,249.7
2020-02-18 23:00:00,22.0,65.6,249.6
2020-02-18 23:15:00,22.0,58.4,250.1
2020-02-18 23:30:00,22.0,56.9,248.8
2020-02-18 23:45:00,22.0,55.1,249.3
2020-02-19 00:00:00,21.0,50.0,249.6
2020-02-19 00:15:00,21.0,45.0,250.2
2020-02-19 00:30:00,21.0,44.2,249.9
2020-02-19 00:45:00,21.0,53.5,250.0
2020-02-19 01:00:00,21.0,39.8,250.9
2020-02-19 01:15:00,21.0,41.6,250.7
2020-02-19 01:30:00,20.0,52.3,250.9
2020-02-19 01:45:00,20.0,38.2,251.0
2020-02-19 02:00:00,20.0,38.7,251.2
2020-02-19 02:15:00,20.0,38.1,251.0
2020-02-19 02:30:00,20.0,38.4,251.0
2020-02-19 02:45:00,20.0,36.6,251.8
2020-02-19 03:00:00,19.0,45.8,251.2
2020-02-19 03:15:00,19.0,45.4,251.9
2020-02-19 03:30:00,19.0,35.6,251.7
2020-02-19 03:45:00,19.0,35.2,251.7
2020-02-19 04:00:00,19.0,35.7,251.9
2020-02-19 04:15:00,19.0,31.6,251.0
2020-02-19 04:30:00,19.0,30.9,249.9
2020-02-19 04:45:00,19.0,31.7,250.2
2020-02-19 05:00:00,19.0,30.9,249.7
2020-02-19 05:15:00,18.0,31.5,249.8
2020-02-19 05:30:00,18.0,32.4,249.8
2020-02-19 05:45:00,18.0,35.3,249.1
2020-02-19 06:00:00,18.0,32.5,248.8
2020-02-19 06:15:00,18.0,32.1,247.6
2020-02-19 06:30:00,18.0,33.1,245.7
2020-02-19 06:45:00,18.0,48.3,247.0
2020-02-19 07:00:00,18.0,33.3,246.0
2020-02-19 07:15:00,19.0,64.7,244.3
2020-02-19 07:30:00,19.0,48.6,243.3
2020-02-19 07:45:00,20.0,46.1,243.6
2020-02-19 08:00:00,20.0,40.6,246.6
2020-02-19 08:15:00,21.0,49.7,246.1
2020-02-19 08:30:00,21.0,38.2,246.2
2020-02-19 08:45:00,22.0,53.8,245.9
2020-02-19 09:00:00,23.0,39.8,246.3
2020-02-19 09:15:00,23.0,39.8,246.5
2020-02-19 09:30:00,24.0,64.6,245.2
2020-02-19 09:45:00,25.0,40.6,245.6
2020-02-19 10:00:00,26.0,53.7,246.2
2020-02-19 10:15:00,26.0,55.1,245.1
2020-02-19 10:30:00,27.0,46.7,244.9
2020-02-19 10:45:00,27.0,56.9,244.7
2020-02-19 11:00:00,28.0,62.1,244.8
2020-02-19 11:15:00,28.0,67.2,245.4
2020-02-19 11:30:00,29.0,66.2,246.4
2020-02-19 11:45:00,30.0,73.9,246.2
2020-02-19 12:00:00,30.0,89.0,245.8
2020-02-19 12:15:00,31.0,83.8,246.3
2020-02-19 12:30:00,32.0,79.9,245.1
2020-02-19 12:45:00,35.0,82.7,244.8
2020-02-19 13:00:00,37.0,113.2,244.0
2020-02-19 13:15:00,38.0,104.6,244.3
2020-02-19 13:30:00,36.0,93.4,244.4
2020-02-19 13:45:00,33.0,102.1,244.2
2020-02-19 14:00:00,33.0,91.8,244.7
2020-02-19 14:15:00,35.0,99.0,244.7
2020-02-19 14:30:00,35.0,107.9,244.3
2020-02-19 14:45:00,34.0,107.0,244.3
2020-02-19 15:00:00,33.0,90.7,246.1
2020-02-19 15:15:00,31.0,76.8,245.9
2020-02-19 15:30:00,31.0,72.3,246.1
2020-02-19 15:45:00,31.0,87.8,245.1
2020-02-19 16:00:00,30.0,73.5,245.0
2020-02-19 16:15:00,29.0,82.8,244.5
2020-02-19 16:30:00,28.0,90.9,243.8
2020-02-19 16:45:00,28.0,106.1,242.9
2020-02-19 17:00:00,27.0,82.8,243.1
2020-02-19 17:15:00,27.0,82.1,242.5
2020-02-19 17:30:00,26.0,89.3,242.0
2020-02-19 17:45:00,26.0,102.3,241.2
2020-02-19 18:00:00,25.0,104.3,239.4
2020-02-19 18:15:00,25.0,108.7,243.0
2020-02-19 18:30:00,24.0,117.8,243.4
2020-02-19 18:45:00,24.0,114.4,243.5
2020-02-19 19:00:00,24.0,110.0,243.7
2020-02-19 19:15:00,23.0,112.3,244.3
2020-02-19 19:30:00,23.0,102.7,245.3
2020-02-19 19:45:00,23.0,99.8,248.3
2020-02-19 20:00:00,23.0,105.1,248.8
2020-02-19 20:15:00,22.0,107.3,248.0
2020-02-19 20:30:00,22.0,101.1,247.6
2020-02-19 20:45:00,22.0,97.0,248.4
2020-02-19 21:00:00,22.0,91.2,249.1
2020-02-19 21:15:00,22.0,88.0,250.2
2020-02-19 21:30:00,22.0,97.7,250.8
2020-02-19 21:45:00,21.0,72.9,252.0
2020-02-19 22:00:00,21.0,69.0,251.4
2020-02-19 22:15:00,21.0,63.4,249.7
2020-02-19 22:30:00,21.0,66.1,249.4
2020-02-19 22:45:00,21.0,60.9,250.3
2020-02-19 23:00:00,21.0,67.8,251.0
2020-02-19 23:15:00,20.0,54.4,252.1
2020-02-19 23:30:00,20.0,55.2,251.4
2020-02-19 23:45:00,20.0,51.4,251.9
2020-02-20 00:00:00,20.0,49.2,252.4
2020-02-20 00:15:00,20.0,45.0,252.7
2020-02-20 00:30:00,19.0,44.6,253.0
2020-02-20 00:45:00,19.0,38.0,253.9
2020-02-20 01:00:00,20.0,40.1,253.8
2020-02-20 01:15:00,19.0,38.3,253.3
2020-02-20 01:30:00,19.0,40.1,253.3
2020-02-20 01:45:00,19.0,39.0,254.0
2020-02-20 02:00:00,19.0,34.7,254.2
2020-02-20 02:15:00,19.0,34.0,254.5
2020-02-20 02:30:00,19.0,35.8,254.1
2020-02-20 02:45:00,19.0,35.9,254.3
2020-02-20 03:00:00,18.0,36.5,254.3
2020-02-20 03:15:00,18.0,38.5,254.3
2020-02-20 03:30:00,18.0,30.8,254.5
2020-02-20 03:45:00,18.0,30.7,254.6
2020-02-20 04:00:00,18.0,31.3,255.2
2020-02-20 04:15:00,18.0,29.7,254.9
2020-02-20 04:30:00,18.0,31.3,254.4
2020-02-20 04:45:00,18.0,29.7,254.4
2020-02-20 05:00:00,18.0,32.5,254.6
2020-02-20 05:15:00,18.0,36.4,254.0
2020-02-20 05:30:00,18.0,30.7,254.2
2020-02-20 05:45:00,18.0,32.1,253.3
2020-02-20 06:00:00,18.0,30.8,253.3
2020-02-20 06:15:00,18.0,30.5,252.7
2020-02-20 06:30:00,18.0,30.3,250.9
2020-02-20 06:45:00,18.0,45.8,249.2
2020-02-20 07:00:00,18.0,39.9,247.0
2020-02-20 07:15:00,19.0,35.4,245.7
2020-02-20 07:30:00,19.0,44.9,244.2
2020-02-20 07:45:00,20.0,33.9,243.1
2020-02-20 08:00:00,20.0,58.7,244.7
2020-02-20 08:15:00,21.0,43.8,245.1
2020-02-20 08:30:00,22.0,54.7,244.8
2020-02-20 08:45:00,22.0,55.5,244.5
2020-02-20 09:00:00,23.0,62.4,244.6
2020-02-20 09:15:00,24.0,77.7,243.14999999999998
2020-02-20 09:30:00,25.0,93.0,241.7
2020-02-20 09:45:00,25.0,78.2,242.4
2020-02-20 10:00:00,25.0,65.0,242.9
2020-02-20 10:15:00,26.0,60.0,243.0
2020-02-20 10:30:00,26.0,56.8,242.7
2020-02-20 10:45:00,27.0,47.9,243.3
2020-02-20 11:00:00,28.0,59.2,243.2
2020-02-20 11:15:00,29.0,80.6,242.2
2020-02-20 11:30:00,29.0,71.2,243.1
2020-02-20 11:45:00,29.0,89.1,242.2
2020-02-20 12:00:00,30.0,73.2,242.6
2020-02-20 12:15:00,31.0,90.5,241.9
2020-02-20 12:30:00,31.0,87.9,242.7
2020-02-20 12:45:00,33.0,104.0,242.6
2020-02-20 13:00:00,34.0,73.5,243.7
2020-02-20 13:15:00,34.0,85.3,243.4
2020-02-20 13:30:00,34.0,103.9,242.7
2020-02-20 13:45:00,33.0,102.4,242.5
2020-02-20 14:00:00,33.0,86.4,242.4
2020-02-20 14:15:00,34.0,78.45,244.25
2020-02-20 14:30:00,34.0,95.0,245.1
2020-02-20 14:45:00,33.0,99.3,244.7
2020-02-20 15:00:00,32.0,83.2,244.5
2020-02-20 15:15:00,31.0,85.5,245.9
2020-02-20 15:30:00,32.0,80.0,245.0
2020-02-20 15:45:00,31.0,86.9,244.8
2020-02-20 16:00:00,29.0,73.5,245.8
2020-02-20 16:15:00,29.0,76.9,245.9
2020-02-20 16:30:00,29.0,82.3,245.7
2020-02-20 16:45:00,28.0,87.1,245.1
2020-02-20 17:00:00,28.0,88.2,245.7
2020-02-20 17:15:00,27.0,92.4,244.6
2020-02-20 17:30:00,27.0,111.1,244.0
2020-02-20 17:45:00,26.0,101.3,242.8
2020-02-20 18:00:00,26.0,111.1,240.6
2020-02-20 18:15:00,26.0,113.3,241.3
2020-02-20 18:30:00,25.0,118.3,241.3
2020-02-20 18:45:00,25.0,108.3,242.2
2020-02-20 19:00:00,24.0,106.1,242.5
2020-02-20 19:15:00,24.0,106.65,242.8
2020-02-20 19:30:00,24.0,107.2,243.1
2020-02-20 19:45:00,24.0,95.7,243.7
2020-02-20 20:00:00,23.0,102.3,244.0
2020-02-20 20:15:00,24.0,96.9,245.2
2020-02-20 20:30:00,24.0,93.4,245.7
2020-02-20 20:45:00,24.0,88.3,246.1
2020-02-20 21:00:00,23.0,88.8,246.5
2020-02-20 21:15:00,23.0,93.4,247.2
2020-02-20 21:30:00,23.0,86.2,247.4
2020-02-20 21:45:00,22.0,65.8,248.6
2020-02-20 22:00:00,22.0,64.8,251.0
2020-02-20 22:15:00,21.5,65.75,250.05
2020-02-20 22:30:00,21.0,66.7,249.1
2020-02-20 22:45:00,21.0,59.9,250.6
2020-02-20 23:00:00,21.0,54.2,251.2
2020-02-20 23:15:00,21.0,58.7,250.9
2020-02-20 23:30:00,21.0,61.4,250.1
2020-02-20 23:45:00,21.0,51.9,250.6
2020-02-21 00:00:00,21.0,50.2,251.7
2020-02-21 00:15:00,21.0,50.5,251.2
2020-02-21 00:30:00,21.0,45.9,251.1
2020-02-21 00:45:00,20.0,42.3,252.1
2020-02-21 01:00:00,20.0,44.2,252.4
2020-02-21 01:15:00,20.0,39.9,253.0
2020-02-21 01:30:00,20.0,40.4,252.6
2020-02-21 01:45:00,19.0,41.6,252.6
2020-02-21 02:00:00,20.0,49.6,252.6
2020-02-21 02:15:00,19.0,38.9,253.2
2020-02-21 02:30:00,19.0,38.2,253.7
2020-02-21 02:45:00,19.0,35.1,253.8
2020-02-21 03:00:00,19.0,36.3,253.6
2020-02-21 03:15:00,19.0,35.6,253.6
2020-02-21 03:30:00,19.0,37.5,253.2
2020-02-21 03:45:00,19.0,38.7,253.3
2020-02-21 04:00:00,19.0,37.6,253.5
2020-02-21 04:15:00,19.0,32.9,253.8
2020-02-21 04:30:00,18.0,31.7,253.4
2020-02-21 04:45:00,18.0,33.9,253.5
2020-02-21 05:00:00,18.0,33.1,253.3
2020-02-21 05:15:00,18.0,30.7,253.0
2020-02-21 05:30:00,18.0,31.7,252.8
2020-02-21 05:45:00,18.0,45.2,252.2
2020-02-21 06:00:00,18.0,31.3,252.4
2020-02-21 06:15:00,18.0,31.2,251.7
2020-02-21 06:30:00,17.0,29.7,250.4
2020-02-21 06:45:00,18.0,33.3,248.5
2020-02-21 07:00:00,18.0,31.1,247.2
2020-02-21 07:15:00,18.0,43.9,246.3
2020-02-21 07:30:00,19.0,45.9,245.6
2020-02-21 07:45:00,20.0,43.8,245.1
2020-02-21 08:00:00,20.0,34.9,245.8
2020-02-21 08:15:00,21.0,58.7,245.2
2020-02-21 08:30:00,21.0,41.9,245.4
2020-02-21 08:45:00,22.0,36.8,245.1
2020-02-21 09:00:00,22.0,38.7,244.6
2020-02-21 09:15:00,23.0,70.1,244.6
2020-02-21 09:30:00,24.0,63.0,243.4
2020-02-21 09:45:00,25.0,49.8,241.6
2020-02-21 10:00:00,26.0,101.0,243.5
2020-02-21 10:15:00,27.0,52.5,244.8
2020-02-21 10:30:00,27.0,78.2,243.9
2020-02-21 10:45:00,28.0,60.3,243.5
2020-02-21 11:00:00,29.0,53.1,243.6
2020-02-21 11:15:00,29.0,64.5,244.0
2020-02-21 11:30:00,30.0,92.1,242.6
2020-02-21 11:45:00,31.0,71.7,243.8
2020-02-21 12:00:00,32.0,78.2,243.1
2020-02-21 12:15:00,32.0,75.0,242.8
2020-02-21 12:30:00,36.0,82.2,242.9
2020-02-21 12:45:00,36.0,81.7,243.4
2020-02-21 13:00:00,37.0,106.6,243.8
2020-02-21 13:15:00,38.0,105.2,243.0
2020-02-21 13:30:00,36.0,104.4,243.7
2020-02-21 13:45:00,34.0,96.8,244.7
2020-02-21 14:00:00,34.0,149.1,244.5
2020-02-21 14:15:00,37.0,102.5,245.2
2020-02-21 14:30:00,37.0,100.7,244.45
2020-02-21 14:45:00,37.0,98.9,243.7
2020-02-21 15:00:00,36.0,101.1,243.5
2020-02-21 15:15:00,34.0,98.1,243.8
2020-02-21 15:30:00,33.0,99.1,243.6
2020-02-21 15:45:00,32.0,102.2,243.3
2020-02-21 16:00:00,31.0,100.4,243.4
2020-02-21 16:15:00,30.0,85.1,243.5
2020-02-21 16:30:00,29.0,85.3,244.0
2020-02-21 16:45:00,29.0,109.5,244.0
2020-02-21 17:00:00,29.0,88.3,243.3
2020-02-21 17:15:00,28.0,96.4,243.8
2020-02-21 17:30:00,27.0,103.1,243.5
2020-02-21 17:45:00,27.0,113.5,242.3
2020-02-21 18:00:00,27.0,115.4,243.1
2020-02-21 18:15:00,26.0,115.2,242.4
2020-02-21 18:30:00,26.0,116.1,242.8
2020-02-21 18:45:00,26.0,101.7,243.9
2020-02-21 19:00:00,25.0,106.5,244.0
2020-02-21 19:15:00,25.0,98.9,244.2
2020-02-21 19:30:00,25.0,117.0,244.7
2020-02-21 19:45:00,24.5,107.45,245.35
2020-02-21 20:00:00,24.0,97.9,246.0
2020-02-21 20:15:00,24.0,95.7,246.5
2020-02-21 20:30:00,24.0,106.7,246.6
2020-02-21 20:45:00,24.0,96.6,247.7
2020-02-21 21:00:00,24.0,95.9,248.4
2020-02-21 21:15:00,24.0,89.3,249.2
2020-02-21 21:30:00,23.0,95.4,250.4
2020-02-21 21:45:00,23.0,72.0,251.3
2020-02-21 22:00:00,23.0,75.0,249.7
2020-02-21 22:15:00,22.0,68.0,250.8
2020-02-21 22:30:00,22.0,67.4,250.5
2020-02-21 22:45:00,22.0,64.3,251.9
2020-02-21 23:00:00,21.0,62.9,252.0
2020-02-21 23:15:00,21.0,60.9,252.9
2020-02-21 23:30:00,21.0,57.2,252.6
2020-02-21 23:45:00,21.0,61.3,253.3
2020-02-22 00:00:00,21.0,52.7,254.0
2020-02-22 00:15:00,21.0,47.0,254.4
2020-02-22 00:30:00,21.0,49.4,254.6
2020-02-22 00:45:00,20.0,46.1,255.3
2020-02-22 01:00:00,20.0,43.1,254.6
2020-02-22 01:15:00,20.0,43.0,254.6
2020-02-22 01:30:00,20.0,43.9,255.0
2020-02-22 01:45:00,20.0,41.7,254.6
2020-02-22 02:00:00,20.0,41.0,254.2
2020-02-22 02:15:00,20.0,41.6,254.4
2020-02-22 02:30:00,20.0,39.1,254.2
2020-02-22 02:45:00,20.0,37.0,255.0
2020-02-22 03:00:00,20.0,38.0,254.7
2020-02-22 03:15:00,19.0,37.0,254.8
2020-02-22 03:30:00,19.0,38.1,254.2
2020-02-22 03:45:00,19.0,37.7,254.6
2020-02-22 04:00:00,19.0,38.4,254.8
2020-02-22 04:15:00,18.0,32.3,255.0
2020-02-22 04:30:00,19.0,34.0,254.3
2020-02-22 04:45:00,19.0,34.7,254.4
2020-02-22 05:00:00,19.0,31.2,254.5
2020-02-22 05:15:00,18.0,35.3,254.6
2020-02-22 05:30:00,18.0,46.9,253.4
2020-02-22 05:45:00,18.0,43.5,253.5
2020-02-22 06:00:00,18.0,31.0,253.4
2020-02-22 06:15:00,18.0,44.4,252.7
2020-02-22 06:30:00,18.0,45.4,250.6
2020-02-22 06:45:00,18.0,43.6,249.5
2020-02-22 07:00:00,18.0,37.3,249.5
2020-02-22 07:15:00,19.0,43.8,248.6
2020-02-22 07:30:00,20.0,48.6,246.2
2020-02-22 07:45:00,21.0,65.3,245.0
2020-02-22 08:00:00,22.0,40.3,245.4
2020-02-22 08:15:00,23.0,40.4,245.7
2020-02-22 08:30:00,23.0,38.9,245.9
2020-02-22 08:45:00,23.0,39.9,245.4
2020-02-22 09:00:00,24.0,58.5,244.8
2020-02-22 09:15:00,24.0,53.6,244.1
2020-02-22 09:30:00,25.0,59.9,243.3
2020-02-22 09:45:00,26.0,65.1,243.5
2020-02-22 10:00:00,26.0,60.0,246.2
2020-02-22 10:15:00,27.0,56.7,246.1
2020-02-22 10:30:00,28.0,62.7,247.2
2020-02-22 10:45:00,29.0,76.3,246.2
2020-02-22 11:00:00,30.0,74.9,246.4
2020-02-22 11:15:00,30.0,90.7,245.7
2020-02-22 11:30:00,31.0,82.4,245.9
2020-02-22 11:45:00,32.0,79.0,245.8
2020-02-22 12:00:00,32.0,85.5,246.4
2020-02-22 12:15:00,34.0,100.8,245.9
2020-02-22 12:30:00,36.0,83.1,245.6
2020-02-22 12:45:00,39.0,95.7,246.3
2020-02-22 13:00:00,40.0,82.2,246.1
2020-02-22 13:15:00,40.0,97.2,245.8
2020-02-22 13:30:00,40.0,83.3,245.9
2020-02-22 13:45:00,36.0,102.3,246.3
2020-02-22 14:00:00,35.0,89.8,246.3
2020-02-22 14:15:00,39.0,85.2,247.1
2020-02-22 14:30:00,39.0,114.8,245.8
2020-02-22 14:45:00,38.0,99.2,246.6
2020-02-22 15:00:00,38.0,129.2,246.2
2020-02-22 15:15:00,37.0,99.8,247.4
2020-02-22 15:30:00,35.0,88.2,247.1
2020-02-22 15:45:00,34.0,84.6,247.2
2020-02-22 16:00:00,32.0,102.7,246.7
2020-02-22 16:15:00,32.0,90.9,246.9
2020-02-22 16:30:00,31.0,96.7,246.6
2020-02-22 16:45:00,30.0,104.3,246.0
2020-02-22 17:00:00,29.0,110.2,245.8
2020-02-22 17:15:00,29.0,122.9,244.2
2020-02-22 17:30:00,29.0,117.5,243.5
2020-02-22 17:45:00,28.0,106.3,242.6
2020-02-22 18:00:00,28.0,111.8,240.8
2020-02-22 18:15:00,27.0,111.2,240.7
2020-02-22 18:30:00,27.0,121.7,240.7
2020-02-22 18:45:00,26.0,118.5,241.2
2020-02-22 19:00:00,26.0,112.1,242.2
2020-02-22 19:15:00,25.0,113.4,243.1
2020-02-22 19:30:00,25.0,120.7,243.1
2020-02-22 19:45:00,25.0,107.1,243.8
2020-02-22 20:00:00,25.0,96.0,245.1
2020-02-22 20:15:00,24.5,97.3,245.54999999999998
2020-02-22 20:30:00,24.0,98.6,246.0
2020-02-22 20:45:00,24.0,81.1,246.9
2020-02-22 21:00:00,24.0,81.5,247.4
2020-02-22 21:15:00,23.0,79.5,248.2
2020-02-22 21:30:00,23.0,72.4,248.2
2020-02-22 21:45:00,23.0,61.7,249.9
2020-02-22 22:00:00,22.0,60.2,250.3
2020-02-22 22:15:00,22.0,67.2,251.0
2020-02-22 22:30:00,22.0,60.8,248.9
2020-02-22 22:45:00,22.0,67.2,249.5
2020-02-22 23:00:00,21.0,56.4,250.2
2020-02-22 23:15:00,21.0,58.5,252.3
2020-02-22 23:30:00,21.0,55.8,251.9
2020-02-22 23:45:00,21.0,52.0,251.3
2020-02-23 00:00:00,21.0,57.9,251.5
2020-02-23 00:15:00,21.0,44.3,252.2
2020-02-23 00:30:00,21.0,42.0,252.4
2020-02-23 00:45:00,21.0,47.5,252.1
2020-02-23 01:00:00,21.0,44.7,252.5
2020-02-23 01:15:00,21.0,43.4,252.9
2020-02-23 01:30:00,21.0,40.4,253.2
2020-02-23 01:45:00,21.0,40.5,253.3
2020-02-23 02:00:00,21.0,37.7,253.6
2020-02-23 02:15:00,20.0,40.5,253.3
2020-02-23 02:30:00,20.0,44.4,253.3
2020-02-23 02:45:00,20.0,39.4,252.5
2020-02-23 03:00:00,20.0,39.0,252.7
2020-02-23 03:15:00,20.0,40.9,252.9
2020-02-23 03:30:00,20.0,37.6,252.7
2020-02-23 03:45:00,20.0,37.7,252.6
2020-02-23 04:00:00,20.0,35.5,252.9
2020-02-23 04:15:00,19.0,35.2,253.2
2020-02-23 04:30:00,19.0,37.5,252.3
2020-02-23 04:45:00,19.0,35.2,252.8
2020-02-23 05:00:00,19.0,41.4,252.6
2020-02-23 05:15:00,19.0,35.6,252.6
2020-02-23 05:30:00,19.0,36.4,252.5
2020-02-23 05:45:00,19.0,42.8,252.1
2020-02-23 06:00:00,19.0,34.4,252.2
2020-02-23 06:15:00,19.0,36.1,251.6
2020-02-23 06:30:00,19.0,34.3,250.4
2020-02-23 06:45:00,19.0,31.7,248.2
2020-02-23 07:00:00,19.022332506203472,31.82456575682382,248.185111662531
2020-02-23 07:15:00,19.04466501240695,31.949131513647643,248.170223325062
2020-02-23 07:30:00,19.06699751861042,32.07369727047146,248.15533498759305
2020-02-23 07:45:00,19.089330024813897,32.19826302729528,248.14044665012406
2020-02-27 10:30:00,27.910669975186103,81.40173697270471,242.25955334987592
2020-02-27 10:45:00,27.93300248138958,81.52630272952854,242.24466501240693
2020-02-27 11:00:00,27.95533498759305,81.65086848635237,242.22977667493797
2020-02-27 11:15:00,27.977667493796524,81.77543424317618,242.21488833746898
2020-02-27 11:30:00,28.0,81.9,242.2
2020-02-27 11:45:00,28.0,74.8,243.4
2020-02-27 12:00:00,29.0,67.6,243.0
2020-02-27 12:15:00,31.0,84.1,244.6
2020-02-27 12:30:00,31.0,93.3,244.3
2020-02-27 12:45:00,34.0,90.0,243.9
2020-02-27 13:00:00,35.0,83.5,244.1
2020-02-27 13:15:00,35.0,103.4,244.1
2020-02-27 13:30:00,35.0,104.7,243.9
2020-02-27 13:45:00,32.0,99.8,243.6
2020-02-27 14:00:00,34.0,91.6,244.3
2020-02-27 14:15:00,35.0,93.2,244.6
2020-02-27 14:30:00,35.0,83.8,244.5
2020-02-27 14:45:00,35.0,74.2,245.4
2020-02-27 15:00:00,34.0,85.7,244.9
2020-02-27 15:15:00,33.0,98.1,244.6
2020-02-27 15:30:00,31.0,87.4,245.8
2020-02-27 15:45:00,31.0,82.9,245.1
2020-02-27 16:00:00,29.0,76.9,245.6
2020-02-27 16:15:00,29.0,85.5,245.7
2020-02-27 16:30:00,28.0,84.0,245.9
2020-02-27 16:45:00,27.0,96.0,244.6
2020-02-27 17:00:00,27.0,78.2,245.7
2020-02-27 17:15:00,26.0,76.7,245.6
2020-02-27 17:30:00,26.0,81.2,244.9
2020-02-27 17:45:00,25.0,106.7,243.7
2020-02-27 18:00:00,25.0,102.1,241.6
2020-02-27 18:15:00,24.0,102.5,239.5
2020-02-27 18:30:00,24.0,113.0,240.4
2020-02-27 18:45:00,24.0,110.6,240.6
2020-02-27 19:00:00,24.0,97.8,241.6
2020-02-27 19:15:00,23.0,103.2,241.6
2020-02-27 19:30:00,23.0,97.4,240.8
2020-02-27 19:45:00,23.0,115.0,241.0
2020-02-27 20:00:00,23.0,100.0,242.0
2020-02-27 20:15:00,23.0,103.2,242.3
2020-02-27 20:30:00,23.0,87.0,243.5
2020-02-27 20:45:00,23.0,88.4,244.2
2020-02-27 21:00:00,23.0,89.3,244.5
2020-02-27 21:15:00,23.0,87.4,245.8
2020-02-27 21:30:00,22.0,80.8,246.8
2020-02-27 21:45:00,22.0,74.6,247.4
2020-02-27 22:00:00,22.0,81.4,249.0
2020-02-27 22:15:00,22.0,61.0,250.1
2020-02-27 22:30:00,22.0,58.3,250.8
2020-02-27 22:45:00,22.0,58.3,250.7
2020-02-27 23:00:00,21.0,56.5,251.2
2020-02-27 23:15:00,21.0,70.7,251.8
2020-02-27 23:30:00,21.0,61.8,252.0
2020-02-27 23:45:00,21.0,63.3,252.5
2020-02-28 00:00:00,21.0,50.3,252.8
2020-02-28 00:15:00,21.0,46.4,253.8
2020-02-28 00:30:00,21.0,42.8,253.7
2020-02-28 00:45:00,20.0,41.0,254.4
2020-02-28 01:00:00,20.0,40.6,255.0
2020-02-28 01:15:00,20.0,42.6,255.1
2020-02-28 01:30:00,20.0,37.8,255.5
2020-02-28 01:45:00,20.0,45.2,255.8
2020-02-28 02:00:00,20.0,41.9,255.9
2020-02-28 02:15:00,19.0,33.7,256.1
2020-02-28 02:30:00,19.0,35.8,255.8
2020-02-28 02:45:00,19.0,34.8,256.4
2020-02-28 03:00:00,19.0,37.3,255.9
2020-02-28 03:15:00,19.0,38.3,256.0
2020-02-28 03:30:00,19.0,35.2,256.0
2020-02-28 03:45:00,18.0,31.7,256.6
2020-02-28 04:00:00,18.0,32.3,256.2
2020-02-28 04:15:00,18.0,30.7,256.5
2020-02-28 04:30:00,18.0,30.2,256.0
2020-02-28 04:45:00,18.0,31.3,256.1
2020-02-28 05:00:00,18.0,33.4,255.7
2020-02-28 05:15:00,18.0,33.7,255.9
2020-02-28 05:30:00,18.0,32.3,255.3
2020-02-28 05:45:00,18.0,31.1,256.0
2020-02-28 06:00:00,18.0,34.7,254.6
2020-02-28 06:15:00,17.0,34.9,254.0
2020-02-28 06:30:00,17.0,36.4,252.4
2020-02-28 06:45:00,17.0,36.1,251.0
2020-02-28 07:00:00,18.0,39.0,249.4
2020-02-28 07:15:00,18.0,42.2,247.9
2020-02-28 07:30:00,19.0,35.2,247.1
2020-02-28 07:45:00,21.0,34.1,247.7
2020-02-28 08:00:00,20.0,33.1,246.8
2020-02-28 08:15:00,21.0,32.5,247.5
2020-02-28 08:30:00,22.0,46.1,247.1
2020-02-28 08:45:00,23.0,48.2,246.3
2020-02-28 09:00:00,23.0,40.3,246.1
2020-02-28 09:15:00,24.0,44.6,246.0
2020-02-28 09:30:00,24.5,85.2,244.35000000000002
2020-02-28 09:45:00,25.0,65.5,244.9
2020-02-28 10:00:00,25.0,52.4,245.7
2020-02-28 10:15:00,26.0,59.7,244.8
2020-02-28 10:30:00,26.0,67.2,244.7
2020-02-28 10:45:00,27.0,74.0,244.3
2020-02-28 11:00:00,28.0,75.1,243.8
2020-02-28 11:15:00,29.0,58.0,245.3
2020-02-28 11:30:00,29.0,66.3,244.5
2020-02-28 11:45:00,30.0,73.3,244.6
2020-02-28 12:00:00,30.0,89.3,244.1
2020-02-28 12:15:00,32.0,92.6,244.3
2020-02-28 12:30:00,32.0,78.9,243.7
2020-02-28 12:45:00,36.0,101.6,243.8
2020-02-28 13:00:00,37.0,111.6,243.4
2020-02-28 13:15:00,36.0,90.9,244.5
2020-02-28 13:30:00,37.0,111.3,244.4
2020-02-28 13:45:00,33.0,133.0,244.4
2020-02-28 14:00:00,36.0,105.8,244.0
2020-02-28 14:15:00,36.0,103.4,245.2
2020-02-28 14:30:00,36.0,113.3,243.8
2020-02-28 14:45:00,36.0,104.8,243.0
2020-02-28 15:00:00,36.0,92.4,243.3
2020-02-28 15:15:00,34.0,90.4,244.2
2020-02-28 15:30:00,32.0,102.4,242.7
2020-02-28 15:45:00,33.0,93.6,243.7
2020-02-28 16:00:00,31.0,94.2,243.5
2020-02-28 16:15:00,30.0,88.3,244.1
2020-02-28 16:30:00,29.0,104.4,243.4
2020-02-28 16:45:00,29.0,83.5,244.4
2020-02-28 17:00:00,28.0,82.4,244.4
2020-02-28 17:15:00,28.0,97.4,243.5
2020-02-28 17:30:00,27.0,80.2,244.1
2020-02-28 17:45:00,27.0,92.2,243.2
2020-02-28 18:00:00,26.0,112.5,240.2
2020-02-28 18:15:00,26.0,108.5,238.9
2020-02-28 18:30:00,26.0,107.7,238.4
2020-02-28 18:45:00,25.0,112.4,240.0
2020-02-28 19:00:00,25.0,113.0,240.6
2020-02-28 19:15:00,25.0,102.4,241.6
2020-02-28 19:30:00,24.0,106.2,241.6
2020-02-28 19:45:00,24.0,109.4,242.6
2020-02-28 20:00:00,24.0,97.9,243.1
2020-02-28 20:15:00,23.0,90.7,243.5
2020-02-28 20:30:00,23.0,90.6,244.2
2020-02-28 20:45:00,23.0,86.7,244.4
2020-02-28 21:00:00,23.0,80.7,245.4
2020-02-28 21:15:00,23.0,81.2,246.5
2020-02-28 21:30:00,22.0,80.4,246.2
2020-02-28 21:45:00,22.0,71.0,247.2
2020-02-28 22:00:00,22.0,60.7,248.6
2020-02-28 22:15:00,21.0,59.4,247.9
2020-02-28 22:30:00,21.0,62.8,248.5
2020-02-28 22:45:00,21.0,61.9,250.0
2020-02-28 23:00:00,21.0,67.9,248.6
2020-02-28 23:15:00,21.0,57.8,249.7
2020-02-28 23:30:00,20.0,55.8,249.8
2020-02-28 23:45:00,20.0,49.4,250.8
2020-02-29 00:00:00,20.0,45.0,251.5
2020-02-29 00:15:00,20.0,43.0,252.0
2020-02-29 00:30:00,20.0,43.2,252.1
2020-02-29 00:45:00,20.0,44.4,252.7
2020-02-29 01:00:00,20.0,37.9,253.1
2020-02-29 01:15:00,20.0,41.7,252.3
2020-02-29 01:30:00,20.0,51.5,252.2
2020-02-29 01:45:00,19.0,35.7,253.2
2020-02-29 02:00:00,19.0,37.8,252.8
2020-02-29 02:15:00,19.0,35.7,253.2
2020-02-29 02:30:00,19.0,40.4,252.9
2020-02-29 02:45:00,19.0,37.8,253.1
2020-02-29 03:00:00,18.0,34.2,253.1
2020-02-29 03:15:00,18.0,36.9,253.1
2020-02-29 03:30:00,18.0,34.5,253.1
2020-02-29 03:45:00,18.0,34.6,253.3
2020-02-29 04:00:00,18.0,33.1,253.1
2020-02-29 04:15:00,18.0,32.5,253.3
2020-02-29 04:30:00,18.0,30.4,253.2
2020-02-29 04:45:00,18.0,31.5,253.6
2020-02-29 05:00:00,17.0,35.6,253.4
2020-02-29 05:15:00,17.0,32.1,253.4
2020-02-29 05:30:00,17.0,30.5,252.7
2020-02-29 05:45:00,17.0,42.2,252.7
2020-02-29 06:00:00,18.0,33.8,252.5
2020-02-29 06:15:00,17.0,42.1,252.1
2020-02-29 06:30:00,18.0,49.75,250.2
2020-02-29 06:45:00,18.0,69.6,249.1
2020-02-29 07:00:00,18.0,32.1,248.9
2020-02-29 07:15:00,19.0,30.5,248.3
2020-02-29 07:30:00,20.0,33.7,247.2
2020-02-29 07:45:00,21.0,37.0,246.6
2020-02-29 08:00:00,22.0,35.8,246.0
2020-02-29 08:15:00,22.0,34.9,245.5
2020-02-29 08:30:00,23.0,38.3,244.4
2020-02-29 08:45:00,24.0,35.7,244.5
2020-02-29 09:00:00,24.0,36.5,244.5
2020-02-29 09:15:00,25.0,61.4,243.8
2020-02-29 09:30:00,26.0,81.7,242.0
2020-02-29 09:45:00,26.0,56.6,243.3
2020-02-29 10:00:00,27.0,52.1,243.6
2020-02-29 10:15:00,27.0,54.4,243.7
2020-02-29 10:30:00,28.0,67.3,243.4
2020-02-29 10:45:00,29.0,56.3,244.0
2020-02-29 11:00:00,29.0,68.3,244.3
2020-02-29 11:15:00,30.0,86.5,243.9
2020-02-29 11:30:00,31.0,76.2,244.4
2020-02-29 11:45:00,31.0,102.5,243.0
2020-02-29 12:00:00,32.0,102.6,242.5
2020-02-29 12:15:00,34.0,103.0,243.3
2020-02-29 12:30:00,34.0,92.2,243.0
2020-02-29 12:45:00,38.0,101.9,242.2
2020-02-29 13:00:00,38.0,81.2,243.8
2020-02-29 13:15:00,39.0,89.0,243.6
2020-02-29 13:30:00,38.0,88.6,243.3
2020-02-29 13:45:00,34.0,90.8,243.4
2020-02-29 14:00:00,38.0,113.6,242.7
2020-02-29 14:15:00,39.0,102.5,243.2
2020-02-29 14:30:00,39.0,100.2,243.1
2020-02-29 14:45:00,38.0,120.2,242.7
2020-02-29 15:00:00,38.0,89.0,243.7
2020-02-29 15:15:00,36.0,72.1,244.6
2020-02-29 15:30:00,34.0,91.2,243.8
2020-02-29 15:45:00,35.0,94.5,243.9
2020-02-29 16:00:00,32.0,110.1,243.5
2020-02-29 16:15:00,32.0,112.0,243.4
2020-02-29 16:30:00,31.0,93.6,244.3
2020-02-29 16:45:00,30.0,102.5,243.9
2020-02-29 17:00:00,29.0,107.1,243.8
2020-02-29 17:15:00,29.0,92.6,244.2
2020-02-29 17:30:00,28.0,87.2,244.6
2020-02-29 17:45:00,27.0,107.0,243.8
2020-02-29 18:00:00,27.0,109.0,241.9
2020-02-29 18:15:00,27.0,116.8,241.1
2020-02-29 18:30:00,26.0,123.2,240.7
2020-02-29 18:45:00,26.0,112.3,240.7
2020-02-29 19:00:00,26.0,113.5,241.7
2020-02-29 19:15:00,25.0,115.3,242.4
2020-02-29 19:30:00,25.0,105.2,242.6
2020-02-29 19:45:00,25.0,106.3,243.2
2020-02-29 20:00:00,24.0,109.7,243.4
2020-02-29 20:15:00,24.0,110.0,243.6
2020-02-29 20:30:00,24.0,93.0,244.3
2020-02-29 20:45:00,24.0,103.3,244.4
2020-02-29 21:00:00,24.0,94.4,245.1
2020-02-29 21:15:00,23.0,95.6,245.6
2020-02-29 21:30:00,23.0,84.4,246.4
2020-02-29 21:45:00,23.0,70.9,247.2
2020-02-29 22:00:00,23.0,69.0,247.4
2020-02-29 22:15:00,23.0,69.9,248.1
2020-02-29 22:30:00,22.0,67.0,248.4
2020-02-29 22:45:00,22.0,74.2,248.8
2020-02-29 23:00:00,22.0,67.9,249.6
2020-02-29 23:15:00,22.0,80.4,249.6
2020-02-29 23:30:00,22.0,63.7,251.3
2020-02-29 23:45:00,22.0,69.0,250.4
2020-03-01 00:00:00,21.5,64.25,250.65
2020-03-01 00:15:00,21.0,59.5,250.9
2020-03-01 00:30:00,21.0,43.4,251.6
2020-03-01 00:45:00,21.0,43.2,251.9
2020-03-01 01:00:00,21.0,45.7,252.0
2020-03-01 01:15:00,21.0,43.8,252.3
2020-03-01 01:30:00,20.0,39.3,252.5
2020-03-01 01:45:00,20.0,38.0,252.4
2020-03-01 02:00:00,20.0,38.2,252.2
2020-03-01 02:15:00,20.0,41.5,252.2
2020-03-01 02:30:00,20.0,49.5,251.9
2020-03-01 02:45:00,20.0,36.7,252.5
2020-03-01 03:00:00,20.0,39.6,252.3
2020-03-01 03:15:00,20.0,37.1,252.3
2020-03-01 03:30:00,20.0,35.5,252.6
2020-03-01 03:45:00,20.0,36.1,252.7
2020-03-01 04:00:00,19.0,36.7,252.5
2020-03-01 04:15:00,19.0,32.5,252.8
2020-03-01 04:30:00,19.0,31.7,252.6
2020-03-01 04:45:00,19.0,35.2,252.4
2020-03-01 05:00:00,19.0,34.5,252.3
2020-03-01 05:15:00,19.0,34.4,252.1
2020-03-01 05:30:00,19.0,33.8,251.7
2020-03-01 05:45:00,19.0,34.0,251.7
2020-03-01 06:00:00,19.0,33.2,251.8
2020-03-01 06:15:00,19.0,32.4,251.8
2020-03-01 06:30:00,19.0,32.4,250.6
2020-03-01 06:45:00,19.0,32.0,249.9
2020-03-01 07:00:00,19.0,43.9,249.1
2020-03-01 07:15:00,20.0,36.5,247.7
2020-03-01 07:30:00,20.0,44.1,246.8
2020-03-01 07:45:00,21.0,33.7,246.5
2020-03-01 08:00:00,22.0,43.3,244.9
2020-03-01 08:15:00,23.0,42.0,245.3
2020-03-01 08:30:00,24.0,39.9,244.7
2020-03-01 08:45:00,25.0,52.6,243.8
2020-03-01 09:00:00,26.0,66.0,243.5
2020-03-01 09:15:00,26.0,65.0,242.3
2020-03-01 09:30:00,27.0,61.9,243.1
2020-03-01 09:45:00,27.0,67.9,243.0
2020-03-01 10:00:00,28.0,42.2,244.2
2020-03-01 10:15:00,28.0,44.9,243.9
2020-03-01 10:30:00,29.0,67.3,243.7
2020-03-01 10:45:00,29.0,66.4,244.7
2020-03-01 11:00:00,30.0,53.7,245.3
2020-03-01 11:15:00,30.0,66.9,244.7
2020-03-01 11:30:00,31.0,85.6,244.0
2020-03-01 11:45:00,32.0,78.7,244.1
2020-03-01 12:00:00,32.0,70.0,244.8
2020-03-01 12:15:00,34.0,79.9,244.3
2020-03-01 12:30:00,34.0,91.4,244.0
2020-03-01 12:45:00,38.0,105.9,242.9
2020-03-01 13:00:00,38.0,118.1,243.1
2020-03-01 13:15:00,39.0,100.7,243.1
2020-03-01 13:30:00,40.0,85.9,243.1
2020-03-01 13:45:00,34.0,91.9,244.0
2020-03-01 14:00:00,38.0,90.0,244.0
2020-03-01 14:15:00,38.0,91.9,244.0
2020-03-01 14:30:00,39.0,77.5,244.8
2020-03-01 14:45:00,38.0,67.3,245.1
2020-03-01 15:00:00,37.0,65.9,245.8
2020-03-01 15:15:00,35.0,77.0,245.5
2020-03-01 15:30:00,34.0,87.4,244.8
2020-03-01 15:45:00,35.0,70.6,245.4
2020-03-01 16:00:00,33.0,52.8,245.9
2020-03-01 16:15:00,33.0,70.8,245.3
2020-03-01 16:30:00,32.0,69.4,245.2
2020-03-01 16:45:00,31.0,72.4,245.9
2020-03-01 17:00:00,30.0,66.6,245.5
2020-03-01 17:15:00,29.5,70.8,245.825
2020-03-01 17:30:00,29.0,75.0,246.15
2020-03-01 17:45:00,28.5,79.2,246.47500000000002
2020-03-01 18:00:00,28.0,83.4,246.8
2020-03-01 18:15:00,28.0,90.5,241.5
2020-03-01 18:30:00,27.0,78.8,242.9
2020-03-01 18:45:00,27.0,98.3,243.2
2020-03-01 19:00:00,27.0,89.5,244.3
2020-03-01 19:15:00,27.0,75.7,244.9
2020-03-01 19:30:00,27.0,76.7,244.9
2020-03-01 19:45:00,27.0,84.8,245.5
2020-03-01 20:00:00,26.0,83.1,245.5
2020-03-01 20:15:00,26.0,96.2,244.3
2020-03-01 20:30:00,26.0,88.2,244.9
2020-03-01 20:45:00,25.0,90.4,244.5
2020-03-01 21:00:00,25.0,91.5,244.9
2020-03-01 21:15:00,25.0,87.8,245.3
2020-03-01 21:30:00,24.0,86.9,246.0
2020-03-01 21:45:00,24.0,84.3,246.2
2020-03-01 22:00:00,24.0,98.1,246.2
2020-03-01 22:15:00,24.0,96.6,247.3
2020-03-01 22:30:00,24.0,85.3,247.5
2020-03-01 22:45:00,24.0,70.0,248.7
2020-03-01 23:00:00,24.0,68.2,249.3
2020-03-01 23:15:00,24.0,68.4,249.8
2020-03-01 23:30:00,23.0,70.3,250.1
2020-03-01 23:45:00,23.0,63.3,250.1
2020-03-02 00:00:00,23.0,64.0,250.4
2020-03-02 00:15:00,23.0,55.6,250.9
2020-03-02 00:30:00,23.0,58.1,250.5
2020-03-02 00:45:00,22.0,47.4,251.4
2020-03-02 01:00:00,23.0,56.4,251.5
2020-03-02 01:15:00,22.0,46.0,251.9
2020-03-02 01:30:00,22.0,42.1,251.9
2020-03-02 01:45:00,22.0,44.0,252.0
2020-03-02 02:00:00,22.0,40.6,252.1
2020-03-02 02:15:00,22.0,43.7,251.9
2020-03-02 02:30:00,22.0,42.3,252.0
2020-03-02 02:45:00,22.0,42.4,252.2
2020-03-02 03:00:00,21.0,43.8,252.2
2020-03-02 03:15:00,21.0,36.4,252.7
2020-03-02 03:30:00,21.0,37.3,252.8
2020-03-02 03:45:00,21.0,43.8,252.6
2020-03-02 04:00:00,21.0,34.9,252.6
2020-03-02 04:15:00,21.0,35.4,252.7
2020-03-02 04:30:00,21.0,35.1,252.3
2020-03-02 04:45:00,20.0,39.1,251.8
2020-03-02 05:00:00,20.0,38.7,251.8
2020-03-02 05:15:00,20.0,34.2,251.9
2020-03-02 05:30:00,20.0,34.5,251.4
2020-03-02 05:45:00,20.0,45.6,251.0
2020-03-02 06:00:00,20.0,36.5,251.0
2020-03-02 06:15:00,20.0,44.1,250.4
2020-03-02 06:30:00,20.0,39.4,249.4
2020-03-02 06:45:00,20.0,45.9,248.5
2020-03-02 07:00:00,20.0,40.1,246.6
2020-03-02 07:15:00,21.0,51.1,245.7
2020-03-02 07:30:00,21.0,43.9,245.5
2020-03-02 07:45:00,22.0,49.2,244.6
2020-03-02 08:00:00,23.0,49.4,244.8
2020-03-02 08:15:00,23.0,50.9,244.5
2020-03-02 08:30:00,24.0,77.0,243.1
2020-03-02 08:45:00,25.0,48.9,243.5
2020-03-02 09:00:00,26.0,78.4,242.4
2020-03-02 09:15:00,26.0,75.8,242.6
2020-03-02 09:30:00,27.0,49.7,243.0
2020-03-02 09:45:00,28.0,73.9,241.8
2020-03-02 10:00:00,28.0,69.8,242.3
2020-03-02 10:15:00,29.0,65.5,242.7
2020-03-02 10:30:00,29.0,107.6,240.9
2020-03-02 10:45:00,29.0,68.6,242.4
2020-03-02 11:00:00,30.0,64.5,242.4
2020-03-02 11:15:00,30.0,90.0,243.2
2020-03-02 11:30:00,32.0,86.1,243.4
2020-03-02 11:45:00,32.0,94.0,243.3
2020-03-02 12:00:00,32.0,91.5,243.3
2020-03-02 12:15:00,34.0,95.5,242.9
2020-03-02 12:30:00,34.0,102.8,242.8
2020-03-02 12:45:00,36.0,113.7,242.1
2020-03-02 13:00:00,36.0,111.7,242.7
2020-03-02 13:15:00,35.0,100.8,242.7
2020-03-02 13:30:00,36.0,103.8,242.3
2020-03-02 13:45:00,35.0,99.2,243.3
2020-03-02 14:00:00,37.0,100.1,243.3
2020-03-02 14:15:00,37.0,114.7,242.4
2020-03-02 14:30:00,37.0,131.2,241.7
2020-03-02 14:45:00,36.0,99.7,242.7
2020-03-02 15:00:00,35.0,94.5,243.0
2020-03-02 15:15:00,34.0,93.7,242.9
2020-03-02 15:30:00,33.0,116.0,242.0
2020-03-02 15:45:00,33.0,97.7,242.8
2020-03-02 16:00:00,32.0,114.6,242.5
2020-03-02 16:15:00,32.0,112.0,242.5
2020-03-02 16:30:00,31.0,106.4,242.6
2020-03-02 16:45:00,31.0,121.2,242.5
2020-03-02 17:00:00,30.0,105.6,242.8
2020-03-02 17:15:00,30.0,101.8,242.4
2020-03-02 17:30:00,29.0,112.0,242.2
2020-03-02 17:45:00,29.0,123.4,241.4
2020-03-02 18:00:00,29.0,111.9,241.2
2020-03-02 18:15:00,29.0,137.0,240.4
2020-03-02 18:30:00,28.0,115.1,240.8
2020-03-02 18:45:00,29.0,129.7,241.1
2020-03-02 19:00:00,28.0,121.8,241.7
2020-03-02 19:15:00,28.0,121.2,242.1
2020-03-02 19:30:00,28.0,121.80000000000001,242.45
2020-03-02 19:45:00,28.0,122.4,242.8
2020-03-02 20:00:00,27.0,123.8,243.3
2020-03-02 20:15:00,27.0,118.4,243.8
2020-03-02 20:30:00,27.0,107.8,244.8
2020-03-02 20:45:00,27.0,125.8,244.3
2020-03-02 21:00:00,26.0,115.2,243.8
2020-03-02 21:15:00,25.0,110.4,244.7
2020-03-02 21:30:00,25.0,82.3,246.0
2020-03-02 21:45:00,25.0,79.8,246.4
2020-03-02 22:00:00,25.0,74.2,246.2
2020-03-02 22:15:00,25.0,72.9,246.8
2020-03-02 22:30:00,25.0,62.7,247.3
2020-03-02 22:45:00,25.0,67.4,247.9
2020-03-02 23:00:00,25.0,73.4,248.1
2020-03-02 23:15:00,25.0,70.2,248.8
2020-03-02 23:30:00,24.5,72.80000000000001,248.55
2020-03-02 23:45:00,24.0,75.4,248.3
2020-03-03 00:00:00,24.0,65.0,248.4
2020-03-03 00:15:00,24.0,59.5,249.1
2020-03-03 00:30:00,24.0,54.0,249.0
2020-03-03 00:45:00,24.0,49.8,249.9
2020-03-03 01:00:00,23.0,52.7,250.2
2020-03-03 01:15:00,23.0,54.5,250.4
2020-03-03 01:30:00,23.0,52.9,250.3
2020-03-03 01:45:00,23.0,50.9,250.8
2020-03-03 02:00:00,23.0,47.5,250.9
2020-03-03 02:15:00,23.0,49.2,251.3
2020-03-03 02:30:00,23.0,54.4,251.5
2020-03-03 02:45:00,22.0,51.7,251.5
2020-03-03 03:00:00,22.0,47.0,252.1
2020-03-03 03:15:00,22.0,46.7,252.0
2020-03-03 03:30:00,22.0,40.2,252.1
2020-03-03 03:45:00,22.0,47.1,252.2
2020-03-03 04:00:00,22.0,41.9,252.0
2020-03-03 04:15:00,21.0,38.7,252.5
2020-03-03 04:30:00,21.0,40.9,252.3
2020-03-03 04:45:00,21.0,43.2,252.2
2020-03-03 05:00:00,21.0,37.4,252.7
2020-03-03 05:15:00,21.0,36.1,252.4
2020-03-03 05:30:00,22.0,55.0,251.0
2020-03-03 05:45:00,22.0,40.4,251.3
2020-03-03 06:00:00,21.0,39.7,251.4
2020-03-03 06:15:00,22.0,41.0,250.5
2020-03-03 06:30:00,22.0,40.8,249.6
2020-03-03 06:45:00,22.0,50.1,247.5
2020-03-03 07:00:00,22.0,41.5,246.8
2020-03-03 07:15:00,22.0,42.1,246.3
2020-03-03 07:30:00,23.0,39.6,245.0
2020-03-03 07:45:00,23.0,39.3,243.8
2020-03-03 08:00:00,24.0,37.6,244.2
2020-03-03 08:15:00,25.0,42.5,243.4
2020-03-03 08:30:00,25.0,51.6,244.4
2020-03-03 08:45:00,25.0,54.8,247.2
2020-03-03 09:00:00,25.0,50.599999999999994,247.1
2020-03-03 09:15:00,25.0,46.4,247.0
2020-03-03 09:30:00,26.0,51.6,247.7
2020-03-03 09:45:00,27.0,54.8,247.35
2020-03-03 10:00:00,27.0,70.2,245.6
2020-03-03 10:15:00,27.0,69.2,246.0
2020-03-03 10:30:00,27.0,91.1,244.0
2020-03-03 10:45:00,28.0,72.6,244.2
2020-03-03 11:00:00,29.0,76.2,243.5
2020-03-03 11:15:00,29.0,77.3,243.8
2020-03-03 11:30:00,30.0,77.4,243.4
2020-03-03 11:45:00,31.0,73.7,243.0
2020-03-03 12:00:00,31.0,109.7,242.8
2020-03-03 12:15:00,33.0,79.2,244.4
2020-03-03 12:30:00,33.0,89.4,243.2
2020-03-03 12:45:00,37.0,109.4,242.7
2020-03-03 13:00:00,38.0,100.1,242.5
2020-03-03 13:15:00,38.0,95.6,243.2
2020-03-03 13:30:00,39.0,101.6,243.5
2020-03-03 13:45:00,34.0,109.2,243.6
2020-03-03 14:00:00,38.0,104.6,243.0
2020-03-03 14:15:00,39.0,99.8,243.6
2020-03-03 14:30:00,39.0,132.6,242.3
2020-03-03 14:45:00,39.0,105.7,242.3
2020-03-03 15:00:00,38.0,115.7,242.6
2020-03-03 15:15:00,35.0,108.2,243.0
2020-03-03 15:30:00,35.0,107.7,242.5
2020-03-03 15:45:00,35.0,130.9,242.2
2020-03-03 16:00:00,34.0,102.3,242.4
2020-03-03 16:15:00,32.0,103.0,242.8
2020-03-03 16:30:00,31.0,104.2,242.8
2020-03-03 16:45:00,30.5,98.05000000000001,244.25
2020-03-03 17:00:00,30.0,105.9,244.1
2020-03-03 17:15:00,29.0,101.3,244.5
2020-03-03 17:30:00,29.0,98.4,245.2
2020-03-03 17:45:00,28.0,107.1,243.3
2020-03-03 18:00:00,28.0,127.7,242.8
2020-03-03 18:15:00,27.0,125.4,241.4
2020-03-03 18:30:00,27.0,122.3,241.3
2020-03-03 18:45:00,27.0,118.0,241.8
2020-03-03 19:00:00,27.0,115.2,241.9
2020-03-03 19:15:00,26.0,117.3,242.1
2020-03-03 19:30:00,26.0,130.1,242.6
2020-03-03 19:45:00,26.0,126.3,242.9
2020-03-03 20:00:00,26.0,106.9,244.0
2020-03-03 20:15:00,25.0,107.4,244.4
2020-03-03 20:30:00,26.0,102.3,245.5
2020-03-03 20:45:00,25.0,119.5,245.3
2020-03-03 21:00:00,25.0,108.4,246.1
2020-03-03 21:15:00,25.0,96.9,246.5
2020-03-03 21:30:00,25.0,82.9,246.3
2020-03-03 21:45:00,25.0,69.5,247.95
2020-03-03 22:00:00,25.0,71.39999999999999,248.825
2020-03-03 22:15:00,25.0,73.3,249.7
2020-03-03 22:30:00,24.0,77.8,250.1
2020-03-03 22:45:00,24.0,71.8,250.5
2020-03-03 23:00:00,24.0,65.8,250.9
2020-03-03 23:15:00,24.0,62.95,250.7
2020-03-03 23:30:00,24.0,60.1,250.5
2020-03-03 23:45:00,24.0,60.1,250.7
2020-03-04 00:00:00,24.0,62.6,251.2
2020-03-04 00:15:00,24.0,53.8,251.8
2020-03-04 00:30:00,24.0,54.3,252.0
2020-03-04 00:45:00,24.0,51.3,252.7
2020-03-04 01:00:00,23.0,45.6,253.0
2020-03-04 01:15:00,23.0,45.6,253.5
2020-03-04 01:30:00,23.0,48.7,253.7
2020-03-04 01:45:00,23.0,45.7,254.0
2020-03-04 02:00:00,23.0,44.9,253.8
2020-03-04 02:15:00,23.0,46.2,254.7
2020-03-04 02:30:00,23.0,45.7,254.6
2020-03-04 02:45:00,23.0,43.9,255.3
2020-03-04 03:00:00,23.0,43.9,255.3
2020-03-04 03:15:00,22.0,36.4,255.4
2020-03-04 03:30:00,22.0,39.4,255.1
2020-03-04 03:45:00,22.0,40.6,255.5
2020-03-04 04:00:00,22.0,33.7,255.4
2020-03-04 04:15:00,22.0,37.5,255.5
2020-03-04 04:30:00,22.0,38.2,255.1
2020-03-04 04:45:00,22.0,35.1,255.2
2020-03-04 05:00:00,22.0,37.8,255.4
2020-03-04 05:15:00,22.0,35.4,255.5
2020-03-04 05:30:00,22.0,39.9,255.0
2020-03-04 05:45:00,22.0,45.4,254.8
2020-03-04 06:00:00,21.0,35.9,254.6
2020-03-04 06:15:00,21.0,39.6,253.7
2020-03-04 06:30:00,21.0,37.7,252.6
2020-03-04 06:45:00,21.0,52.6,251.0
2020-03-04 07:00:00,22.0,46.4,249.8
2020-03-04 07:15:00,22.0,38.2,249.5
2020-03-04 07:30:00,22.0,39.1,248.6
2020-03-04 07:45:00,23.0,46.4,247.8
2020-03-04 08:00:00,23.0,36.4,247.5
2020-03-04 08:15:00,23.0,48.6,245.7
2020-03-04 08:30:00,24.0,43.4,245.1
2020-03-04 08:45:00,25.0,41.9,243.4
2020-03-04 09:00:00,25.0,71.7,242.4
2020-03-04 09:15:00,26.0,61.9,241.8
2020-03-04 09:30:00,27.0,62.4,241.9
2020-03-04 09:45:00,27.0,54.3,242.3
2020-03-04 10:00:00,27.0,58.8,242.8
2020-03-04 10:15:00,28.0,55.4,244.1
2020-03-04 10:30:00,29.0,68.0,243.3
2020-03-04 10:45:00,30.0,58.9,243.0
2020-03-04 11:00:00,30.0,78.2,243.2
2020-03-04 11:15:00,31.0,98.4,242.8
2020-03-04 11:30:00,31.0,86.4,243.2
2020-03-04 11:45:00,32.0,106.2,242.7
2020-03-04 12:00:00,33.0,100.8,242.8
2020-03-04 12:15:00,33.0,125.6,241.8
2020-03-04 12:30:00,32.0,102.5,242.3
2020-03-04 12:45:00,36.0,126.8,241.8
2020-03-04 13:00:00,37.0,95.7,242.6
2020-03-04 13:15:00,35.0,108.5,242.2
2020-03-04 13:30:00,36.0,132.9,241.6
2020-03-04 13:45:00,34.0,123.2,242.2
2020-03-04 14:00:00,36.0,112.4,242.3
2020-03-04 14:15:00,37.0,109.4,242.5
2020-03-04 14:30:00,37.0,113.3,242.7
2020-03-04 14:45:00,36.0,123.9,242.6
2020-03-04 15:00:00,36.0,127.4,242.6
2020-03-04 15:15:00,34.0,103.5,242.9
2020-03-04 15:30:00,34.0,133.4,241.8
2020-03-04 15:45:00,34.0,109.4,242.7
2020-03-04 16:00:00,34.0,102.5,242.4
2020-03-04 16:15:00,32.0,102.2,242.5
2020-03-04 16:30:00,32.0,121.6,242.0
2020-03-04 16:45:00,31.0,118.6,242.9
2020-03-04 17:00:00,30.0,89.9,242.9
2020-03-04 17:15:00,30.0,101.2,242.3
2020-03-04 17:30:00,29.0,134.4,241.6
2020-03-04 17:45:00,29.0,119.6,241.0
2020-03-04 18:00:00,28.0,119.0,238.3
2020-03-04 18:15:00,28.0,119.2,239.6
2020-03-04 18:30:00,28.0,125.2,241.0
2020-03-04 18:45:00,28.0,120.4,241.8
2020-03-04 19:00:00,28.0,125.5,242.1
2020-03-04 19:15:00,28.0,118.5,243.0
2020-03-04 19:30:00,28.0,119.5,244.3
2020-03-04 19:45:00,27.0,114.8,244.6
2020-03-04 20:00:00,27.0,115.2,244.8
2020-03-04 20:15:00,27.0,125.3,244.9
2020-03-04 20:30:00,27.0,102.4,245.8
2020-03-04 20:45:00,27.0,108.6,246.5
2020-03-04 21:00:00,27.0,108.3,247.5
2020-03-04 21:15:00,26.0,89.8,247.9
2020-03-04 21:30:00,27.0,94.6,248.2
2020-03-04 21:45:00,27.0,86.5,249.2
2020-03-04 22:00:00,26.0,100.3,248.6
2020-03-04 22:15:00,26.0,62.4,250.6
2020-03-04 22:30:00,26.0,75.8,250.6
2020-03-04 22:45:00,26.0,68.2,252.4
2020-03-04 23:00:00,25.0,68.1,253.0
2020-03-04 23:15:00,25.0,68.1,251.1
2020-03-04 23:30:00,25.0,58.400000000000006,251.8
2020-03-04 23:45:00,25.0,52.0,253.2
2020-03-05 00:00:00,24.5,53.85,253.14999999999998
2020-03-05 00:15:00,24.0,55.7,253.1
2020-03-05 00:30:00,24.0,59.4,253.0
2020-03-05 00:45:00,24.0,52.9,253.9
2020-03-05 01:00:00,24.0,46.5,254.1
2020-03-05 01:15:00,24.0,48.5,254.8
2020-03-05 01:30:00,23.0,47.4,254.6
2020-03-05 01:45:00,23.0,44.2,254.8
2020-03-05 02:00:00,23.0,47.6,254.8
2020-03-05 02:15:00,23.0,44.8,255.3
2020-03-05 02:30:00,23.0,44.9,254.6
2020-03-05 02:45:00,23.0,41.9,255.1
2020-03-05 03:00:00,23.0,42.1,255.1
2020-03-05 03:15:00,23.0,51.7,255.6
2020-03-05 03:30:00,23.0,42.0,256.4
2020-03-05 03:45:00,23.0,39.3,256.6
2020-03-05 04:00:00,23.0,37.0,256.8
2020-03-05 04:15:00,22.0,38.9,256.5
2020-03-05 04:30:00,22.0,39.7,256.6
2020-03-05 04:45:00,22.0,42.5,256.5
2020-03-05 05:00:00,22.0,40.7,256.2
2020-03-05 05:15:00,22.0,41.0,255.9
2020-03-05 05:30:00,22.0,36.6,256.0
2020-03-05 05:45:00,22.0,50.2,255.4
2020-03-05 06:00:00,22.0,37.4,255.5
2020-03-05 06:15:00,22.0,39.7,255.1
2020-03-05 06:30:00,22.0,50.4,253.9
2020-03-05 06:45:00,22.0,41.9,253.0
2020-03-05 07:00:00,22.0,43.3,252.0
2020-03-05 07:15:00,22.0,41.8,251.1
2020-03-05 07:30:00,22.0,42.9,250.0
2020-03-05 07:45:00,22.0,42.6,248.5
2020-03-05 08:00:00,23.0,37.1,248.3
2020-03-05 08:15:00,24.0,40.4,247.6
2020-03-05 08:30:00,24.0,38.4,247.4
2020-03-05 08:45:00,25.0,47.0,245.2
2020-03-05 09:00:00,26.0,47.0,244.7
2020-03-05 09:15:00,27.0,48.5,244.1
2020-03-05 09:30:00,27.0,62.3,245.4
2020-03-05 09:45:00,28.0,46.6,246.0
2020-03-05 10:00:00,29.0,44.4,245.9
2020-03-05 10:15:00,29.0,52.0,245.8
2020-03-05 10:30:00,30.0,49.6,245.4
2020-03-05 10:45:00,30.0,58.4,244.2
2020-03-05 11:00:00,31.0,70.1,243.9
2020-03-05 11:15:00,31.0,68.2,243.5
2020-03-05 11:30:00,33.0,63.4,243.4
2020-03-05 11:45:00,33.0,71.4,242.5
2020-03-05 12:00:00,33.0,95.9,242.6
2020-03-05 12:15:00,34.0,104.0,241.9
2020-03-05 12:30:00,34.0,109.6,241.5
2020-03-05 12:45:00,37.0,107.0,242.4
2020-03-05 13:00:00,37.0,114.0,242.9
2020-03-05 13:15:00,37.0,122.2,242.1
2020-03-05 13:30:00,38.0,106.6,241.9
2020-03-05 13:45:00,35.0,103.9,242.3
2020-03-05 14:00:00,39.0,122.2,240.6
2020-03-05 14:15:00,36.0,131.0,241.3
2020-03-05 14:30:00,34.0,104.2,241.8
2020-03-05 14:45:00,36.0,103.0,241.9
2020-03-05 15:00:00,34.0,103.8,242.3
2020-03-05 15:15:00,34.0,113.7,242.8
2020-03-05 15:30:00,34.0,103.6,242.6
2020-03-05 15:45:00,34.0,111.1,243.1
2020-03-05 16:00:00,33.0,100.0,242.9
2020-03-05 16:15:00,32.0,100.0,243.5
2020-03-05 16:30:00,31.0,103.1,243.0
2020-03-05 16:45:00,31.0,81.3,244.5
2020-03-05 17:00:00,31.0,110.2,243.4
2020-03-05 17:15:00,30.0,108.4,242.4
2020-03-05 17:30:00,30.0,117.0,242.3
2020-03-05 17:45:00,29.0,112.2,241.4
2020-03-05 18:00:00,29.0,119.3,240.7
2020-03-05 18:15:00,29.0,127.4,239.1
2020-03-05 18:30:00,29.0,136.1,239.2
2020-03-05 18:45:00,28.0,121.4,240.2
2020-03-05 19:00:00,28.0,122.4,241.8
2020-03-05 19:15:00,28.0,116.4,242.7
2020-03-05 19:30:00,27.0,115.5,242.7
2020-03-05 19:45:00,27.0,115.0,243.7
2020-03-05 20:00:00,27.0,115.0,244.1
2020-03-05 20:15:00,27.0,115.1,244.4
2020-03-05 20:30:00,27.0,120.0,244.8
2020-03-05 20:45:00,27.0,102.7,245.7
2020-03-05 21:00:00,27.0,108.5,245.8
2020-03-05 21:15:00,27.0,93.1,247.1
2020-03-05 21:30:00,27.0,99.3,246.7
2020-03-05 21:45:00,26.0,107.3,247.0
2020-03-05 22:00:00,26.0,81.4,248.5
2020-03-05 22:15:00,27.0,77.4,250.0
2020-03-05 22:30:00,26.0,63.4,250.3
2020-03-05 22:45:00,26.0,71.4,250.4
2020-03-05 23:00:00,26.0,59.9,251.2
2020-03-05 23:15:00,25.0,66.6,250.9
2020-03-05 23:30:00,25.0,67.0,251.2
2020-03-05 23:45:00,25.0,65.9,251.8
2020-03-06 00:00:00,24.666666666666668,63.333333333333336,251.83333333333334
2020-03-06 00:15:00,24.333333333333332,60.76666666666667,251.86666666666667
2020-03-06 00:30:00,24.0,58.2,251.9
2020-03-06 00:45:00,25.0,59.6,252.9
2020-03-06 01:00:00,24.0,57.5,252.9
2020-03-06 01:15:00,24.0,57.6,253.0
2020-03-06 01:30:00,24.0,48.7,253.4
2020-03-06 01:45:00,24.0,45.1,253.7
2020-03-06 02:00:00,24.0,46.2,253.8
2020-03-06 02:15:00,24.0,47.6,254.1
2020-03-06 02:30:00,24.0,48.1,253.5
2020-03-06 02:45:00,24.0,44.1,253.9
2020-03-06 03:00:00,23.0,48.4,253.7
2020-03-06 03:15:00,23.0,44.8,253.9
2020-03-06 03:30:00,23.0,44.3,254.4
2020-03-06 03:45:00,23.0,42.0,254.8
2020-03-06 04:00:00,22.0,41.8,254.4
2020-03-06 04:15:00,22.0,38.6,254.5
2020-03-06 04:30:00,22.0,46.1,254.4
2020-03-06 04:45:00,22.0,43.2,254.3
2020-03-06 05:00:00,22.0,44.6,253.7
2020-03-06 05:15:00,22.0,39.9,253.6
2020-03-06 05:30:00,22.0,38.4,253.6
2020-03-06 05:45:00,22.0,38.5,253.8
2020-03-06 06:00:00,22.0,34.8,253.2
2020-03-06 06:15:00,22.0,37.4,252.2
2020-03-06 06:30:00,22.0,40.4,251.3
2020-03-06 06:45:00,23.0,47.7,250.4
2020-03-06 07:00:00,23.0,42.4,249.3
2020-03-06 07:15:00,23.0,53.0,247.5
2020-03-06 07:30:00,23.0,41.2,246.8
2020-03-06 07:45:00,23.0,42.3,246.8
2020-03-06 08:00:00,24.0,41.7,246.2
2020-03-06 08:15:00,24.5,40.6,246.35000000000002
2020-03-06 08:30:00,25.0,41.5,246.6
2020-03-06 08:45:00,25.0,38.9,246.8
2020-03-06 09:00:00,26.0,39.5,245.6
2020-03-06 09:15:00,26.0,47.3,245.7
2020-03-06 09:30:00,27.0,40.1,245.9
2020-03-06 09:45:00,28.0,64.4,245.2
2020-03-06 10:00:00,28.0,56.9,245.2
2020-03-06 10:15:00,29.0,55.3,244.7
2020-03-06 10:30:00,29.0,53.2,244.3
2020-03-06 10:45:00,29.0,65.2,244.0
2020-03-06 11:00:00,29.0,79.5,243.6
2020-03-06 11:15:00,28.0,89.9,242.8
2020-03-06 11:30:00,28.0,73.1,243.2
2020-03-06 11:45:00,28.0,73.2,243.8
2020-03-06 12:00:00,28.0,74.6,243.9
2020-03-06 12:15:00,28.0,91.9,243.8
2020-03-06 12:30:00,29.0,110.3,242.7
2020-03-06 12:45:00,30.0,97.0,243.1
2020-03-06 13:00:00,32.0,91.6,244.4
2020-03-06 13:15:00,33.0,95.3,244.1
2020-03-06 13:30:00,35.0,95.5,243.9
2020-03-06 13:45:00,33.0,115.7,243.8
2020-03-06 14:00:00,33.0,83.2,246.0
2020-03-06 14:15:00,36.0,94.0,245.8
2020-03-06 14:30:00,36.0,112.5,245.9
2020-03-06 14:45:00,37.0,100.8,245.9
2020-03-06 15:00:00,35.0,99.4,245.9
2020-03-06 15:15:00,34.0,116.8,244.9
2020-03-06 15:30:00,32.0,110.7,245.4
2020-03-06 15:45:00,32.0,89.7,245.0
2020-03-06 16:00:00,31.0,96.9,245.4
2020-03-06 16:15:00,31.0,87.8,245.4
2020-03-06 16:30:00,30.0,105.4,245.4
2020-03-06 16:45:00,30.0,95.8,245.5
2020-03-06 17:00:00,30.0,97.3,245.6
2020-03-06 17:15:00,30.0,94.4,245.3
2020-03-06 17:30:00,29.0,99.0,245.4
2020-03-06 17:45:00,28.0,110.0,244.4
2020-03-06 18:00:00,28.0,123.1,243.0
2020-03-06 18:15:00,27.0,143.9,240.9
2020-03-06 18:30:00,27.0,118.9,241.0
2020-03-06 18:45:00,27.0,129.2,242.1
2020-03-06 19:00:00,27.0,124.3,242.2
2020-03-06 19:15:00,26.0,122.0,243.0
2020-03-06 19:30:00,26.0,109.6,243.6
2020-03-06 19:45:00,26.0,107.1,244.0
2020-03-06 20:00:00,25.0,109.1,244.0
2020-03-06 20:15:00,25.0,98.7,244.6
2020-03-06 20:30:00,25.0,94.9,246.2
2020-03-06 20:45:00,26.0,94.7,246.0
2020-03-06 21:00:00,25.0,85.6,247.1
2020-03-06 21:15:00,24.0,86.3,248.3
2020-03-06 21:30:00,24.0,82.1,248.0
2020-03-06 21:45:00,24.0,90.6,248.5
2020-03-06 22:00:00,24.0,88.7,249.2
2020-03-06 22:15:00,24.0,60.7,250.0
2020-03-06 22:30:00,23.0,62.5,250.1
2020-03-06 22:45:00,23.0,65.5,250.7
2020-03-06 23:00:00,23.0,60.5,251.5
2020-03-06 23:15:00,23.0,58.1,251.8
2020-03-06 23:30:00,23.0,60.0,252.3
2020-03-06 23:45:00,23.0,60.0,252.2
2020-03-07 00:00:00,23.0,59.3,252.8
2020-03-07 00:15:00,23.0,51.9,253.5
2020-03-07 00:30:00,23.012125534950073,51.95527817403709,253.49029957203993
2020-03-07 00:45:00,23.024251069900142,52.010556348074175,253.4805991440799
2020-03-07 01:00:00,23.036376604850215,52.06583452211127,253.47089871611982
2020-03-07 01:15:00,23.048502139800284,52.12111269614836,253.46119828815978
2020-03-21 13:45:00,39.951497860199716,129.17888730385164,239.93880171184023
2020-03-21 14:00:00,39.96362339514979,129.23416547788872,239.9291012838802
2020-03-21 14:15:00,39.975748930099854,129.28944365192584,239.91940085592012
2020-03-21 14:30:00,39.98787446504993,129.34472182596292,239.90970042796008
2020-03-21 14:45:00,40.0,129.4,239.9
2020-03-21 15:00:00,39.0,138.0,240.3
2020-03-21 15:15:00,38.0,127.8,240.5
2020-03-21 15:30:00,37.0,113.2,240.8
2020-03-21 15:45:00,36.0,103.0,241.6
2020-03-21 16:00:00,35.0,106.7,241.7
2020-03-21 16:15:00,35.0,121.7,241.3
2020-03-21 16:30:00,34.0,109.2,242.3
2020-03-21 16:45:00,34.0,127.5,241.6
2020-03-21 17:00:00,33.0,122.9,241.7
2020-03-21 17:15:00,33.0,117.2,241.7
2020-03-21 17:30:00,32.0,115.9,241.5
2020-03-21 17:45:00,32.0,120.6,241.2
2020-03-21 18:00:00,31.0,120.9,240.4
2020-03-21 18:15:00,31.0,116.7,239.9
2020-03-21 18:30:00,30.0,103.4,238.8
2020-03-21 18:45:00,30.0,103.43118279569893,238.8215053763441
2020-03-21 19:00:00,30.0,103.46236559139786,238.84301075268817
2020-03-21 19:15:00,30.0,103.49354838709678,238.86451612903227
2020-03-21 19:30:00,30.0,103.5247311827957,238.88602150537636
2020-03-23 16:00:00,30.0,109.0752688172043,242.71397849462366
2020-03-23 16:15:00,30.0,109.10645161290323,242.73548387096776
2020-03-23 16:30:00,30.0,109.13763440860215,242.75698924731185
2020-03-23 16:45:00,30.0,109.16881720430108,242.77849462365592
2020-03-23 17:00:00,30.0,109.2,242.8
2020-03-23 17:15:00,30.0,98.9,242.6
2020-03-23 17:30:00,30.0,89.3,243.6
2020-03-23 17:45:00,29.0,97.5,243.3
2020-03-23 18:00:00,29.0,110.0,242.9
2020-03-23 18:15:00,29.0,112.8,241.3
2020-03-23 18:30:00,28.0,114.3,241.9
2020-03-23 18:45:00,28.0,119.9,241.6
2020-03-23 19:00:00,28.0,118.5,242.7
2020-03-23 19:15:00,28.0,105.8,243.5
2020-03-23 19:30:00,28.0,93.8,243.3
2020-03-23 19:45:00,28.0,101.1,243.7
2020-03-23 20:00:00,27.0,92.2,244.6
2020-03-23 20:15:00,27.0,91.3,244.9
2020-03-23 20:30:00,27.0,89.8,245.2
2020-03-23 20:45:00,27.0,83.2,245.6
2020-03-23 21:00:00,27.0,77.5,246.3
2020-03-23 21:15:00,27.0,82.8,245.3
2020-03-23 21:30:00,26.0,73.5,246.1
2020-03-23 21:45:00,26.0,86.1,246.2
2020-03-23 22:00:00,26.0,66.8,247.3
2020-03-23 22:15:00,26.0,62.5,247.4
2020-03-23 22:30:00,25.0,59.7,247.8
2020-03-23 22:45:00,25.0,74.0,248.0
2020-03-23 23:00:00,25.0,63.4,248.5
2020-03-23 23:15:00,24.5,62.099999999999994,249.05
2020-03-23 23:30:00,24.0,60.8,249.6
2020-03-23 23:45:00,24.0,59.1,249.9
2020-03-24 00:00:00,24.0,59.7,250.4
2020-03-24 00:15:00,24.0,60.0,250.4
2020-03-24 00:30:00,24.0,59.3,250.7
2020-03-24 00:45:00,24.0,58.5,250.7
2020-03-24 01:00:00,24.0,58.8,250.9
2020-03-24 01:15:00,24.0,57.9,251.2
2020-03-24 01:30:00,23.0,48.1,251.7
2020-03-24 01:45:00,23.0,51.5,252.0
2020-03-24 02:00:00,23.0,53.5,251.7
2020-03-24 02:15:00,23.0,51.8,251.9
2020-03-24 02:30:00,23.0,48.9,252.0
2020-03-24 02:45:00,22.0,45.3,252.6
2020-03-24 03:00:00,22.0,47.2,252.3
2020-03-24 03:15:00,22.0,43.4,252.6
2020-03-24 03:30:00,22.0,44.1,252.3
2020-03-24 03:45:00,22.0,43.4,252.8
2020-03-24 04:00:00,22.0,41.8,252.6
2020-03-24 04:15:00,22.0,41.1,253.0
2020-03-24 04:30:00,22.0,38.4,252.8
2020-03-24 04:45:00,22.0,39.6,253.1
2020-03-24 05:00:00,23.0,40.0,252.8
2020-03-24 05:15:00,22.0,40.5,252.8
2020-03-24 05:30:00,22.0,51.0,252.5
2020-03-24 05:45:00,22.0,35.2,253.2
2020-03-24 06:00:00,22.0,37.2,253.0
2020-03-24 06:15:00,22.0,38.9,252.4
2020-03-24 06:30:00,22.0,48.2,251.6
2020-03-24 06:45:00,22.0,38.9,251.1
2020-03-24 07:00:00,22.0,33.2,250.6
2020-03-24 07:15:00,23.0,36.6,249.9
2020-03-24 07:30:00,24.0,34.2,249.3
2020-03-24 07:45:00,25.0,42.0,248.3
2020-03-24 08:00:00,26.0,38.8,247.3
2020-03-24 08:15:00,27.0,46.1,246.5
2020-03-24 08:30:00,27.0,38.3,247.0
2020-03-24 08:45:00,28.0,42.2,246.1
2020-03-24 09:00:00,29.0,47.5,245.6
2020-03-24 09:15:00,29.0,38.9,245.9
2020-03-24 09:30:00,29.0,40.9,245.7
2020-03-24 09:45:00,29.0,49.5,245.4
2020-03-24 10:00:00,30.0,51.5,244.8
2020-03-24 10:15:00,30.0,47.5,245.0
2020-03-24 10:30:00,30.0,57.8,244.0
2020-03-24 10:45:00,31.0,58.2,243.4
2020-03-24 11:00:00,32.0,76.7,242.7
2020-03-24 11:15:00,32.0,79.5,242.8
2020-03-24 11:30:00,33.0,85.7,242.6
2020-03-24 11:45:00,33.0,87.5,242.2
2020-03-24 12:00:00,34.0,91.1,242.4
2020-03-24 12:15:00,34.0,87.8,242.8
2020-03-24 12:30:00,34.0,72.6,242.4
2020-03-24 12:45:00,37.0,86.4,242.2
2020-03-24 13:00:00,38.0,86.8,242.3
2020-03-24 13:15:00,35.0,89.9,242.3
2020-03-24 13:30:00,39.0,76.2,242.5
2020-03-24 13:45:00,37.0,67.7,242.3
2020-03-24 14:00:00,39.0,77.1,243.0
2020-03-24 14:15:00,39.0,61.0,243.5
2020-03-24 14:30:00,39.0,74.5,243.4
2020-03-24 14:45:00,38.0,64.6,244.0
2020-03-24 15:00:00,37.0,60.9,244.3
2020-03-24 15:15:00,37.0,88.9,243.5
2020-03-24 15:30:00,35.0,63.9,244.3
2020-03-24 15:45:00,35.0,75.6,244.2
2020-03-24 16:00:00,35.0,65.3,245.0
2020-03-24 16:15:00,35.0,63.7,244.8
2020-03-24 16:30:00,33.0,63.1,245.4
2020-03-24 16:45:00,32.0,60.0,245.6
2020-03-24 17:00:00,32.0,72.6,246.2
2020-03-24 17:15:00,32.0,70.0,246.1
2020-03-24 17:30:00,31.0,58.9,246.6
2020-03-24 17:45:00,31.0,62.6,245.8
2020-03-24 18:00:00,30.0,62.6,245.3
2020-03-24 18:15:00,30.0,60.5,244.1
2020-03-24 18:30:00,29.0,63.8,243.7
2020-03-24 18:45:00,29.0,61.9,244.2
2020-03-24 19:00:00,29.0,61.4,244.4
2020-03-24 19:15:00,29.0,67.4,245.3
2020-03-24 19:30:00,28.0,67.4,245.8
2020-03-24 19:45:00,28.0,70.1,245.7
2020-03-24 20:00:00,28.0,71.1,245.8
2020-03-24 20:15:00,28.0,61.2,246.7
2020-03-24 20:30:00,28.0,63.0,246.3
2020-03-24 20:45:00,28.0,65.2,246.8
2020-03-24 21:00:00,28.0,63.6,246.6
2020-03-24 21:15:00,28.0,64.8,247.1
2020-03-24 21:30:00,27.0,72.0,247.0
2020-03-24 21:45:00,27.0,69.2,247.4
2020-03-24 22:00:00,27.0,63.0,247.7
2020-03-24 22:15:00,27.0,64.9,248.3
2020-03-24 22:30:00,27.0,67.2,248.2
2020-03-24 22:45:00,26.0,65.2,248.6
2020-03-24 23:00:00,26.0,64.0,249.2
2020-03-24 23:15:00,25.0,66.9,249.9
2020-03-24 23:30:00,25.0,62.8,250.4
2020-03-24 23:45:00,25.0,65.0,251.2
2020-03-25 00:00:00,25.0,54.6,251.5
2020-03-25 00:15:00,25.0,53.6,251.8
2020-03-25 00:30:00,25.0,52.8,252.0
2020-03-25 00:45:00,24.0,46.1,252.7
2020-03-25 01:00:00,24.0,47.7,252.8
2020-03-25 01:15:00,24.0,50.0,252.8
2020-03-25 01:30:00,24.0,45.5,253.0
2020-03-25 01:45:00,24.0,53.2,252.2
2020-03-25 02:00:00,24.0,51.3,252.5
2020-03-25 02:15:00,24.0,51.8,252.7
2020-03-25 02:30:00,24.0,54.9,252.7
2020-03-25 02:45:00,23.0,53.4,252.8
2020-03-25 03:00:00,24.0,59.3,252.7
2020-03-25 03:15:00,23.0,48.9,253.1
2020-03-25 03:30:00,23.0,55.5,253.1
2020-03-25 03:45:00,23.0,48.2,253.5
2020-03-25 04:00:00,23.0,55.2,252.9
2020-03-25 04:15:00,22.0,48.8,252.9
2020-03-25 04:30:00,23.0,51.3,253.1
2020-03-25 04:45:00,23.0,44.9,253.3
2020-03-25 05:00:00,23.0,45.6,253.3
2020-03-25 05:15:00,22.0,44.7,253.3
2020-03-25 05:30:00,22.0,38.3,253.7
2020-03-25 05:45:00,22.0,37.6,253.6
2020-03-25 06:00:00,22.0,39.9,253.3
2020-03-25 06:15:00,22.0,40.0,252.9
2020-03-25 06:30:00,22.0,37.4,252.3
2020-03-25 06:45:00,23.0,35.4,251.4
2020-03-25 07:00:00,23.0,43.9,251.1
2020-03-25 07:15:00,24.0,41.8,250.2
2020-03-25 07:30:00,25.0,36.5,249.5
2020-03-25 07:45:00,25.0,34.5,249.3
2020-03-25 08:00:00,26.0,31.5,248.3
2020-03-25 08:15:00,27.0,41.0,247.9
2020-03-25 08:30:00,28.0,45.7,247.5
2020-03-25 08:45:00,28.0,41.9,247.4
2020-03-25 09:00:00,29.0,47.4,246.7
2020-03-25 09:15:00,29.0,46.2,246.6
2020-03-25 09:30:00,29.0,41.7,246.6
2020-03-25 09:45:00,30.0,49.9,246.6
2020-03-25 10:00:00,30.0,42.4,246.2
2020-03-25 10:15:00,31.0,49.3,245.7
2020-03-25 10:30:00,31.0,54.0,246.5
2020-03-25 10:45:00,32.0,47.6,246.0
2020-03-25 11:00:00,32.0,43.0,246.3
2020-03-25 11:15:00,33.0,52.9,246.0
2020-03-25 11:30:00,33.0,53.4,245.2
2020-03-25 11:45:00,34.0,43.5,245.6
2020-03-25 12:00:00,34.0,56.4,245.7
2020-03-25 12:15:00,35.0,84.3,244.3
2020-03-25 12:30:00,36.0,54.9,245.1
2020-03-25 12:45:00,38.0,72.0,244.3
2020-03-25 13:00:00,38.0,68.4,245.0
2020-03-25 13:15:00,37.0,81.0,244.6
2020-03-25 13:30:00,39.0,71.2,244.6
2020-03-25 13:45:00,38.0,88.6,243.7
2020-03-25 14:00:00,39.0,68.5,244.1
2020-03-25 14:15:00,40.0,66.0,244.2
2020-03-25 14:30:00,41.0,66.9,244.8
2020-03-25 14:45:00,40.0,56.1,245.1
2020-03-25 15:00:00,40.0,53.2,245.7
2020-03-25 15:15:00,39.0,55.2,245.9
2020-03-25 15:30:00,37.0,58.4,246.3
2020-03-25 15:45:00,37.0,65.0,246.2
2020-03-25 16:00:00,36.0,58.4,246.5
2020-03-25 16:15:00,36.0,58.5,246.7
2020-03-25 16:30:00,34.0,59.7,246.6
2020-03-25 16:45:00,34.0,67.2,246.2
2020-03-25 17:00:00,33.0,63.3,246.4
2020-03-25 17:15:00,33.0,62.6,246.3
2020-03-25 17:30:00,32.0,58.7,247.5
2020-03-25 17:45:00,32.0,54.5,247.0
2020-03-25 18:00:00,31.0,61.6,246.1
2020-03-25 18:15:00,31.0,63.2,244.6
2020-03-25 18:30:00,30.0,67.1,244.3
2020-03-25 18:45:00,30.0,59.9,244.3
2020-03-25 19:00:00,30.0,62.7,244.6
2020-03-25 19:15:00,30.0,63.2,244.8
2020-03-25 19:30:00,29.0,65.8,245.5
2020-03-25 19:45:00,29.0,75.9,245.7
2020-03-25 20:00:00,29.0,66.6,244.9
2020-03-25 20:15:00,28.0,64.9,245.7
2020-03-25 20:30:00,27.0,63.1,246.0
2020-03-25 20:45:00,28.0,71.0,245.7
2020-03-25 21:00:00,28.0,66.0,246.6
2020-03-25 21:15:00,27.0,67.7,246.6
2020-03-25 21:30:00,27.0,68.5,245.9
2020-03-25 21:45:00,27.0,73.5,247.1
2020-03-25 22:00:00,27.0,71.6,247.5
2020-03-25 22:15:00,27.0,67.9,247.7
2020-03-25 22:30:00,27.0,70.6,247.6
2020-03-25 22:45:00,26.0,73.0,247.9
2020-03-25 23:00:00,26.0,63.6,248.8
2020-03-25 23:15:00,26.0,62.7,249.2
2020-03-25 23:30:00,26.0,69.3,249.5
2020-03-25 23:45:00,26.0,61.2,250.3
2020-03-26 00:00:00,26.0,62.1,250.5
2020-03-26 00:15:00,26.0,64.4,250.4
2020-03-26 00:30:00,25.0,59.6,250.6
2020-03-26 00:45:00,24.5,61.0,250.75
2020-03-26 01:00:00,24.0,62.4,250.9
2020-03-26 01:15:00,24.0,57.2,251.3
2020-03-26 01:30:00,24.333333333333332,53.46666666666667,251.56666666666666
2020-03-26 01:45:00,24.666666666666668,49.733333333333334,251.83333333333334
2020-03-26 02:00:00,25.0,46.0,252.1
2020-03-26 02:15:00,24.0,44.7,252.2
2020-03-26 02:30:00,24.0,44.9,252.1
2020-03-26 02:45:00,24.0,46.9,252.2
2020-03-26 03:00:00,24.0,45.8,252.2
2020-03-26 03:15:00,24.0,43.8,252.3
2020-03-26 03:30:00,24.0,44.3,252.2
2020-03-26 03:45:00,24.0,49.3,252.2
2020-03-26 04:00:00,24.0,42.6,252.3
2020-03-26 04:15:00,24.0,44.8,252.7
2020-03-26 04:30:00,24.0,39.1,252.7
2020-03-26 04:45:00,24.0,38.5,253.0
2020-03-26 05:00:00,24.0,43.1,252.4
2020-03-26 05:15:00,24.0,44.1,252.4
2020-03-26 05:30:00,24.0,39.0,252.7
2020-03-26 05:45:00,23.0,49.4,252.8
2020-03-26 06:00:00,23.0,36.6,252.4
2020-03-26 06:15:00,23.0,35.9,252.3
2020-03-26 06:30:00,24.0,37.3,251.9
2020-03-26 06:45:00,23.0,35.8,251.1
2020-03-26 07:00:00,24.0,40.1,250.0
2020-03-26 07:15:00,24.5,36.8,249.45
2020-03-26 07:30:00,26.0,38.8,249.1
2020-03-26 07:45:00,26.0,42.5,248.9
2020-03-26 08:00:00,27.0,39.4,248.7
2020-03-26 08:15:00,27.0,38.0,248.2
2020-03-26 08:30:00,28.0,41.6,247.4
2020-03-26 08:45:00,29.0,39.9,247.4
2020-03-26 09:00:00,29.0,56.0,246.6
2020-03-26 09:15:00,30.0,46.2,246.7
2020-03-26 09:30:00,30.0,51.6,246.5
2020-03-26 09:45:00,31.0,41.8,246.9
2020-03-26 10:00:00,31.0,53.3,246.4
2020-03-26 10:15:00,32.0,50.7,246.7
2020-03-26 10:30:00,32.0,64.1,246.2
2020-03-26 10:45:00,33.0,48.9,246.4
2020-03-26 11:00:00,33.0,48.9,246.6
2020-03-26 11:15:00,35.0,49.1,246.5
2020-03-26 11:30:00,35.0,59.4,245.9
2020-03-26 11:45:00,35.0,56.7,245.6
2020-03-26 12:00:00,36.0,70.1,245.5
2020-03-26 12:15:00,37.0,68.1,245.9
2020-03-26 12:30:00,37.0,69.4,245.8
2020-03-26 12:45:00,40.0,69.7,245.2
2020-03-26 13:00:00,41.0,68.0,245.6
2020-03-26 13:15:00,39.0,79.6,245.4
2020-03-26 13:30:00,41.0,83.3,244.7
2020-03-26 13:45:00,40.0,88.3,244.7
2020-03-26 14:00:00,41.0,76.6,245.3
2020-03-26 14:15:00,41.0,60.6,246.1
2020-03-26 14:30:00,41.0,57.7,246.5
2020-03-26 14:45:00,41.0,57.3,246.6
2020-03-26 15:00:00,41.0,55.8,246.6
2020-03-26 15:15:00,40.0,59.3,246.8
2020-03-26 15:30:00,38.0,57.7,247.1
2020-03-26 15:45:00,38.0,58.7,246.9
2020-03-26 16:00:00,37.0,70.0,246.0
2020-03-26 16:15:00,36.0,72.9,245.8
2020-03-26 16:30:00,35.0,74.1,246.7
2020-03-26 16:45:00,35.0,75.6,246.5
2020-03-26 17:00:00,34.0,75.6,246.5
2020-03-26 17:15:00,34.0,71.3,246.4
2020-03-26 17:30:00,33.0,64.2,246.9
2020-03-26 17:45:00,33.0,67.5,246.8
2020-03-26 18:00:00,32.0,65.4,245.3
2020-03-26 18:15:00,32.0,67.4,244.4
2020-03-26 18:30:00,32.0,72.1,243.5
2020-03-26 18:45:00,31.0,70.0,243.7
2020-03-26 19:00:00,31.0,74.2,243.3
2020-03-26 19:15:00,31.0,77.2,243.5
2020-03-26 19:30:00,31.0,70.7,244.1
2020-03-26 19:45:00,31.0,68.2,244.5
2020-03-26 20:00:00,30.0,75.9,245.0
2020-03-26 20:15:00,30.0,74.9,244.8
2020-03-26 20:30:00,30.0,67.8,245.4
2020-03-26 20:45:00,29.0,69.5,245.4
2020-03-26 21:00:00,29.0,72.1,246.1
2020-03-26 21:15:00,29.0,72.3,246.2
2020-03-26 21:30:00,28.0,82.0,246.0
2020-03-26 21:45:00,28.0,87.6,246.2
2020-03-26 22:00:00,28.0,86.8,246.7
2020-03-26 22:15:00,28.0,77.7,248.0
2020-03-26 22:30:00,28.0,73.1,248.1
2020-03-26 22:45:00,28.0,72.7,249.0
2020-03-26 23:00:00,28.0,71.3,248.6
2020-03-26 23:15:00,28.0,82.4,248.5
2020-03-26 23:30:00,28.0,75.5,248.4
2020-03-26 23:45:00,28.0,74.6,248.8
2020-03-27 00:00:00,27.0,77.0,248.9
2020-03-27 00:15:00,27.0,75.4,249.2
2020-03-27 00:30:00,27.0,75.3,248.8
2020-03-27 00:45:00,27.0,63.2,250.3
2020-03-27 01:00:00,27.0,63.9,250.4
2020-03-27 01:15:00,27.0,62.9,250.3
2020-03-27 01:30:00,27.0,62.7,250.1
2020-03-27 01:45:00,27.0,51.7,250.6
2020-03-27 02:00:00,26.0,52.9,250.9
2020-03-27 02:15:00,26.0,51.0,250.7
2020-03-27 02:30:00,25.0,50.0,250.8
2020-03-27 02:45:00,26.0,47.4,251.2
2020-03-27 03:00:00,25.0,48.1,251.2
2020-03-27 03:15:00,25.0,45.9,251.1
2020-03-27 03:30:00,25.0,44.6,251.4
2020-03-27 03:45:00,24.75,45.175,251.45
2020-03-27 04:00:00,24.5,45.75,251.5
2020-03-27 04:15:00,24.25,46.325,251.55
2020-03-27 04:30:00,24.0,46.9,251.6
2020-03-27 04:45:00,24.0,45.55,251.64999999999998
2020-03-27 05:00:00,24.0,44.2,251.7
2020-03-27 05:15:00,24.0,46.9,251.4
2020-03-27 05:30:00,24.0,45.9,251.5
2020-03-27 05:45:00,24.0,41.9,252.1
2020-03-27 06:00:00,24.0,41.3,251.7
2020-03-27 06:15:00,24.0,43.4,251.5
2020-03-27 06:30:00,25.0,38.2,251.3
2020-03-27 06:45:00,25.0,40.5,249.7
2020-03-27 07:00:00,25.0,44.4,248.9
2020-03-27 07:15:00,26.0,42.0,248.5
2020-03-27 07:30:00,27.0,50.7,247.8
2020-03-27 07:45:00,28.0,43.5,247.8
2020-03-27 08:00:00,28.0,51.3,247.1
2020-03-27 08:15:00,29.0,45.6,247.0
2020-03-27 08:30:00,30.0,40.9,247.0
2020-03-27 08:45:00,30.0,46.5,247.1
2020-03-27 09:00:00,31.0,42.6,246.6
2020-03-27 09:15:00,31.0,54.4,246.3
2020-03-27 09:30:00,32.0,57.2,246.6
2020-03-27 09:45:00,32.0,41.6,247.4
2020-03-27 10:00:00,33.0,48.3,246.9
2020-03-27 10:15:00,33.0,55.4,246.5
2020-03-27 10:30:00,34.0,43.0,247.0
2020-03-27 10:45:00,34.0,45.1,246.1
2020-03-27 11:00:00,35.0,57.5,245.5
2020-03-27 11:15:00,36.0,58.3,245.3
2020-03-27 11:30:00,36.0,58.7,245.3
2020-03-27 11:45:00,37.0,61.7,245.6
2020-03-27 12:00:00,37.0,69.5,245.4
2020-03-27 12:15:00,38.0,62.4,245.6
2020-03-27 12:30:00,39.0,90.1,244.2
2020-03-27 12:45:00,41.0,88.2,244.3
2020-03-27 13:00:00,43.0,66.0,245.0
2020-03-27 13:15:00,41.0,83.0,244.3
2020-03-27 13:30:00,41.0,81.0,244.1
2020-03-27 13:45:00,41.0,79.8,244.1
2020-03-27 14:00:00,43.0,92.8,244.0
2020-03-27 14:15:00,44.0,88.1,244.5
2020-03-27 14:30:00,44.0,66.9,245.3
2020-03-27 14:45:00,44.0,69.9,245.5
2020-03-27 15:00:00,43.0,63.5,245.4
2020-03-27 15:15:00,41.0,60.2,245.9
2020-03-27 15:30:00,41.0,60.1,246.5
2020-03-27 15:45:00,40.0,57.0,246.4
2020-03-27 16:00:00,39.0,67.7,246.7
2020-03-27 16:15:00,38.0,65.6,246.3
2020-03-27 16:30:00,37.0,72.6,246.0
2020-03-27 16:45:00,37.0,71.2,246.3
2020-03-27 17:00:00,36.0,71.0,246.1
2020-03-27 17:15:00,35.0,67.3,246.3
2020-03-27 17:30:00,35.0,66.1,246.6
2020-03-27 17:45:00,34.0,66.6,246.4
2020-03-27 18:00:00,34.0,64.7,246.1
2020-03-27 18:15:00,33.0,69.2,244.1
2020-03-27 18:30:00,33.0,69.0,242.4
2020-03-27 18:45:00,32.0,81.8,241.7
2020-03-27 19:00:00,32.0,81.4,242.9
2020-03-27 19:15:00,32.0,83.8,242.8
2020-03-27 19:30:00,31.0,78.9,244.4
2020-03-27 19:45:00,31.0,72.5,244.1
2020-03-27 20:00:00,30.0,71.8,244.3
2020-03-27 20:15:00,30.0,78.6,244.5
2020-03-27 20:30:00,30.0,78.0,244.9
2020-03-27 20:45:00,29.0,78.0,245.2
2020-03-27 21:00:00,29.0,74.4,245.4
2020-03-27 21:15:00,29.0,76.3,245.7
2020-03-27 21:30:00,29.0,75.4,246.0
2020-03-27 21:45:00,29.0,72.5,246.7
2020-03-27 22:00:00,28.0,83.1,247.0
2020-03-27 22:15:00,28.0,76.5,247.0
2020-03-27 22:30:00,28.0,69.7,247.5
2020-03-27 22:45:00,28.0,73.4,247.8
2020-03-27 23:00:00,28.0,69.2,248.9
2020-03-27 23:15:00,28.0,89.8,248.0
2020-03-27 23:30:00,28.0,76.5,248.6
2020-03-27 23:45:00,28.0,72.3,249.3
2020-03-28 00:00:00,28.0,72.1,250.1
2020-03-28 00:15:00,28.0,68.8,250.2
2020-03-28 00:30:00,28.0,64.6,250.6
2020-03-28 00:45:00,28.0,65.5,250.6
2020-03-28 01:00:00,27.0,65.4,250.5
2020-03-28 01:15:00,27.0,61.7,250.9
2020-03-28 01:30:00,27.0,65.8,250.6
2020-03-28 01:45:00,27.0,68.2,251.1
2020-03-28 02:00:00,27.0,59.5,251.1
2020-03-28 02:15:00,27.0,72.3,250.6
2020-03-28 02:30:00,26.0,73.1,250.5
2020-03-28 02:45:00,26.0,64.6,251.0
2020-03-28 03:00:00,26.0,69.8,251.0
2020-03-28 03:15:00,26.0,64.2,251.3
2020-03-28 03:30:00,26.0,62.1,251.4
2020-03-28 03:45:00,25.0,46.7,252.2
2020-03-28 04:00:00,26.0,51.6,252.5
2020-03-28 04:15:00,25.0,54.5,252.5
2020-03-28 04:30:00,24.0,53.6,252.1
2020-03-28 04:45:00,24.0,49.3,252.4
2020-03-28 05:00:00,24.0,55.1,251.7
2020-03-28 05:15:00,24.0,52.3,252.0
2020-03-28 05:30:00,24.0,59.9,252.0
2020-03-28 05:45:00,24.0,42.3,252.7
2020-03-28 06:00:00,24.0,61.9,251.8
2020-03-28 06:15:00,24.0,49.0,251.5
2020-03-28 06:30:00,24.0,43.6,251.5
2020-03-28 06:45:00,24.0,45.2,250.1
2020-03-28 07:00:00,25.0,49.0,250.0
2020-03-28 07:15:00,26.0,42.1,249.8
2020-03-28 07:30:00,27.0,40.3,249.0
2020-03-28 07:45:00,27.0,38.0,248.1
2020-03-28 08:00:00,28.0,50.2,247.3
2020-03-28 08:15:00,29.0,41.9,247.5
2020-03-28 08:30:00,29.0,42.5,246.9
2020-03-28 08:45:00,30.0,47.5,246.8
2020-03-28 09:00:00,30.0,47.7,246.6
2020-03-28 09:15:00,31.0,54.2,245.8
2020-03-28 09:30:00,32.0,51.3,246.3
2020-03-28 09:45:00,33.0,61.4,245.7
2020-03-28 10:00:00,33.0,49.8,246.0
2020-03-28 10:15:00,34.0,45.3,245.9
2020-03-28 10:30:00,34.0,53.1,246.4
2020-03-28 10:45:00,35.0,55.3,246.3
2020-03-28 11:00:00,35.0,47.7,246.4
2020-03-28 11:15:00,37.0,48.9,246.8
2020-03-28 11:30:00,37.0,60.1,246.9
2020-03-28 11:45:00,37.0,52.8,247.0
2020-03-28 12:00:00,38.0,55.7,247.1
2020-03-28 12:15:00,38.0,56.0,246.8
2020-03-28 12:30:00,39.0,56.5,247.3
2020-03-28 12:45:00,41.0,95.4,245.4
2020-03-28 13:00:00,42.0,76.5,244.1
2020-03-28 13:15:00,42.0,83.6,243.9
2020-03-28 13:30:00,41.0,73.8,242.9
2020-03-28 13:45:00,41.0,81.0,243.2
2020-03-28 14:00:00,42.0,80.1,243.0
2020-03-28 14:15:00,42.0,68.3,245.2
2020-03-28 14:30:00,43.0,77.2,245.0
2020-03-28 14:45:00,43.0,80.4,244.8
2020-03-28 15:00:00,43.0,70.3,245.1
2020-03-28 15:15:00,42.0,69.7,244.4
2020-03-28 15:30:00,41.0,75.7,244.4
2020-03-28 15:45:00,41.0,69.5,245.3
2020-03-28 16:00:00,39.0,67.8,245.3
2020-03-28 16:15:00,39.0,68.9,244.8
2020-03-28 16:30:00,38.0,68.4,244.9
2020-03-28 16:45:00,37.0,61.7,245.0
2020-03-28 17:00:00,36.0,69.0,244.5
2020-03-28 17:15:00,35.0,70.3,244.7
2020-03-28 17:30:00,35.0,78.1,244.8
2020-03-28 17:45:00,34.0,70.7,244.9
2020-03-28 18:00:00,34.0,66.8,243.9
2020-03-28 18:15:00,33.0,77.4,242.2
2020-03-28 18:30:00,33.0,71.6,241.8
2020-03-28 18:45:00,32.0,72.6,241.2
2020-03-28 19:00:00,32.0,71.0,241.2
2020-03-28 19:15:00,32.0,74.2,241.3
2020-03-28 19:30:00,32.0,77.2,241.6
2020-03-28 19:45:00,31.0,79.5,241.6
2020-03-28 20:00:00,31.0,72.5,243.0
2020-03-28 20:15:00,31.0,85.7,242.6
2020-03-28 20:30:00,31.0,85.0,243.2
2020-03-28 20:45:00,30.0,91.6,243.4
2020-03-28 21:00:00,30.0,93.7,243.1
2020-03-28 21:15:00,30.0,84.6,243.8
2020-03-28 21:30:00,30.0,87.2,243.6
2020-03-28 21:45:00,30.0,89.1,244.3
2020-03-28 22:00:00,30.0,83.6,245.1
2020-03-28 22:15:00,29.0,77.8,245.3
2020-03-28 22:30:00,29.0,69.1,245.8
2020-03-28 22:45:00,29.0,72.7,246.3
2020-03-28 23:00:00,29.0,79.6,246.0
2020-03-28 23:15:00,29.0,78.9,246.8
2020-03-28 23:30:00,29.0,87.3,246.2
2020-03-28 23:45:00,28.0,79.2,246.9
2020-03-29 00:00:00,28.0,74.4,247.5
2020-03-29 00:15:00,28.0,79.3,247.5
2020-03-29 00:30:00,28.0,73.2,247.9
2020-03-29 00:45:00,27.0,76.1,248.0
2020-03-29 01:00:00,27.0,66.4,248.5
2020-03-29 01:15:00,27.0,60.3,248.8
2020-03-29 01:30:00,27.0,57.8,249.2
2020-03-29 01:45:00,27.0,61.2,249.5
2020-03-29 02:00:00,27.0,62.0,249.4
2020-03-29 02:15:00,27.0,52.4,249.9
2020-03-29 02:30:00,27.0,57.5,249.1
2020-03-29 02:45:00,27.0,56.5,249.5
2020-03-29 03:00:00,27.0,56.7,249.4
2020-03-29 03:15:00,27.0,53.6,250.7
2020-03-29 03:30:00,26.0,53.7,250.7
2020-03-29 03:45:00,26.0,51.2,251.5
2020-03-29 04:00:00,26.0,57.9,251.1
2020-03-29 04:15:00,26.0,48.7,251.4
2020-03-29 04:30:00,26.0,50.1,251.2
2020-03-29 04:45:00,26.0,51.0,251.3
2020-03-29 05:00:00,26.0,47.7,251.0
2020-03-29 05:15:00,26.0,47.8,251.0
2020-03-29 05:30:00,26.0,43.4,251.7
2020-03-29 05:45:00,25.0,46.5,250.6
2020-03-29 06:00:00,25.0,46.8,250.7
2020-03-29 06:15:00,26.0,54.3,250.0
2020-03-29 06:30:00,26.0,47.4,250.2
2020-03-29 06:45:00,26.0,48.2,248.6
2020-03-29 07:00:00,27.0,45.2,248.2
2020-03-29 07:15:00,27.0,48.0,247.9
2020-03-29 07:30:00,29.0,50.7,247.6
2020-03-29 07:45:00,29.0,53.1,247.1
2020-03-29 08:00:00,30.0,46.5,246.8
2020-03-29 08:15:00,30.0,48.5,246.3
2020-03-29 08:30:00,31.0,49.7,246.3
2020-03-29 08:45:00,31.0,49.2,246.1
2020-03-29 09:00:00,32.0,53.5,244.5
2020-03-29 09:15:00,32.0,58.5,244.4
2020-03-29 09:30:00,32.0,55.2,244.6
2020-03-29 09:45:00,32.0,62.2,244.1
2020-03-29 10:00:00,32.0,51.9,244.5
2020-03-29 10:15:00,33.0,46.9,245.1
2020-03-29 10:30:00,33.0,48.6,245.6
2020-03-29 10:45:00,34.0,58.6,245.4
2020-03-29 11:00:00,34.0,52.3,245.5
2020-03-29 11:15:00,35.0,74.1,245.0
2020-03-29 11:30:00,35.0,69.0,244.9
2020-03-29 11:45:00,36.0,48.3,245.4
2020-03-29 12:00:00,36.0,57.0,245.1
2020-03-29 12:15:00,36.0,51.9,245.2
2020-03-29 12:30:00,38.0,61.6,244.6
2020-03-29 12:45:00,40.0,75.5,244.2
2020-03-29 13:00:00,42.0,78.6,244.4
2020-03-29 13:15:00,42.0,66.9,243.5
2020-03-29 13:30:00,40.0,70.8,242.6
2020-03-29 13:45:00,42.0,70.3,242.9
2020-03-29 14:00:00,42.0,70.1,243.1
2020-03-29 14:15:00,43.0,79.5,243.6
2020-03-29 14:30:00,43.0,68.4,244.7
2020-03-29 14:45:00,43.0,61.8,245.2
2020-03-29 15:00:00,44.0,61.2,244.8
2020-03-29 15:15:00,42.0,65.4,244.5
2020-03-29 15:30:00,41.0,74.1,244.1
2020-03-29 15:45:00,40.0,105.8,243.1
2020-03-29 16:00:00,39.0,87.8,245.5
2020-03-29 16:15:00,39.0,86.5,244.8
2020-03-29 16:30:00,38.0,84.2,244.8
2020-03-29 16:45:00,36.0,83.7,244.6
2020-03-29 17:00:00,36.0,71.8,245.4
2020-03-29 17:15:00,35.0,83.0,244.6
2020-03-29 17:30:00,35.0,82.0,245.6
2020-03-29 17:45:00,34.0,70.2,246.1
2020-03-29 18:00:00,33.0,74.7,246.0
2020-03-29 18:15:00,33.0,74.8,244.1
2020-03-29 18:30:00,32.0,83.8,238.8
2020-03-29 18:45:00,32.0,95.0,240.4
2020-03-29 19:00:00,31.0,82.3,241.0
2020-03-29 19:15:00,31.0,82.6,241.7
2020-03-29 19:30:00,30.0,82.2,242.8
2020-03-29 19:45:00,30.0,75.1,244.1
2020-03-29 20:00:00,30.0,81.6,243.9
2020-03-29 20:15:00,29.0,77.7,243.7
2020-03-29 20:30:00,29.0,75.0,244.8
2020-03-29 20:45:00,29.0,77.4,244.6
2020-03-29 21:00:00,29.0,74.4,245.1
2020-03-29 21:15:00,28.0,81.2,243.6
2020-03-29 21:30:00,28.0,78.1,243.7
2020-03-29 21:45:00,28.0,85.5,245.3
2020-03-29 22:00:00,28.0,83.4,246.1
2020-03-29 22:15:00,28.0,87.2,246.3
2020-03-29 22:30:00,27.0,67.8,247.1
2020-03-29 22:45:00,28.0,73.9,247.8
2020-03-29 23:00:00,27.0,69.3,247.8
2020-03-29 23:15:00,27.0,67.6,248.3
2020-03-29 23:30:00,27.0,71.1,249.1
2020-03-29 23:45:00,26.0,63.9,249.8
2020-03-30 00:00:00,26.0,71.8,249.3
2020-03-30 00:15:00,25.0,64.2,249.8
2020-03-30 00:30:00,26.0,70.9,249.4
2020-03-30 00:45:00,26.0,73.3,250.0
2020-03-30 01:00:00,26.0,75.1,249.6
2020-03-30 01:15:00,26.0,68.4,250.0
2020-03-30 01:30:00,25.0,53.6,250.7
2020-03-30 01:45:00,25.0,52.8,250.3
2020-03-30 02:00:00,24.0,60.5,250.6
2020-03-30 02:15:00,25.0,63.6,250.4
2020-03-30 02:30:00,25.0,58.1,250.7
2020-03-30 02:45:00,25.0,52.6,251.0
2020-03-30 03:00:00,24.0,60.5,250.8
2020-03-30 03:15:00,24.0,68.6,250.3
2020-03-30 03:30:00,24.0,53.5,251.2
2020-03-30 03:45:00,24.0,49.0,251.0
2020-03-30 04:00:00,24.0,49.2,251.7
2020-03-30 04:15:00,24.0,58.0,251.2
2020-03-30 04:30:00,24.0,45.8,251.8
2020-03-30 04:45:00,24.0,43.0,251.8
2020-03-30 05:00:00,24.0,54.1,251.5
2020-03-30 05:15:00,24.0,48.8,251.5
2020-03-30 05:30:00,24.0,45.8,252.0
2020-03-30 05:45:00,24.0,49.1,251.6
2020-03-30 06:00:00,24.0,51.7,251.6
2020-03-30 06:15:00,23.0,55.6,251.3
2020-03-30 06:30:00,24.0,57.5,251.2
2020-03-30 06:45:00,24.0,47.4,249.8
2020-03-30 07:00:00,24.0,48.7,249.9
2020-03-30 07:15:00,25.0,44.5,249.4
2020-03-30 07:30:00,26.0,50.1,248.8
2020-03-30 07:45:00,27.0,57.5,247.8
2020-03-30 08:00:00,27.0,53.6,247.0
2020-03-30 08:15:00,28.0,47.7,247.1
2020-03-30 08:30:00,29.0,41.6,246.9
2020-03-30 08:45:00,30.0,45.8,246.8
2020-03-30 09:00:00,30.0,56.2,246.1
2020-03-30 09:15:00,31.0,49.5,246.3
2020-03-30 09:30:00,32.0,47.0,245.9
2020-03-30 09:45:00,32.0,47.3,246.4
2020-03-30 10:00:00,32.0,45.6,245.7
2020-03-30 10:15:00,33.0,48.2,245.8
2020-03-30 10:30:00,34.0,48.6,246.1
2020-03-30 10:45:00,34.0,53.1,245.2
2020-03-30 11:00:00,34.0,63.0,244.6
2020-03-30 11:15:00,35.0,60.1,244.7
2020-03-30 11:30:00,36.0,56.9,246.2
2020-03-30 11:45:00,36.0,52.5,247.2
2020-03-30 12:00:00,36.0,55.4,246.7
2020-03-30 12:15:00,37.0,54.2,246.1
2020-03-30 12:30:00,38.0,60.9,245.7
2020-03-30 12:45:00,40.0,64.7,245.7
2020-03-30 13:00:00,42.0,62.8,245.1
2020-03-30 13:15:00,42.0,80.0,244.6
2020-03-30 13:30:00,41.0,79.4,244.0
2020-03-30 13:45:00,41.0,71.4,244.3
2020-03-30 14:00:00,43.0,74.5,243.9
2020-03-30 14:15:00,43.0,68.5,244.3
2020-03-30 14:30:00,42.0,68.0,244.3
2020-03-30 14:45:00,43.0,66.9,244.5
2020-03-30 15:00:00,43.0,65.9,244.6
2020-03-30 15:15:00,42.0,67.6,244.6
2020-03-30 15:30:00,41.0,68.5,244.5
2020-03-30 15:45:00,40.0,77.0,244.8
2020-03-30 16:00:00,38.0,58.2,245.3
2020-03-30 16:15:00,38.0,70.7,244.4
2020-03-30 16:30:00,39.0,71.1,245.3
2020-03-30 16:45:00,37.0,73.8,245.3
2020-03-30 17:00:00,36.0,75.5,245.0
2020-03-30 17:15:00,35.0,65.6,245.2
2020-03-30 17:30:00,34.0,87.6,244.9
2020-03-30 17:45:00,34.0,77.6,245.5
2020-03-30 18:00:00,33.0,79.6,245.3
2020-03-30 18:15:00,32.0,84.9,243.8
2020-03-30 18:30:00,32.0,88.1,242.0
2020-03-30 18:45:00,32.0,82.6,242.8
2020-03-30 19:00:00,31.0,77.6,244.8
2020-03-30 19:15:00,31.0,75.0,244.1
2020-03-30 19:30:00,31.0,77.6,244.6
2020-03-30 19:45:00,31.0,77.8,244.7
2020-03-30 20:00:00,30.0,82.4,245.3
2020-03-30 20:15:00,30.0,71.6,246.0
2020-03-30 20:30:00,30.0,77.7,246.1
2020-03-30 20:45:00,30.0,69.4,246.4
2020-03-30 21:00:00,29.0,72.4,246.7
2020-03-30 21:15:00,29.0,71.6,247.7
2020-03-30 21:30:00,28.0,71.7,246.3
2020-03-30 21:45:00,28.0,68.0,246.6
2020-03-30 22:00:00,28.0,72.1,247.0
2020-03-30 22:15:00,27.0,67.1,247.5
2020-03-30 22:30:00,27.0,69.7,247.2
2020-03-30 22:45:00,27.0,68.7,247.9
2020-03-30 23:00:00,27.0,86.2,247.8
2020-03-30 23:15:00,26.0,86.5,247.7
2020-03-30 23:30:00,26.0,73.3,248.4
2020-03-30 23:45:00,26.0,78.5,248.6
2020-03-31 00:00:00,26.0,76.9,248.9
2020-03-31 00:15:00,26.0,74.8,249.5
2020-03-31 00:30:00,26.0,68.1,249.7
2020-03-31 00:45:00,25.0,78.3,250.0
2020-03-31 01:00:00,25.0,64.1,250.2
2020-03-31 01:15:00,25.0,65.9,250.1
2020-03-31 01:30:00,24.5,61.900000000000006,250.55
2020-03-31 01:45:00,24.0,64.8,250.7
2020-03-31 02:00:00,24.0,58.1,250.7
2020-03-31 02:15:00,24.0,59.5,250.6
2020-03-31 02:30:00,24.0,65.6,250.4
2020-03-31 02:45:00,24.0,59.7,250.6
2020-03-31 03:00:00,24.0,62.9,250.7
2020-03-31 03:15:00,23.0,66.3,250.7
2020-03-31 03:30:00,23.0,62.4,251.4
2020-03-31 03:45:00,23.0,57.6,251.3
2020-03-31 04:00:00,23.0,59.6,251.6
2020-03-31 04:15:00,23.0,54.8,251.5
2020-03-31 04:30:00,23.0,55.4,251.8
2020-03-31 04:45:00,23.0,47.6,252.1
2020-03-31 05:00:00,22.0,44.5,252.1
2020-03-31 05:15:00,22.0,51.4,251.3
2020-03-31 05:30:00,22.0,42.7,251.9
2020-03-31 05:45:00,22.0,42.0,251.7
2020-03-31 06:00:00,22.0,40.9,252.1
2020-03-31 06:15:00,22.0,38.2,251.8
2020-03-31 06:30:00,23.0,40.9,251.0
2020-03-31 06:45:00,23.0,54.9,249.8
2020-03-31 07:00:00,24.0,43.4,249.7
2020-03-31 07:15:00,25.0,43.9,249.3
2020-03-31 07:30:00,26.0,37.7,248.9
2020-03-31 07:45:00,27.0,43.8,248.2
2020-03-31 08:00:00,28.0,42.6,248.0
2020-03-31 08:15:00,29.0,41.1,247.8
2020-03-31 08:30:00,30.0,44.4,247.5
2020-03-31 08:45:00,31.0,44.6,246.7
2020-03-31 09:00:00,32.0,55.3,246.1
2020-03-31 09:15:00,32.0,50.6,246.6
2020-03-31 09:30:00,33.0,62.0,245.5
2020-03-31 09:45:00,33.0,49.9,245.7
2020-03-31 10:00:00,33.0,51.3,246.5
2020-03-31 10:15:00,34.0,54.0,246.4
2020-03-31 10:30:00,34.0,58.6,245.6
2020-03-31 10:45:00,35.0,51.5,245.5
2020-03-31 11:00:00,35.0,51.7,245.7
2020-03-31 11:15:00,35.0,57.5,245.7
2020-03-31 11:30:00,36.0,56.1,246.3
2020-03-31 11:45:00,37.0,59.2,245.8
2020-03-31 12:00:00,37.0,58.7,245.8
2020-03-31 12:15:00,37.0,55.6,246.1
2020-03-31 12:30:00,39.0,71.2,245.4
2020-03-31 12:45:00,40.0,72.1,244.9
2020-03-31 13:00:00,41.0,70.9,244.6
2020-03-31 13:15:00,43.0,66.9,245.2
2020-03-31 13:30:00,41.0,80.7,244.4
2020-03-31 13:45:00,42.0,66.3,245.3
2020-03-31 14:00:00,43.0,67.4,245.0
2020-03-31 14:15:00,43.0,69.8,244.9
2020-03-31 14:30:00,43.0,81.9,244.7
2020-03-31 14:45:00,41.0,66.4,245.4
2020-03-31 15:00:00,42.0,70.3,245.3
2020-03-31 15:15:00,41.0,75.7,245.2
2020-03-31 15:30:00,41.0,73.0,245.2
2020-03-31 15:45:00,39.0,62.2,245.8
2020-03-31 16:00:00,38.0,62.9,246.0
2020-03-31 16:15:00,37.0,65.8,244.9
2020-03-31 16:30:00,37.0,68.2,246.3
2020-03-31 16:45:00,35.0,70.4,245.7
2020-03-31 17:00:00,35.0,73.8,245.5
2020-03-31 17:15:00,34.0,80.5,245.4
2020-03-31 17:30:00,34.0,80.8,245.8
2020-03-31 17:45:00,34.0,74.3,245.3
2020-03-31 18:00:00,33.0,77.5,245.0
2020-03-31 18:15:00,32.0,75.3,243.8
2020-03-31 18:30:00,32.0,81.0,242.6
2020-03-31 18:45:00,32.0,88.2,242.6
2020-03-31 19:00:00,32.0,81.2,243.9
2020-03-31 19:15:00,31.0,72.4,244.0
2020-03-31 19:30:00,31.0,76.7,243.9
2020-03-31 19:45:00,31.0,78.1,244.1
2020-03-31 20:00:00,31.0,77.6,244.8
2020-03-31 20:15:00,30.0,68.0,245.5
2020-03-31 20:30:00,30.0,74.9,245.8
2020-03-31 20:45:00,30.0,69.5,245.2
2020-03-31 21:00:00,30.0,80.2,244.8
2020-03-31 21:15:00,29.0,75.4,245.6
2020-03-31 21:30:00,29.0,73.4,245.4
2020-03-31 21:45:00,29.0,73.8,245.6
2020-03-31 22:00:00,28.0,70.5,246.2
2020-03-31 22:15:00,28.0,73.2,246.8
2020-03-31 22:30:00,28.0,69.5,246.9
2020-03-31 22:45:00,28.0,64.6,247.5
2020-03-31 23:00:00,28.0,79.9,246.8
2020-03-31 23:15:00,27.0,75.3,247.1
2020-03-31 23:30:00,27.0,79.0,247.4
2020-03-31 23:45:00,27.0,67.0,248.3
2020-04-01 00:00:00,27.0,68.0,248.35000000000002
2020-04-01 00:15:00,27.0,69.0,248.4
2020-04-01 00:30:00,27.0,70.7,248.2
2020-04-01 00:45:00,27.0,61.5,248.8
2020-04-01 01:00:00,26.0,55.0,249.0
2020-04-01 01:15:00,26.0,54.6,249.6
2020-04-01 01:30:00,26.0,51.6,249.7
2020-04-01 01:45:00,25.0,54.6,249.9
2020-04-01 02:00:00,25.0,51.5,250.1
2020-04-01 02:15:00,24.0,52.4,250.5
2020-04-01 02:30:00,24.0,53.9,250.2
2020-04-01 02:45:00,24.0,51.1,250.3
2020-04-01 03:00:00,24.0,57.4,249.9
2020-04-01 03:15:00,24.0,50.2,250.2
2020-04-01 03:30:00,23.0,48.3,250.3
2020-04-01 03:45:00,23.0,48.0,250.8
2020-04-01 04:00:00,23.0,45.2,250.9
2020-04-01 04:15:00,23.0,47.2,250.8
2020-04-01 04:30:00,23.0,43.5,250.9
2020-04-01 04:45:00,23.0,42.3,251.1
2020-04-01 05:00:00,23.0,41.1,250.9
2020-04-01 05:15:00,23.0,44.4,250.8
2020-04-01 05:30:00,23.0,46.6,250.8
2020-04-01 05:45:00,23.0,44.9,250.9
2020-04-01 06:00:00,23.0,50.7,250.2
2020-04-01 06:15:00,24.0,53.5,249.8
2020-04-01 06:30:00,23.0,44.8,249.3
2020-04-01 06:45:00,23.0,51.8,248.7
2020-04-01 07:00:00,24.0,41.4,248.4
2020-04-01 07:15:00,25.0,49.5,247.6
2020-04-01 07:30:00,26.0,44.0,247.1
2020-04-01 07:45:00,27.0,43.9,247.1
2020-04-01 08:00:00,28.0,40.2,246.8
2020-04-01 08:15:00,29.0,42.9,246.5
2020-04-01 08:30:00,29.0,50.7,245.8
2020-04-01 08:45:00,30.0,56.6,245.6
2020-04-01 09:00:00,30.0,46.8,245.7
2020-04-01 09:15:00,31.0,41.0,245.8
2020-04-01 09:30:00,31.0,49.1,245.3
2020-04-01 09:45:00,32.0,44.0,245.3
2020-04-01 10:00:00,33.0,52.8,245.0
2020-04-01 10:15:00,34.0,51.2,244.9
2020-04-01 10:30:00,34.0,55.2,245.2
2020-04-01 10:45:00,35.0,60.6,244.7
2020-04-01 11:00:00,36.0,69.8,244.3
2020-04-01 11:15:00,36.0,59.1,244.5
2020-04-01 11:30:00,37.0,55.9,245.4
2020-04-01 11:45:00,36.0,58.4,246.1
2020-04-01 12:00:00,37.0,62.8,246.1
2020-04-01 12:15:00,38.0,60.1,246.0
2020-04-01 12:30:00,39.0,72.2,245.4
2020-04-01 12:45:00,39.0,73.0,245.3
2020-04-01 13:00:00,40.0,71.3,245.4
2020-04-01 13:15:00,42.0,65.9,245.4
2020-04-01 13:30:00,40.0,79.3,244.0
2020-04-01 13:45:00,41.0,67.9,244.3
2020-04-01 14:00:00,42.0,92.8,243.5
2020-04-01 14:15:00,42.0,84.2,244.3
2020-04-01 14:30:00,42.0,78.2,245.4
2020-04-01 14:45:00,43.0,87.2,244.6
2020-04-01 15:00:00,42.0,73.5,244.8
2020-04-01 15:15:00,42.0,76.5,244.8
2020-04-01 15:30:00,41.0,80.5,244.7
2020-04-01 15:45:00,40.0,70.4,245.1
2020-04-01 16:00:00,39.0,72.7,245.0
2020-04-01 16:15:00,39.0,72.9,245.1
2020-04-01 16:30:00,37.0,76.1,245.3
2020-04-01 16:45:00,36.0,73.6,245.5
2020-04-01 17:00:00,36.0,70.4,245.6
2020-04-01 17:15:00,35.0,69.9,245.0
2020-04-01 17:30:00,35.0,75.6,245.7
2020-04-01 17:45:00,34.0,67.3,246.3
2020-04-01 18:00:00,33.0,69.9,245.6
2020-04-01 18:15:00,33.0,73.1,244.1
2020-04-01 18:30:00,32.0,78.3,242.6
2020-04-01 18:45:00,32.0,93.1,241.7
2020-04-01 19:00:00,32.0,83.6,242.5
2020-04-01 19:15:00,31.0,73.5,242.9
2020-04-01 19:30:00,31.0,74.5,243.0
2020-04-01 19:45:00,30.0,75.2,244.2
2020-04-01 20:00:00,30.0,83.2,244.0
2020-04-01 20:15:00,30.0,75.3,245.1
2020-04-01 20:30:00,29.0,76.9,245.9
2020-04-01 20:45:00,30.0,78.2,246.1
2020-04-01 21:00:00,30.0,86.6,246.1
2020-04-01 21:15:00,30.0,83.9,246.6
2020-04-01 21:30:00,30.0,82.4,245.6
2020-04-01 21:45:00,29.0,97.1,246.4
2020-04-01 22:00:00,29.0,96.9,246.5
2020-04-01 22:15:00,29.0,100.0,247.0
2020-04-01 22:30:00,29.0,93.9,247.2
2020-04-01 22:45:00,28.0,96.5,247.2
2020-04-01 23:00:00,28.0,71.8,248.4
2020-04-01 23:15:00,28.0,89.9,248.7
2020-04-01 23:30:00,28.0,69.6,248.7
2020-04-01 23:45:00,27.0,69.7,249.5
2020-04-02 00:00:00,27.0,69.8,250.0
2020-04-02 00:15:00,27.0,61.9,250.8
2020-04-02 00:30:00,27.0,63.8,250.5
2020-04-02 00:45:00,27.0,55.7,251.2
2020-04-02 01:00:00,27.0,56.5,251.3
2020-04-02 01:15:00,27.0,58.7,251.3
2020-04-02 01:30:00,26.0,67.3,251.5
2020-04-02 01:45:00,26.0,60.4,251.7
2020-04-02 02:00:00,26.0,70.7,251.4
2020-04-02 02:15:00,26.0,62.9,251.9
2020-04-02 02:30:00,26.0,58.1,251.9
2020-04-02 02:45:00,26.0,60.3,251.7
2020-04-02 03:00:00,26.0,58.6,252.1
2020-04-02 03:15:00,26.0,58.4,252.1
2020-04-02 03:30:00,26.0,57.2,252.3
2020-04-02 03:45:00,26.0,53.9,252.4
2020-04-02 04:00:00,25.0,54.1,252.7
2020-04-02 04:15:00,26.0,53.6,252.8
2020-04-02 04:30:00,26.0,53.2,252.7
2020-04-02 04:45:00,26.0,58.2,252.5
2020-04-02 05:00:00,26.0,55.4,252.4
2020-04-02 05:15:00,26.0,52.9,252.6
2020-04-02 05:30:00,26.0,59.2,253.1
2020-04-02 05:45:00,26.0,53.1,253.0
2020-04-02 06:00:00,26.0,44.7,253.0
2020-04-02 06:15:00,26.0,45.4,252.3
2020-04-02 06:30:00,26.0,49.0,250.6
2020-04-02 06:45:00,27.0,48.9,250.4
2020-04-02 07:00:00,27.0,55.1,249.2
2020-04-02 07:15:00,28.0,45.0,249.0
2020-04-02 07:30:00,28.0,59.1,247.9
2020-04-02 07:45:00,28.0,60.8,247.8
2020-04-02 08:00:00,29.0,46.6,247.6
2020-04-02 08:15:00,29.0,46.2,246.8
2020-04-02 08:30:00,30.0,55.4,246.2
2020-04-02 08:45:00,30.0,43.3,246.1
2020-04-02 09:00:00,31.0,48.4,247.0
2020-04-02 09:15:00,31.0,50.6,247.0
2020-04-02 09:30:00,32.0,53.7,246.3
2020-04-02 09:45:00,32.0,54.5,246.7
2020-04-02 10:00:00,33.0,54.7,246.7
2020-04-02 10:15:00,33.0,60.0,246.8
2020-04-02 10:30:00,34.0,67.5,244.9
2020-04-02 10:45:00,35.0,61.3,245.0
2020-04-02 11:00:00,35.0,72.6,244.6
2020-04-02 11:15:00,36.0,92.9,243.6
2020-04-02 11:30:00,37.0,66.7,245.0
2020-04-02 11:45:00,37.0,69.6,244.3
2020-04-02 12:00:00,38.0,73.3,244.4
2020-04-02 12:15:00,38.0,73.1,245.0
2020-04-02 12:30:00,39.0,77.8,244.6
2020-04-02 12:45:00,41.0,87.8,244.0
2020-04-02 13:00:00,40.0,85.3,243.8
2020-04-02 13:15:00,42.0,85.8,244.1
2020-04-02 13:30:00,41.0,84.0,243.7
2020-04-02 13:45:00,41.0,97.1,242.5
2020-04-02 14:00:00,42.0,94.5,242.5
2020-04-02 14:15:00,43.0,92.5,242.4
2020-04-02 14:30:00,42.0,90.2,243.0
2020-04-02 14:45:00,42.0,93.1,244.3
2020-04-02 15:00:00,42.0,96.2,243.8
2020-04-02 15:15:00,42.0,91.4,243.7
2020-04-02 15:30:00,42.0,77.5,244.9
2020-04-02 15:45:00,40.0,87.9,243.2
2020-04-02 16:00:00,40.0,86.8,243.7
2020-04-02 16:15:00,38.0,92.2,243.6
2020-04-02 16:30:00,35.0,78.0,245.1
2020-04-02 16:45:00,34.0,90.7,244.4
2020-04-02 17:00:00,34.0,84.5,244.4
2020-04-02 17:15:00,33.0,66.4,246.3
2020-04-02 17:30:00,33.0,67.6,247.1
2020-04-02 17:45:00,30.0,79.0,247.4
2020-04-02 18:00:00,31.0,78.6,245.8
2020-04-02 18:15:00,31.0,73.0,244.6
2020-04-02 18:30:00,32.0,88.7,244.3
2020-04-02 18:45:00,32.0,74.0,244.2
2020-04-02 19:00:00,31.0,82.7,245.0
2020-04-02 19:15:00,30.0,82.3,245.5
2020-04-02 19:30:00,29.0,81.4,248.4
2020-04-02 19:45:00,29.0,95.4,248.7
2020-04-02 20:00:00,29.0,94.9,249.5
2020-04-02 20:15:00,28.0,95.9,249.3
2020-04-02 20:30:00,29.0,81.7,249.5
2020-04-02 20:45:00,28.0,79.7,249.6
2020-04-02 21:00:00,28.0,73.5,249.7
2020-04-02 21:15:00,28.0,90.9,249.9
2020-04-02 21:30:00,28.0,80.2,250.1
2020-04-02 21:45:00,24.0,81.0,251.9
2020-04-02 22:00:00,25.0,78.4,251.4
2020-04-02 22:15:00,26.0,74.8,251.3
2020-04-02 22:30:00,26.0,75.1,251.0
2020-04-02 22:45:00,26.0,79.5,250.8
2020-04-02 23:00:00,26.0,84.9,251.3
2020-04-02 23:15:00,26.0,81.4,251.4
2020-04-02 23:30:00,26.0,78.2,252.0
2020-04-02 23:45:00,26.0,73.9,252.7
2020-04-03 00:00:00,25.0,70.1,252.6
2020-04-03 00:15:00,25.0,76.6,252.5
2020-04-03 00:30:00,25.0,66.3,252.3
2020-04-03 00:45:00,25.0,63.1,252.7
2020-04-03 01:00:00,25.0,62.7,252.6
2020-04-03 01:15:00,25.0,66.4,252.5
2020-04-03 01:30:00,25.0,61.4,252.7
2020-04-03 01:45:00,25.0,68.5,252.8
2020-04-03 02:00:00,25.0,55.8,253.2
2020-04-03 02:15:00,24.0,58.7,253.3
2020-04-03 02:30:00,24.0,50.3,253.7
2020-04-03 02:45:00,24.0,53.8,253.7
2020-04-03 03:00:00,24.0,49.2,253.6
2020-04-03 03:15:00,24.333333333333332,47.46666666666667,253.79999999999998
2020-04-03 03:30:00,24.666666666666668,45.733333333333334,254.0
2020-04-03 03:45:00,25.0,44.0,254.2
2020-04-03 04:00:00,25.0,43.6,254.2
2020-04-03 04:15:00,25.0,42.2,254.5
2020-04-03 04:30:00,25.0,42.9,255.0
2020-04-03 04:45:00,26.0,51.4,255.1
2020-04-03 05:00:00,25.0,43.6,255.0
2020-04-03 05:15:00,25.0,42.7,254.2
2020-04-03 05:30:00,25.0,40.8,254.4
2020-04-03 05:45:00,25.0,40.55,254.2
2020-04-03 06:00:00,25.0,40.3,254.0
2020-04-03 06:15:00,25.0,41.9,253.7
2020-04-03 06:30:00,25.0,45.2,252.6
2020-04-03 06:45:00,26.0,44.1,252.1
2020-04-03 07:00:00,26.0,44.3,251.5
2020-04-03 07:15:00,27.0,41.9,251.7
2020-04-03 07:30:00,27.0,42.4,251.1
2020-04-03 07:45:00,28.0,38.6,250.2
2020-04-03 08:00:00,28.0,44.3,249.7
2020-04-03 08:15:00,28.0,39.3,249.8
2020-04-03 08:30:00,29.0,54.8,249.2
2020-04-03 08:45:00,29.0,60.7,248.5
2020-04-03 09:00:00,30.0,64.9,248.4
2020-04-03 09:15:00,31.0,48.2,248.9
2020-04-03 09:30:00,32.0,51.3,248.7
2020-04-03 09:45:00,32.0,51.0,248.3
2020-04-03 10:00:00,33.0,56.8,248.6
2020-04-03 10:15:00,33.0,52.9,247.5
2020-04-03 10:30:00,33.0,65.1,246.4
2020-04-03 10:45:00,34.0,64.9,246.3
2020-04-03 11:00:00,34.0,63.7,247.1
2020-04-03 11:15:00,34.0,61.3,246.9
2020-04-03 11:30:00,35.0,63.9,246.6
2020-04-03 11:45:00,36.0,70.2,245.8
2020-04-03 12:00:00,36.0,72.1,245.6
2020-04-03 12:15:00,36.0,85.6,245.7
2020-04-03 12:30:00,37.0,77.3,244.7
2020-04-03 12:45:00,37.0,91.3,244.0
2020-04-03 13:00:00,37.0,84.9,244.8
2020-04-03 13:15:00,40.0,77.7,244.8
2020-04-03 13:30:00,39.0,89.3,244.7
2020-04-03 13:45:00,39.0,88.3,244.7
2020-04-03 14:00:00,40.0,86.6,244.8
2020-04-03 14:15:00,39.0,91.9,244.0
2020-04-03 14:30:00,39.0,85.9,244.7
2020-04-03 14:45:00,41.0,102.8,244.1
2020-04-03 15:00:00,38.0,84.7,244.5
2020-04-03 15:15:00,37.0,79.7,244.8
2020-04-03 15:30:00,39.0,86.4,244.6
2020-04-03 15:45:00,37.0,81.4,244.7
2020-04-03 16:00:00,38.0,94.2,244.6
2020-04-03 16:15:00,36.0,88.4,244.3
2020-04-03 16:30:00,35.0,84.7,245.2
2020-04-03 16:45:00,34.333333333333336,84.7,245.48666666666665
2020-04-03 17:00:00,33.666666666666664,84.7,245.7733333333333
2020-04-03 17:15:00,33.0,84.7,246.06
2020-04-03 17:30:00,32.333333333333336,84.7,246.34666666666666
2020-04-03 19:15:00,27.666666666666668,84.7,248.35333333333332
2020-04-03 19:30:00,27.0,84.7,248.64
2020-04-03 19:45:00,26.333333333333336,84.7,248.92666666666668
2020-04-03 20:00:00,25.666666666666664,84.7,249.21333333333334
2020-04-03 20:15:00,25.0,84.7,249.5
2020-04-03 20:30:00,25.0,90.1,249.6
2020-04-03 20:45:00,25.0,87.23333333333333,249.9
2020-04-03 21:00:00,25.0,84.36666666666666,250.2
2020-04-03 21:15:00,25.0,81.5,250.5
2020-04-03 21:30:00,25.0,78.63333333333334,250.8
2020-04-03 21:45:00,25.0,75.76666666666667,251.1
2020-04-03 22:00:00,25.0,72.9,251.4
2020-04-03 22:15:00,25.0,76.1,250.6
2020-04-03 22:30:00,25.0,85.3,249.5
2020-04-03 22:45:00,25.0,83.3,249.7
2020-04-03 23:00:00,24.90909090909091,81.41818181818182,249.89999999999998
2020-04-03 23:15:00,24.818181818181817,79.53636363636363,250.1
2020-04-03 23:30:00,24.727272727272727,77.65454545454546,250.29999999999998
2020-04-03 23:45:00,24.636363636363637,75.77272727272727,250.5
2020-04-04 00:30:00,24.363636363636363,70.12727272727273,251.1
2020-04-04 00:45:00,24.272727272727273,68.24545454545455,251.3
2020-04-04 01:00:00,24.181818181818183,66.36363636363637,251.5
2020-04-04 01:15:00,24.09090909090909,64.48181818181818,251.70000000000002
2020-04-04 01:30:00,24.0,62.6,251.9
2020-04-04 01:45:00,24.0,76.7,251.5
2020-04-04 02:00:00,24.0,69.7,251.8
2020-04-04 02:15:00,24.0,65.6,251.9
2020-04-04 02:30:00,24.0,63.6,251.9
2020-04-04 02:45:00,24.0,64.7,251.9
2020-04-04 03:00:00,24.0,63.8,252.0
2020-04-04 03:15:00,24.0,59.8,252.3
2020-04-04 03:30:00,24.0,59.2,252.3
2020-04-04 03:45:00,24.0,50.0,252.9
2020-04-04 04:00:00,24.0,51.4,253.0
2020-04-04 04:15:00,24.0,49.6,253.2
2020-04-04 04:30:00,24.0,47.2,252.9
2020-04-04 04:45:00,24.0,48.4,253.0
2020-04-04 05:00:00,23.0,46.1,252.5
2020-04-04 05:15:00,24.0,46.7,252.7
2020-04-04 05:30:00,24.0,46.5,252.7
2020-04-04 05:45:00,23.0,46.4,253.2
2020-04-04 06:00:00,24.0,40.8,252.3
2020-04-04 06:15:00,24.0,41.1,252.7
2020-04-04 06:30:00,24.0,47.9,252.65
2020-04-04 06:45:00,24.0,45.0,253.3
2020-04-04 07:00:00,25.0,46.9,251.9
2020-04-04 07:15:00,25.0,43.5,252.2
2020-04-04 07:30:00,26.0,44.4,252.1
2020-04-04 07:45:00,26.0,48.2,251.3
2020-04-04 08:00:00,27.0,41.8,251.2
2020-04-04 08:15:00,28.0,47.8,250.3
2020-04-04 08:30:00,28.0,47.3,250.3
2020-04-04 08:45:00,29.0,49.7,250.1
2020-04-04 09:00:00,29.0,42.9,249.8
2020-04-04 09:15:00,30.0,59.2,248.1
2020-04-04 09:30:00,30.0,45.7,248.5
2020-04-04 09:45:00,30.0,43.5,248.5
2020-04-04 10:00:00,31.0,48.3,248.2
2020-04-04 10:15:00,31.0,51.5,248.0
2020-04-04 10:30:00,32.0,51.6,248.0
2020-04-04 10:45:00,33.0,61.1,247.1
2020-04-04 11:00:00,34.0,60.0,246.9
2020-04-04 11:15:00,34.0,63.4,246.9
2020-04-04 11:30:00,34.0,60.5,246.7
2020-04-04 11:45:00,35.0,67.2,245.8
2020-04-04 12:00:00,35.0,72.0,246.0
2020-04-04 12:15:00,36.0,85.7,246.1
2020-04-04 12:30:00,37.0,85.1,245.3
2020-04-04 12:45:00,39.0,99.2,245.2
2020-04-04 13:00:00,39.0,89.0,245.6
2020-04-04 13:15:00,43.0,82.5,245.5
2020-04-04 13:30:00,40.0,86.6,245.7
2020-04-04 13:45:00,42.0,82.1,245.7
2020-04-04 14:00:00,41.0,89.1,245.4
2020-04-04 14:15:00,42.0,92.4,244.8
2020-04-04 14:30:00,42.0,91.4,244.6
2020-04-04 14:45:00,42.0,73.5,245.35
2020-04-04 15:00:00,42.0,85.75,245.02499999999998
2020-04-04 15:15:00,42.0,98.0,244.7
2020-04-04 15:30:00,42.0,96.3,244.9
2020-04-04 15:45:00,40.0,85.1,245.4
2020-04-04 16:00:00,41.0,78.4,245.6
2020-04-04 16:15:00,41.0,81.0,245.5
2020-04-04 16:30:00,37.0,91.5,244.9
2020-04-04 16:45:00,36.0,74.3,247.0
2020-04-04 17:00:00,36.0,81.9,246.4
2020-04-04 17:15:00,35.0,64.4,247.2
2020-04-04 17:30:00,34.0,66.3,247.3
2020-04-04 17:45:00,33.0,70.2,247.1
2020-04-04 18:00:00,33.0,67.4,246.9
2020-04-04 18:15:00,32.0,71.1,246.0
2020-04-04 18:30:00,32.0,69.1,244.2
2020-04-04 18:45:00,32.0,70.9,243.8
2020-04-04 19:00:00,31.0,86.4,243.7
2020-04-04 19:15:00,31.0,82.0,244.0
2020-04-04 19:30:00,30.0,70.6,244.8
2020-04-04 19:45:00,30.0,67.5,245.0
2020-04-04 20:00:00,30.0,76.3,244.8
2020-04-04 20:15:00,30.0,80.5,245.2
2020-04-04 20:30:00,30.0,77.2,245.4
2020-04-04 20:45:00,30.0,83.8,245.3
2020-04-04 21:00:00,29.0,94.8,245.1
2020-04-04 21:15:00,29.0,81.6,245.8
2020-04-04 21:30:00,29.0,84.5,245.7
2020-04-04 21:45:00,29.0,83.2,246.6
2020-04-04 22:00:00,28.0,83.2,246.5
2020-04-04 22:15:00,28.0,92.2,246.7
2020-04-04 22:30:00,28.0,83.4,246.7
2020-04-04 22:45:00,28.0,76.4,247.7
2020-04-04 23:00:00,28.0,81.5,247.6
2020-04-04 23:15:00,28.0,79.9,248.4
2020-04-04 23:30:00,28.0,74.2,248.7
2020-04-04 23:45:00,27.0,68.6,249.4
2020-04-05 00:00:00,27.0,74.5,249.6
2020-04-05 00:15:00,27.0,67.0,249.9
2020-04-05 00:30:00,27.0,75.9,249.5
2020-04-05 00:45:00,26.0,71.0,250.0
2020-04-05 01:00:00,26.0,63.9,250.6
2020-04-05 01:15:00,26.0,64.8,251.0
2020-04-05 01:30:00,26.0,72.2,251.7
2020-04-05 01:45:00,26.0,67.2,251.9
2020-04-05 02:00:00,26.0,61.2,252.1
2020-04-05 02:15:00,26.0,59.6,252.0
2020-04-05 02:30:00,26.0,68.5,251.7
2020-04-05 02:45:00,26.0,65.4,251.8
2020-04-05 03:00:00,26.0,58.5,252.3
2020-04-05 03:15:00,26.0,69.0,252.0
2020-04-05 03:30:00,25.0,60.9,252.1
2020-04-05 03:45:00,26.0,52.5,252.6
2020-04-05 04:00:00,26.0,46.8,252.9
2020-04-05 04:15:00,25.0,51.0,253.1
2020-04-05 04:30:00,25.0,54.9,253.3
2020-04-05 04:45:00,25.0,48.5,253.3
2020-04-05 05:00:00,25.0,43.4,253.3
2020-04-05 05:15:00,25.0,51.0,252.7
2020-04-05 05:30:00,25.0,50.0,253.0
2020-04-05 05:45:00,25.0,45.5,253.1
2020-04-05 06:00:00,25.0,47.2,252.8
2020-04-05 06:15:00,25.0,57.6,251.8
2020-04-05 06:30:00,25.0,49.7,252.1
2020-04-05 06:45:00,26.0,42.1,251.8
2020-04-05 07:00:00,26.0,39.7,251.3
2020-04-05 07:15:00,27.0,40.7,251.0
2020-04-05 07:30:00,27.0,51.5,250.1
2020-04-05 07:45:00,28.0,44.3,249.8
2020-04-05 08:00:00,29.0,43.2,249.7
2020-04-05 08:15:00,29.0,53.6,248.8
2020-04-05 08:30:00,30.0,48.5,249.5
2020-04-05 08:45:00,30.0,39.2,250.0
2020-04-05 09:00:00,31.0,57.9,248.9
2020-04-05 09:15:00,31.0,48.0,248.7
2020-04-05 09:30:00,32.0,50.9,248.4
2020-04-05 09:45:00,32.0,47.8,248.6
2020-04-05 10:00:00,33.0,49.1,248.7
2020-04-05 10:15:00,33.0,43.5,247.8
2020-04-05 10:30:00,34.0,52.0,247.4
2020-04-05 10:45:00,34.0,51.5,247.0
2020-04-05 11:00:00,34.0,55.2,247.3
2020-04-05 11:15:00,35.0,52.2,247.2
2020-04-05 11:30:00,35.0,51.6,246.7
2020-04-05 11:45:00,37.0,51.5,247.0
2020-04-05 12:00:00,37.0,55.1,247.3
2020-04-05 12:15:00,36.0,57.8,246.5
2020-04-05 12:30:00,38.0,60.1,246.2
2020-04-05 12:45:00,39.0,71.9,245.8
2020-04-05 13:00:00,38.0,82.4,245.3
2020-04-05 13:15:00,39.0,64.9,246.0
2020-04-05 13:30:00,37.5,67.65,245.5
2020-04-05 13:45:00,38.25,72.225,244.9
2020-04-05 14:00:00,39.0,76.8,244.3
2020-04-05 14:15:00,40.0,88.3,244.0
2020-04-05 14:30:00,40.0,79.2,245.2
2020-04-05 14:45:00,39.0,71.9,245.9
2020-04-05 15:00:00,39.0,72.6,245.9
2020-04-05 15:15:00,38.0,76.1,245.3
2020-04-05 15:30:00,37.0,71.4,246.0
2020-04-05 15:45:00,38.0,64.1,246.6
2020-04-05 16:00:00,38.0,64.8,246.2
2020-04-05 16:15:00,37.0,64.0,247.7
2020-04-05 16:30:00,36.0,73.4,250.2
2020-04-05 16:45:00,35.0,72.8,250.2
2020-04-05 17:00:00,35.0,78.7,250.2
2020-04-05 17:15:00,34.0,79.8,250.7
2020-04-05 17:30:00,32.5,69.75,252.0
2020-04-05 17:45:00,29.0,76.8,251.8
2020-04-05 18:00:00,29.0,69.3,252.0
2020-04-05 18:15:00,28.0,67.2,251.8
2020-04-05 18:30:00,28.0,79.0,250.1
2020-04-05 18:45:00,28.0,76.2,248.6
2020-04-05 19:00:00,28.0,78.7,248.7
2020-04-05 19:15:00,27.0,67.2,248.6
2020-04-05 19:30:00,27.0,81.8,248.2
2020-04-05 19:45:00,27.0,75.6,248.8
2020-04-05 20:00:00,27.0,70.8,248.9
2020-04-05 20:15:00,27.0,69.7,247.8
2020-04-05 20:30:00,27.0,67.6,247.2
2020-04-05 20:45:00,26.0,68.1,246.8
2020-04-05 21:00:00,26.0,72.7,246.9
2020-04-05 21:15:00,26.0,66.3,246.3
2020-04-05 21:30:00,26.0,43.8,250.6
2020-04-05 21:45:00,26.0,57.8,249.1
2020-04-05 22:00:00,26.0,58.0,248.8
2020-04-05 22:15:00,26.0,52.3,249.2
2020-04-05 22:30:00,26.0,75.3,248.0
2020-04-05 22:45:00,26.0,77.7,248.3
2020-04-05 23:00:00,26.0,88.5,247.8
2020-04-05 23:15:00,26.0,79.3,248.5
2020-04-05 23:30:00,25.0,72.4,249.0
2020-04-05 23:45:00,25.0,72.4,249.2
2020-04-06 00:00:00,25.0,70.1,250.2
2020-04-06 00:15:00,25.0,64.9,250.5
2020-04-06 00:30:00,24.5,63.25,250.8
2020-04-06 00:45:00,24.0,61.6,251.1
2020-04-06 01:00:00,25.0,67.5,251.1
2020-04-06 01:15:00,25.0,57.5,251.7
2020-04-06 01:30:00,24.0,59.6,251.2
2020-04-06 01:45:00,25.0,56.2,251.8
2020-04-06 02:00:00,25.0,54.644444444444446,251.93333333333334
2020-04-06 02:15:00,25.0,53.08888888888889,252.06666666666666
2020-04-06 02:30:00,25.0,51.53333333333334,252.20000000000002
2020-04-06 02:45:00,25.0,49.97777777777778,252.33333333333334
2020-04-06 03:00:00,25.0,48.422222222222224,252.46666666666667
2020-04-06 03:15:00,25.0,46.86666666666667,252.6
2020-04-06 03:30:00,25.0,45.31111111111112,252.73333333333335
2020-04-06 03:45:00,25.0,43.75555555555556,252.86666666666667
2020-04-06 04:00:00,25.0,42.2,253.0
2020-04-06 04:15:00,25.0,42.7,253.2
2020-04-06 04:30:00,25.0,49.8,252.8
2020-04-06 04:45:00,25.0,41.3,253.2
2020-04-06 05:00:00,25.0,40.5,253.4
2020-04-06 05:15:00,25.0,43.0,252.9
2020-04-06 05:30:00,25.0,46.8,253.0
2020-04-06 05:45:00,26.0,50.0,252.4
2020-04-06 06:00:00,26.0,45.4,252.6
2020-04-06 06:15:00,26.0,42.7,252.2
2020-04-06 06:30:00,26.0,48.9,251.8
2020-04-06 06:45:00,26.0,44.8,251.2
2020-04-06 07:00:00,27.0,42.7,250.4
2020-04-06 07:15:00,27.0,39.8,250.0
2020-04-06 07:30:00,28.0,48.9,249.7
2020-04-06 07:45:00,28.0,49.7,249.1
2020-04-06 08:00:00,28.0,47.4,248.7
2020-04-06 08:15:00,29.0,44.8,248.4
2020-04-06 08:30:00,29.0,49.6,247.7
2020-04-06 08:45:00,30.0,42.5,248.8
2020-04-06 09:00:00,30.0,45.8,247.9
2020-04-06 09:15:00,31.0,45.3,247.1
2020-04-06 09:30:00,31.0,48.4,246.7
2020-04-06 09:45:00,31.0,45.0,247.1
2020-04-06 10:00:00,32.0,43.7,246.7
2020-04-06 10:15:00,32.0,49.5,246.8
2020-04-06 10:30:00,33.0,51.8,247.1
2020-04-06 10:45:00,33.0,60.9,246.1
2020-04-06 11:00:00,34.0,76.6,245.0
2020-04-06 11:15:00,35.0,80.8,245.3
2020-04-06 11:30:00,36.0,77.2,245.6
2020-04-06 11:45:00,36.0,70.5,245.6
2020-04-06 12:00:00,36.0,69.8,245.6
2020-04-06 12:15:00,37.0,79.4,244.8
2020-04-06 12:30:00,38.0,64.5,246.0
2020-04-06 12:45:00,40.0,67.9,245.3
2020-04-06 13:00:00,41.0,75.2,245.3
2020-04-06 13:15:00,42.0,65.7,246.0
2020-04-06 13:30:00,40.0,86.0,244.7
2020-04-06 13:45:00,42.0,83.5,245.0
2020-04-06 14:00:00,42.0,69.9,245.6
2020-04-06 14:15:00,42.0,76.2,245.1
2020-04-06 14:30:00,43.0,72.3,244.7
2020-04-06 14:45:00,43.0,72.2,244.8
2020-04-06 15:00:00,43.0,72.8,245.0
2020-04-06 15:15:00,43.0,70.4,245.3
2020-04-06 15:30:00,42.0,72.9,245.5
2020-04-06 15:45:00,40.0,68.2,245.7
2020-04-06 16:00:00,41.0,69.4,245.4
2020-04-06 16:15:00,39.0,64.7,245.5
2020-04-06 16:30:00,38.0,71.7,245.2
2020-04-06 16:45:00,37.0,72.6,244.3
2020-04-06 17:00:00,36.0,75.7,244.4
2020-04-06 17:15:00,36.0,79.9,244.5
2020-04-06 17:30:00,35.0,84.1,245.1
2020-04-06 17:45:00,34.0,85.7,244.9
2020-04-06 18:00:00,34.0,74.4,245.2
2020-04-06 18:15:00,33.0,93.5,244.1
2020-04-06 18:30:00,33.0,94.1,242.6
2020-04-06 18:45:00,33.0,82.4,243.9
2020-04-06 19:00:00,32.0,77.5,244.2
2020-04-06 19:15:00,32.0,78.7,244.5
2020-04-06 19:30:00,32.0,84.4,244.3
2020-04-06 19:45:00,31.0,86.3,244.7
2020-04-06 20:00:00,31.0,76.6,245.4
2020-04-06 20:15:00,31.0,77.0,245.7
2020-04-06 20:30:00,31.0,75.3,245.9
2020-04-06 20:45:00,30.0,73.7,246.4
2020-04-06 21:00:00,29.0,72.4,246.4
2020-04-06 21:15:00,30.0,73.2,246.8
2020-04-06 21:30:00,29.0,74.1,246.9
2020-04-06 21:45:00,29.0,79.3,247.1
2020-04-06 22:00:00,29.0,93.6,246.6
2020-04-06 22:15:00,29.0,80.0,247.5
2020-04-06 22:30:00,28.0,84.7,247.8
2020-04-06 22:45:00,28.0,94.1,248.2
2020-04-06 23:00:00,28.0,79.3,249.0
2020-04-06 23:15:00,28.0,88.3,248.8
2020-04-06 23:30:00,27.0,73.0,249.7
2020-04-06 23:45:00,27.0,85.5,249.6
2020-04-07 00:00:00,27.0,76.5,250.0
2020-04-07 00:15:00,27.0,85.7,250.1
2020-04-07 00:30:00,27.0,72.5,251.1
2020-04-07 00:45:00,26.0,67.1,249.8
2020-04-07 01:00:00,27.0,65.0,250.0
2020-04-07 01:15:00,27.0,68.5,249.5
2020-04-07 01:30:00,27.0,65.8,249.8
2020-04-07 01:45:00,26.0,60.1,250.2
2020-04-07 02:00:00,26.0,70.2,250.0
2020-04-07 02:15:00,26.0,65.5,250.0
2020-04-07 02:30:00,26.0,65.5,250.0
2020-04-07 02:45:00,26.0,57.0,250.6
2020-04-07 03:00:00,26.0,65.8,250.7
2020-04-07 03:15:00,26.0,65.3,250.3
2020-04-07 03:30:00,26.0,57.0,250.5
2020-04-07 03:45:00,26.0,54.2,251.0
2020-04-07 04:00:00,26.0,62.0,250.6
2020-04-07 04:15:00,26.0,55.3,251.3
2020-04-07 04:30:00,26.0,45.8,251.1
2020-04-07 04:45:00,27.0,48.1,251.3
2020-04-07 05:00:00,26.0,47.7,251.2
2020-04-07 05:15:00,27.0,52.5,250.8
2020-04-07 05:30:00,27.0,45.1,251.5
2020-04-07 05:45:00,27.0,48.2,251.0
2020-04-07 06:00:00,27.0,49.1,250.7
2020-04-07 06:15:00,27.0,44.8,250.7
2020-04-07 06:30:00,27.0,48.7,249.8
2020-04-07 06:45:00,27.0,47.8,249.1
2020-04-07 07:00:00,27.0,47.6,248.9
2020-04-07 07:15:00,28.0,42.2,248.9
2020-04-07 07:30:00,28.0,41.1,248.3
2020-04-07 07:45:00,29.0,41.3,248.0
2020-04-07 08:00:00,29.0,54.0,247.0
2020-04-07 08:15:00,29.5,45.45,246.95
2020-04-07 08:30:00,30.0,47.6,246.5
2020-04-07 08:45:00,31.0,51.8,246.3
2020-04-07 09:00:00,31.0,49.2,246.2
2020-04-07 09:15:00,32.0,47.7,246.5
2020-04-07 09:30:00,32.0,53.9,245.7
2020-04-07 09:45:00,32.0,47.8,245.4
2020-04-07 10:00:00,32.0,46.0,245.5
2020-04-07 10:15:00,33.0,57.5,245.3
2020-04-07 10:30:00,34.0,71.3,244.9
2020-04-07 10:45:00,35.0,64.2,245.1
2020-04-07 11:00:00,36.0,62.8,245.3
2020-04-07 11:15:00,35.0,76.2,244.9
2020-04-07 11:30:00,36.0,54.7,245.4
2020-04-07 11:45:00,36.0,61.4,245.3
2020-04-07 12:00:00,38.0,65.2,245.1
2020-04-07 12:15:00,38.0,59.6,245.9
2020-04-07 12:30:00,38.0,73.0,244.8
2020-04-07 12:45:00,40.0,64.0,244.9
2020-04-07 13:00:00,41.0,70.7,244.5
2020-04-07 13:15:00,42.0,75.4,244.4
2020-04-07 13:30:00,40.0,91.7,244.0
2020-04-07 13:45:00,42.0,86.4,243.3
2020-04-07 14:00:00,44.0,78.7,244.1
2020-04-07 14:15:00,43.0,81.9,244.3
2020-04-07 14:30:00,43.0,74.5,244.6
2020-04-07 14:45:00,44.0,80.0,245.3
2020-04-07 15:00:00,43.0,70.4,245.6
2020-04-07 15:15:00,42.0,78.9,245.5
2020-04-07 15:30:00,42.0,83.4,244.5
2020-04-07 15:45:00,41.0,83.6,245.0
2020-04-07 16:00:00,40.0,83.8,244.6
2020-04-07 16:15:00,39.0,85.8,244.4
2020-04-07 16:30:00,38.0,74.1,245.3
2020-04-07 16:45:00,37.0,73.8,245.1
2020-04-07 17:00:00,37.0,69.9,245.3
2020-04-07 17:15:00,36.0,84.1,244.3
2020-04-07 17:30:00,36.0,84.6,244.3
2020-04-07 17:45:00,36.0,80.9,244.2
2020-04-07 18:00:00,35.0,81.0,244.2
2020-04-07 18:15:00,35.0,79.6,243.3
2020-04-07 18:30:00,34.0,89.3,241.9
2020-04-07 18:45:00,34.0,78.7,241.4
2020-04-07 19:00:00,34.0,78.5,242.0
2020-04-07 19:15:00,33.0,83.7,242.6
2020-04-07 19:30:00,33.0,81.5,242.7
2020-04-07 19:45:00,33.0,77.7,243.4
2020-04-07 20:00:00,32.0,85.5,244.3
2020-04-07 20:15:00,32.0,80.5,243.7
2020-04-07 20:30:00,29.0,80.7,244.3
2020-04-07 20:45:00,31.0,82.4,244.2
2020-04-07 21:00:00,31.0,86.4,244.1
2020-04-07 21:15:00,31.0,73.9,244.8
2020-04-07 21:30:00,30.0,75.9,244.6
2020-04-07 21:45:00,31.0,89.5,244.8
2020-04-07 22:00:00,30.0,90.4,245.3
2020-04-07 22:15:00,30.0,75.6,246.0
2020-04-07 22:30:00,30.0,78.9,244.7
2020-04-07 22:45:00,30.0,87.3,244.9
2020-04-07 23:00:00,30.0,90.9,245.1
2020-04-07 23:15:00,30.0,84.6,245.8
2020-04-07 23:30:00,29.0,91.2,246.0
2020-04-07 23:45:00,29.0,77.5,246.5
2020-04-08 00:00:00,29.0,83.5,245.8
2020-04-08 00:15:00,29.0,82.7,246.3
2020-04-08 00:30:00,29.0,72.3,246.4
2020-04-08 00:45:00,29.0,72.3,247.1
2020-04-08 01:00:00,29.0,77.4,247.1
2020-04-08 01:15:00,29.0,79.0,247.1
2020-04-08 01:30:00,28.0,63.7,246.9
2020-04-08 01:45:00,28.0,66.8,247.2
2020-04-08 02:00:00,28.0,74.2,246.7
2020-04-08 02:15:00,28.0,63.2,247.6
2020-04-08 02:30:00,28.0,59.2,247.8
2020-04-08 02:45:00,28.0,52.7,248.0
2020-04-08 03:00:00,28.0,65.2,247.8
2020-04-08 03:15:00,28.0,63.6,247.8
2020-04-08 03:30:00,27.0,54.6,248.2
2020-04-08 03:45:00,27.0,51.6,248.2
2020-04-08 04:00:00,27.0,58.6,247.9
2020-04-08 04:15:00,27.0,54.7,248.2
2020-04-08 04:30:00,27.0,49.0,248.4
2020-04-08 04:45:00,27.0,55.9,248.1
2020-04-08 05:00:00,27.0,60.5,248.0
2020-04-08 05:15:00,27.0,54.5,248.2
2020-04-08 05:30:00,27.0,44.6,249.4
2020-04-08 05:45:00,27.0,58.2,248.9
2020-04-08 06:00:00,27.0,52.3,248.9
2020-04-08 06:15:00,27.0,47.2,248.5
2020-04-08 06:30:00,27.0,42.9,248.2
2020-04-08 06:45:00,27.0,52.1,247.4
2020-04-08 07:00:00,28.0,54.0,246.5
2020-04-08 07:15:00,28.0,48.0,246.7
2020-04-08 07:30:00,28.0,48.6,246.3
2020-04-08 07:45:00,29.0,55.3,245.8
2020-04-08 08:00:00,29.0,51.0,245.6
2020-04-08 08:15:00,30.0,46.1,245.4
2020-04-08 08:30:00,30.0,51.6,245.6
2020-04-08 08:45:00,30.0,57.5,244.6
2020-04-08 09:00:00,29.0,50.9,244.2
2020-04-08 09:15:00,29.0,43.3,244.5
2020-04-08 09:30:00,29.0,50.8,244.0
2020-04-08 09:45:00,29.0,66.6,243.3
2020-04-08 10:00:00,29.0,62.7,244.4
2020-04-08 10:15:00,29.0,55.3,244.2
2020-04-08 10:30:00,29.0,55.9,244.6
2020-04-08 10:45:00,29.0,58.4,244.5
2020-04-08 11:00:00,29.0,68.9,244.5
2020-04-08 11:15:00,29.0,63.2,244.7
2020-04-08 11:30:00,29.0,60.1,245.5
2020-04-08 11:45:00,30.0,64.7,245.3
2020-04-08 12:00:00,30.0,67.1,245.1
2020-04-08 12:15:00,32.0,65.4,245.6
2020-04-08 12:30:00,32.0,62.7,245.2
2020-04-08 12:45:00,32.0,75.2,244.8
2020-04-08 13:00:00,31.0,76.2,245.9
2020-04-08 13:15:00,32.0,71.6,245.7
2020-04-08 13:30:00,32.0,69.5,245.5
2020-04-08 13:45:00,31.941176470588236,70.95294117647059,245.48823529411766
2020-04-08 14:00:00,31.88235294117647,72.40588235294118,245.4764705882353
2020-04-08 14:15:00,31.823529411764707,73.85882352941177,245.46470588235294
2020-04-08 14:30:00,31.764705882352942,75.31176470588235,245.4529411764706
2020-04-08 16:45:00,31.235294117647058,88.38823529411765,245.3470588235294
2020-04-08 17:00:00,31.176470588235293,89.84117647058824,245.33529411764707
2020-04-08 17:15:00,31.11764705882353,91.29411764705883,245.32352941176472
2020-04-08 17:30:00,31.058823529411764,92.74705882352941,245.31176470588235
2020-04-08 17:45:00,31.0,94.2,245.3
2020-04-08 18:00:00,31.0,81.0,245.8
2020-04-08 18:15:00,31.0,75.8,244.8
2020-04-08 18:30:00,30.0,71.0,243.0
2020-04-08 18:45:00,30.0,77.8,242.2
2020-04-08 19:00:00,30.0,79.6,243.0
2020-04-08 19:15:00,29.0,74.2,243.1
2020-04-08 19:30:00,29.0,75.0,243.4
2020-04-08 19:45:00,29.0,83.4,243.3
2020-04-08 20:00:00,29.0,82.0,243.7
2020-04-08 20:15:00,29.0,76.7,244.2
2020-04-08 20:30:00,28.0,75.7,244.4
2020-04-08 20:45:00,28.0,77.4,244.6
2020-04-08 21:00:00,28.0,65.4,245.3
2020-04-08 21:15:00,28.0,79.1,245.3
2020-04-08 21:30:00,27.0,76.6,245.1
2020-04-08 21:45:00,27.0,79.8,245.6
2020-04-08 22:00:00,27.0,93.7,245.3
2020-04-08 22:15:00,27.0,76.8,246.3
2020-04-08 22:30:00,27.0,74.9,246.6
2020-04-08 22:45:00,27.0,72.6,247.1
2020-04-08 23:00:00,27.0,68.4,247.5
2020-04-08 23:15:00,27.0,71.9,247.9
2020-04-08 23:30:00,27.0,66.3,248.0
2020-04-08 23:45:00,27.0,68.2,248.7
2020-04-09 00:00:00,27.0,67.3,249.1
2020-04-09 00:15:00,27.0,63.0,249.2
2020-04-09 00:30:00,26.0,64.2,249.6
2020-04-09 00:45:00,27.0,56.0,250.2
2020-04-09 01:00:00,26.0,59.4,250.6
2020-04-09 01:15:00,27.0,52.5,251.1
2020-04-09 01:30:00,27.0,50.4,251.1
2020-04-09 01:45:00,27.0,53.9,251.2
2020-04-09 02:00:00,27.0,51.6,250.8
2020-04-09 02:15:00,27.0,52.9,251.4
2020-04-09 02:30:00,27.0,54.4,251.4
2020-04-09 02:45:00,27.0,48.6,251.5
2020-04-09 03:00:00,27.0,49.7,251.4
2020-04-09 03:15:00,27.0,48.1,251.4
2020-04-09 03:30:00,27.0,51.9,251.6
2020-04-09 03:45:00,27.0,46.8,251.5
2020-04-09 04:00:00,27.0,48.9,251.8
2020-04-09 04:15:00,27.0,43.2,252.5
2020-04-09 04:30:00,27.0,45.7,252.3
2020-04-09 04:45:00,27.0,40.7,252.2
2020-04-09 05:00:00,27.0,47.6,252.3
2020-04-09 05:15:00,27.0,46.2,252.3
2020-04-09 05:30:00,27.0,41.3,252.4
2020-04-09 05:45:00,27.0,44.9,252.5
2020-04-09 06:00:00,27.0,54.0,251.4
2020-04-09 06:15:00,27.0,43.1,251.8
2020-04-09 06:30:00,27.0,53.8,250.9
2020-04-09 06:45:00,27.0,48.0,250.3
2020-04-09 07:00:00,28.0,41.3,250.7
2020-04-09 07:15:00,28.0,39.7,250.2
2020-04-09 07:30:00,28.0,42.5,249.2
2020-04-09 07:45:00,29.0,42.4,249.3
2020-04-09 08:00:00,29.0,40.2,248.9
2020-04-09 08:15:00,30.0,56.4,247.9
2020-04-09 08:30:00,30.0,42.4,247.6
2020-04-09 08:45:00,30.0,43.6,247.7
2020-04-09 09:00:00,31.0,43.3,246.7
2020-04-09 09:15:00,31.0,57.6,246.2
2020-04-09 09:30:00,32.0,59.3,245.1
2020-04-09 09:45:00,32.0,52.3,245.8
2020-04-09 10:00:00,33.0,49.8,245.5
2020-04-09 10:15:00,33.0,52.5,245.1
2020-04-09 10:30:00,34.0,57.0,245.4
2020-04-09 10:45:00,34.0,55.4,244.6
2020-04-09 11:00:00,35.0,64.7,243.9
2020-04-09 11:15:00,36.0,65.1,242.6
2020-04-09 11:30:00,37.0,68.9,242.3
2020-04-09 11:45:00,37.0,70.7,242.4
2020-04-09 12:00:00,37.0,72.7,242.1
2020-04-09 12:15:00,39.0,70.4,242.5
2020-04-09 12:30:00,38.0,72.5,242.3
2020-04-09 12:45:00,39.0,64.9,242.0
2020-04-09 13:00:00,41.0,75.5,241.9
2020-04-09 13:15:00,41.0,83.8,241.5
2020-04-09 13:30:00,39.0,86.5,241.3
2020-04-09 13:45:00,42.0,82.7,240.7
2020-04-09 14:00:00,42.0,88.6,240.6
2020-04-09 14:15:00,42.0,81.0,240.7
2020-04-09 14:30:00,42.0,82.4,241.3
2020-04-09 14:45:00,43.0,79.6,242.8
2020-04-09 15:00:00,42.0,87.1,242.6
2020-04-09 15:15:00,41.0,79.5,242.3
2020-04-09 15:30:00,41.0,86.3,242.1
2020-04-09 15:45:00,39.0,94.9,242.0
2020-04-09 16:00:00,38.0,75.4,243.2
2020-04-09 16:15:00,39.0,79.5,242.4
2020-04-09 16:30:00,37.0,74.3,243.8
2020-04-09 16:45:00,37.0,82.6,244.0
2020-04-09 17:00:00,36.0,81.6,244.3
2020-04-09 17:15:00,36.0,83.4,244.5
2020-04-09 17:30:00,35.0,87.1,244.8
2020-04-09 17:45:00,34.0,78.0,244.8
2020-04-09 18:00:00,34.0,91.9,244.5
2020-04-09 18:15:00,33.0,86.3,243.1
2020-04-09 18:30:00,33.0,88.2,243.7
2020-04-09 18:45:00,32.0,96.1,242.2
2020-04-09 19:00:00,32.0,84.4,243.1
2020-04-09 19:15:00,32.0,84.2,243.7
2020-04-09 19:30:00,32.0,78.9,244.1
2020-04-09 19:45:00,32.0,85.8,244.7
2020-04-09 20:00:00,32.0,74.1,245.4
2020-04-09 20:15:00,31.0,80.0,245.6
2020-04-09 20:30:00,31.0,75.9,245.7
2020-04-09 20:45:00,31.0,77.1,245.4
2020-04-09 21:00:00,31.0,71.7,245.9
2020-04-09 21:15:00,30.0,70.3,245.0
2020-04-09 21:30:00,31.0,80.3,244.9
2020-04-09 21:45:00,30.0,100.9,244.9
2020-04-09 22:00:00,30.0,94.2,245.5
2020-04-09 22:15:00,30.0,99.5,245.2
2020-04-09 22:30:00,30.0,97.5,246.6
2020-04-09 22:45:00,29.0,95.6,247.7
2020-04-09 23:00:00,29.0,92.0,248.0
2020-04-09 23:15:00,29.0,92.9,248.8
2020-04-09 23:30:00,29.0,91.6,249.0
2020-04-09 23:45:00,29.0,82.8,249.7
2020-04-10 00:00:00,29.0,77.5,248.9
2020-04-10 00:15:00,29.0,79.4,249.2
2020-04-10 00:30:00,28.0,79.7,248.3
2020-04-10 00:45:00,28.0,74.0,248.5
2020-04-10 01:00:00,27.0,77.2,248.8
2020-04-10 01:15:00,27.0,70.2,249.3
2020-04-10 01:30:00,27.0,68.7,249.4
2020-04-10 01:45:00,27.0,58.9,249.6
2020-04-10 02:00:00,27.0,62.3,249.9
2020-04-10 02:15:00,27.0,60.1,250.1
2020-04-10 02:30:00,26.0,58.3,250.6
2020-04-10 02:45:00,26.0,53.0,250.5
2020-04-10 03:00:00,27.0,63.8,249.6
2020-04-10 03:15:00,27.0,59.3,250.3
2020-04-10 03:30:00,27.0,51.4,250.8
2020-04-10 03:45:00,27.0,48.9,251.1
2020-04-10 04:00:00,26.0,50.2,251.2
2020-04-10 04:15:00,26.0,60.5,251.1
2020-04-10 04:30:00,26.0,43.8,251.3
2020-04-10 04:45:00,26.0,46.9,251.3
2020-04-10 05:00:00,26.0,50.9,251.0
2020-04-10 05:15:00,26.0,48.9,251.1
2020-04-10 05:30:00,26.0,46.5,251.8
2020-04-10 05:45:00,26.0,41.6,252.0
2020-04-10 06:00:00,26.0,48.9,251.5
2020-04-10 06:15:00,26.0,48.4,251.0
2020-04-10 06:30:00,26.0,40.2,251.3
2020-04-10 06:45:00,26.0,46.6,250.6
2020-04-10 07:00:00,27.0,48.4,250.1
2020-04-10 07:15:00,27.0,50.4,249.6
2020-04-10 07:30:00,28.0,42.0,249.1
2020-04-10 07:45:00,28.0,43.1,249.2
2020-04-10 08:00:00,29.0,53.1,248.6
2020-04-10 08:15:00,29.0,47.7,248.5
2020-04-10 08:30:00,30.0,46.4,247.9
2020-04-10 08:45:00,30.0,47.8,248.1
2020-04-10 09:00:00,31.0,41.6,248.3
2020-04-10 09:15:00,31.0,50.2,247.5
2020-04-10 09:30:00,32.0,51.4,246.6
2020-04-10 09:45:00,33.0,52.1,246.7
2020-04-10 10:00:00,33.0,43.9,247.6
2020-04-10 10:15:00,34.0,53.4,247.0
2020-04-10 10:30:00,34.0,52.4,246.9
2020-04-10 10:45:00,35.0,57.5,246.6
2020-04-10 11:00:00,36.0,73.7,246.4
2020-04-10 11:15:00,36.0,62.7,245.8
2020-04-10 11:30:00,37.0,78.9,244.6
2020-04-10 11:45:00,37.0,72.8,244.6
2020-04-10 12:00:00,37.0,73.4,244.6
2020-04-10 12:15:00,38.0,71.8,242.3
2020-04-10 12:30:00,38.0,72.9,245.1
2020-04-10 12:45:00,39.0,89.6,244.7
2020-04-10 13:00:00,41.0,82.9,244.6
2020-04-10 13:15:00,41.0,78.9,244.0
2020-04-10 13:30:00,40.0,86.2,243.7
2020-04-10 13:45:00,41.0,84.9,244.1
2020-04-10 14:00:00,41.0,97.9,243.2
2020-04-10 14:15:00,42.0,79.2,244.3
2020-04-10 14:30:00,42.0,89.9,244.0
2020-04-10 14:45:00,42.0,86.9,243.9
2020-04-10 15:00:00,43.0,73.0,243.8
2020-04-10 15:15:00,43.0,80.8,243.9
2020-04-10 15:30:00,42.0,86.6,244.0
2020-04-10 15:45:00,42.0,75.3,244.1
2020-04-10 16:00:00,41.0,80.0,244.4
2020-04-10 16:15:00,39.0,74.1,244.7
2020-04-10 16:30:00,37.0,71.3,245.3
2020-04-10 16:45:00,37.0,71.0,245.6
2020-04-10 17:00:00,36.0,70.5,245.9
2020-04-10 17:15:00,36.0,89.5,245.1
2020-04-10 17:30:00,35.0,78.2,246.0
2020-04-10 17:45:00,35.0,81.8,245.7
2020-04-10 18:00:00,34.0,87.6,245.2
2020-04-10 18:15:00,34.0,87.3,245.6
2020-04-10 18:30:00,33.0,96.3,243.3
2020-04-10 18:45:00,33.0,100.5,242.2
2020-04-10 19:00:00,33.0,93.0,242.4
2020-04-10 19:15:00,32.0,87.6,242.8
2020-04-10 19:30:00,32.0,87.7,243.2
2020-04-10 19:45:00,32.0,80.1,243.1
2020-04-10 20:00:00,32.0,89.4,243.0
2020-04-10 20:15:00,31.0,84.1,243.5
2020-04-10 20:30:00,31.0,79.2,243.7
2020-04-10 20:45:00,31.0,92.9,243.8
2020-04-10 21:00:00,31.0,94.3,243.6
2020-04-10 21:15:00,30.0,85.4,244.6
2020-04-10 21:30:00,30.0,78.1,245.8
2020-04-10 21:45:00,30.0,79.5,246.0
2020-04-10 22:00:00,30.0,79.8,245.0
2020-04-10 22:15:00,30.0,75.0,246.1
2020-04-10 22:30:00,30.0,86.6,245.9
2020-04-10 22:45:00,29.0,88.2,246.5
2020-04-10 23:00:00,29.0,102.5,246.0
2020-04-10 23:15:00,29.0,88.1,246.9
2020-04-10 23:30:00,29.0,85.5,247.7
2020-04-10 23:45:00,29.0,91.1,246.9
2020-04-11 00:00:00,28.0,92.1,246.3
2020-04-11 00:15:00,28.0,88.0,247.2
2020-04-11 00:30:00,28.0,71.7,247.7
2020-04-11 00:45:00,28.0,85.9,247.7
2020-04-11 01:00:00,28.0,89.8,247.7
2020-04-11 01:15:00,28.0,81.1,248.3
2020-04-11 01:30:00,28.0,72.7,248.5
2020-04-11 01:45:00,27.0,82.5,248.5
2020-04-11 02:00:00,27.0,78.1,248.3
2020-04-11 02:15:00,27.0,74.2,249.0
2020-04-11 02:30:00,27.0,75.1,248.5
2020-04-11 02:45:00,27.0,68.4,249.0
2020-04-11 03:00:00,27.0,65.5,249.1
2020-04-11 03:15:00,27.0,61.2,249.2
2020-04-11 03:30:00,27.0,75.2,249.0
2020-04-11 03:45:00,26.0,62.5,249.6
2020-04-11 04:00:00,26.0,69.3,249.1
2020-04-11 04:15:00,26.0,49.5,250.2
2020-04-11 04:30:00,26.0,55.2,249.7
2020-04-11 04:45:00,27.0,51.4,250.2
2020-04-11 05:00:00,27.0,51.7,250.0
2020-04-11 05:15:00,27.0,53.7,250.3
2020-04-11 05:30:00,27.0,51.4,250.3
2020-04-11 05:45:00,27.0,68.1,249.9
2020-04-11 06:00:00,26.0,49.1,250.0
2020-04-11 06:15:00,27.0,52.8,249.4
2020-04-11 06:30:00,27.0,50.9,249.2
2020-04-11 06:45:00,27.0,43.9,248.9
2020-04-11 07:00:00,28.0,42.8,248.9
2020-04-11 07:15:00,28.0,48.8,247.8
2020-04-11 07:30:00,29.0,43.3,247.7
2020-04-11 07:45:00,29.0,42.0,247.4
2020-04-11 08:00:00,30.0,47.1,246.8
2020-04-11 08:15:00,30.0,51.4,246.5
2020-04-11 08:30:00,30.0,62.0,245.8
2020-04-11 08:45:00,31.0,50.7,246.1
2020-04-11 09:00:00,32.0,51.2,247.1
2020-04-11 09:15:00,32.0,48.3,246.8
2020-04-11 09:30:00,32.0,58.0,246.9
2020-04-11 09:45:00,33.0,49.1,247.2
2020-04-11 10:00:00,33.0,57.8,246.3
2020-04-11 10:15:00,34.0,49.8,246.0
2020-04-11 10:30:00,34.0,54.3,246.2
2020-04-11 10:45:00,34.0,55.6,245.5
2020-04-11 11:00:00,35.0,53.6,245.5
2020-04-11 11:15:00,36.0,54.6,245.2
2020-04-11 11:30:00,36.0,59.0,245.4
2020-04-11 11:45:00,36.0,62.1,245.0
2020-04-11 12:00:00,37.0,55.0,245.2
2020-04-11 12:15:00,38.0,61.9,244.9
2020-04-11 12:30:00,38.0,63.8,244.4
2020-04-11 12:45:00,39.0,71.3,244.5
2020-04-11 13:00:00,42.0,73.0,245.8
2020-04-11 13:15:00,43.0,74.9,245.3
2020-04-11 13:30:00,41.0,74.8,244.9
2020-04-11 13:45:00,44.0,92.3,244.2
2020-04-11 14:00:00,44.0,74.5,245.2
2020-04-11 14:15:00,43.0,100.8,244.3
2020-04-11 14:30:00,44.0,77.4,243.2
2020-04-11 14:45:00,44.0,75.8,244.0
2020-04-11 15:00:00,44.0,76.8,244.3
2020-04-11 15:15:00,44.0,87.3,244.5
2020-04-11 15:30:00,43.0,77.5,244.6
2020-04-11 15:45:00,43.0,79.4,244.8
2020-04-11 16:00:00,43.0,72.8,245.1
2020-04-11 16:15:00,42.0,74.7,244.8
2020-04-11 16:30:00,39.0,67.1,245.7
2020-04-11 16:45:00,38.0,69.2,245.6
2020-04-11 17:00:00,37.0,69.8,245.9
2020-04-11 17:15:00,36.0,71.5,245.8
2020-04-11 17:30:00,36.0,73.5,246.7
2020-04-11 17:45:00,35.0,84.3,246.6
2020-04-11 18:00:00,34.0,73.2,246.7
2020-04-11 18:15:00,34.0,82.2,245.7
2020-04-11 18:30:00,33.0,75.9,245.1
2020-04-11 18:45:00,33.0,78.3,243.9
2020-04-11 19:00:00,33.0,76.1,244.0
2020-04-11 19:15:00,32.0,75.7,244.6
2020-04-11 19:30:00,32.0,84.3,244.5
2020-04-11 19:45:00,32.0,87.7,244.5
2020-04-11 20:00:00,32.0,93.8,244.6
2020-04-11 20:15:00,31.0,80.1,246.2
2020-04-11 20:30:00,31.0,89.3,244.9
2020-04-11 20:45:00,31.0,84.7,245.9
2020-04-11 21:00:00,28.0,79.60000000000001,249.83333333333334
2020-04-11 21:15:00,25.0,74.5,253.76666666666665
2020-04-11 21:30:00,22.0,69.4,257.7
2020-04-11 21:45:00,22.0,70.1,257.5
2020-04-11 22:00:00,22.0,73.1,257.2
2020-04-11 22:15:00,21.0,68.9,257.9
2020-04-11 22:30:00,22.0,60.4,257.6
2020-04-11 22:45:00,23.0,81.1,257.0
2020-04-11 23:00:00,23.0,81.1,257.1
2020-04-11 23:15:00,23.0,63.65,256.5
2020-04-11 23:30:00,23.0,52.9,256.0
2020-04-11 23:45:00,23.0,64.7,256.5
2020-04-12 00:00:00,23.0,63.8,254.7
2020-04-12 00:15:00,23.0,56.4,254.8
2020-04-12 00:30:00,23.0,55.5,254.8
2020-04-12 00:45:00,24.0,53.8,255.1
2020-04-12 01:00:00,23.0,52.8,255.5
2020-04-12 01:15:00,23.0,53.5,254.7
2020-04-12 01:30:00,23.0,50.4,255.2
2020-04-12 01:45:00,23.0,52.7,255.0
2020-04-12 02:00:00,23.0,51.9,254.7
2020-04-12 02:15:00,23.0,52.0,254.8
2020-04-12 02:30:00,22.0,51.1,255.0
2020-04-12 02:45:00,22.0,48.8,254.8
2020-04-12 03:00:00,23.0,50.9,254.8
2020-04-12 03:15:00,23.0,48.2,254.9
2020-04-12 03:30:00,22.0,46.4,254.8
2020-04-12 03:45:00,22.0,45.1,255.2
2020-04-12 04:00:00,22.0,45.0,255.2
2020-04-12 04:15:00,22.0,42.2,255.2
2020-04-12 04:30:00,22.0,41.2,255.5
2020-04-12 04:45:00,22.0,42.0,255.6
2020-04-12 05:00:00,22.0,41.9,255.3
2020-04-12 05:15:00,22.0,42.1,255.1
2020-04-12 05:30:00,22.0,41.3,255.1
2020-04-12 05:45:00,22.0,40.9,255.3
2020-04-12 06:00:00,22.0,40.3,255.5
2020-04-12 06:15:00,22.0,42.3,255.0
2020-04-12 06:30:00,23.0,45.8,255.1
2020-04-12 06:45:00,23.0,36.6,255.0
2020-04-12 07:00:00,24.0,39.8,254.3
2020-04-12 07:15:00,24.0,37.8,253.8
2020-04-12 07:30:00,25.0,38.4,252.5
2020-04-12 07:45:00,25.0,39.2,252.5
2020-04-12 08:00:00,26.0,35.4,252.1
2020-04-12 08:15:00,26.0,39.7,251.8
2020-04-12 08:30:00,27.0,41.7,252.0
2020-04-12 08:45:00,28.0,51.4,250.7
2020-04-12 09:00:00,28.0,46.5,251.0
2020-04-12 09:15:00,28.0,41.900000000000006,250.14999999999998
2020-04-12 09:30:00,29.0,43.2,249.5
2020-04-12 09:45:00,30.0,43.4,250.5
2020-04-12 10:00:00,29.0,52.4,249.6
2020-04-12 10:15:00,30.0,42.2,249.5
2020-04-12 10:30:00,31.0,58.2,249.2
2020-04-12 10:45:00,30.0,46.8,248.7
2020-04-12 11:00:00,30.0,45.3,249.7
2020-04-12 11:15:00,30.0,43.1,249.9
2020-04-12 11:30:00,29.0,41.3,249.6
2020-04-12 11:45:00,29.0,40.9,250.3
2020-04-12 12:00:00,31.0,56.2,249.8
2020-04-12 12:15:00,32.0,45.7,249.8
2020-04-12 12:30:00,31.0,65.3,249.0
2020-04-12 12:45:00,28.0,57.1,248.8
2020-04-12 13:00:00,30.5,47.05,249.15
2020-04-12 13:15:00,32.0,53.85,249.45
2020-04-12 13:30:00,32.0,53.4,249.3
2020-04-12 13:45:00,33.0,62.8,247.8
2020-04-12 14:00:00,33.0,51.6,247.5
2020-04-12 14:15:00,32.0,59.7,247.6
2020-04-12 14:30:00,33.0,53.0,246.8
2020-04-12 14:45:00,33.0,53.7,246.8
2020-04-12 15:00:00,33.0,60.2,246.3
2020-04-12 15:15:00,35.0,65.7,245.9
2020-04-12 15:30:00,35.0,62.1,246.2
2020-04-12 15:45:00,34.0,61.9,246.3
2020-04-12 16:00:00,35.0,58.4,246.5
2020-04-12 16:15:00,34.0,56.6,247.5
2020-04-12 16:30:00,32.0,50.8,247.25
2020-04-12 16:45:00,32.0,58.2,247.6
2020-04-12 17:00:00,32.0,59.9,247.5
2020-04-12 17:15:00,31.0,64.1,247.8
2020-04-12 17:30:00,31.0,53.4,248.1
2020-04-12 17:45:00,30.0,56.4,247.9
2020-04-12 18:00:00,29.0,60.4,247.7
2020-04-12 18:15:00,29.0,61.9,246.2
2020-04-12 18:30:00,29.0,71.9,245.4
2020-04-12 18:45:00,28.0,57.6,246.1
2020-04-12 19:00:00,28.0,76.4,245.1
2020-04-12 19:15:00,28.0,65.3,245.5
2020-04-12 19:30:00,27.0,71.7,245.4
2020-04-12 19:45:00,27.0,66.3,245.5
2020-04-12 20:00:00,27.0,67.6,245.8
2020-04-12 20:15:00,27.0,68.6,245.7
2020-04-12 20:30:00,24.0,61.3,246.1
2020-04-12 20:45:00,26.0,68.4,245.7
2020-04-12 21:00:00,26.0,66.0,246.2
2020-04-12 21:15:00,26.0,82.2,246.5
2020-04-12 21:30:00,26.0,69.7,246.9
2020-04-12 21:45:00,26.0,71.7,247.2
2020-04-12 22:00:00,26.0,73.7,247.4
2020-04-12 22:15:00,25.0,72.6,247.8
2020-04-12 22:30:00,26.0,72.0,248.2
2020-04-12 22:45:00,25.0,68.6,248.6
2020-04-12 23:00:00,25.0,68.7,249.0
2020-04-12 23:15:00,25.0,74.6,249.2
2020-04-12 23:30:00,25.0,62.8,249.1
2020-04-12 23:45:00,25.0,58.1,249.1
2020-04-13 00:00:00,25.0,62.3,249.2
2020-04-13 00:15:00,24.5,58.95,249.35
2020-04-13 00:30:00,24.0,55.6,249.5
2020-04-13 00:45:00,24.0,55.25,249.6
2020-04-13 01:00:00,24.0,54.9,249.7
2020-04-13 01:15:00,24.0,53.8,249.8
2020-04-13 01:30:00,24.0,54.2,249.9
2020-04-13 01:45:00,24.0,55.5,250.1
2020-04-13 02:00:00,24.0,45.8,250.1
2020-04-13 02:15:00,24.0,48.5,250.1
2020-04-13 02:30:00,24.0,42.1,250.5
2020-04-13 02:45:00,24.0,44.9,250.6
2020-04-13 03:00:00,24.0,44.0,250.7
2020-04-13 03:15:00,24.0,44.9,250.8
2020-04-13 03:30:00,24.0,42.4,250.8
2020-04-13 03:45:00,24.0,43.0,250.7
2020-04-13 04:00:00,23.0,41.1,251.0
2020-04-13 04:15:00,23.0,38.8,251.1
2020-04-13 04:30:00,23.0,38.7,251.1
2020-04-13 04:45:00,23.0,40.3,251.0
2020-04-13 05:00:00,23.0,37.3,251.1
2020-04-13 05:15:00,23.0,39.3,250.9
2020-04-13 05:30:00,23.0,40.7,251.3
2020-04-13 05:45:00,23.0,40.7,250.8
2020-04-13 06:00:00,23.0,36.6,250.4
2020-04-13 06:15:00,23.0,43.1,249.7
2020-04-13 06:30:00,24.0,36.3,249.6
2020-04-13 06:45:00,24.5,40.7,249.0
2020-04-13 07:00:00,25.0,55.1,248.7
2020-04-13 07:15:00,26.0,43.4,247.4
2020-04-13 07:30:00,26.0,41.3,247.0
2020-04-13 07:45:00,27.0,37.0,246.6
2020-04-13 08:00:00,27.0,46.3,246.1
2020-04-13 08:15:00,28.0,52.0,245.6
2020-04-13 08:30:00,28.0,41.0,245.4
2020-04-13 08:45:00,29.0,45.7,245.2
2020-04-13 09:00:00,30.0,53.3,245.5
2020-04-13 09:15:00,30.0,39.3,245.1
2020-04-13 09:30:00,30.0,52.7,244.9
2020-04-13 09:45:00,32.0,55.4,244.6
2020-04-13 10:00:00,32.0,43.4,245.4
2020-04-13 10:15:00,32.0,41.5,245.7
2020-04-13 10:30:00,33.0,43.1,245.9
2020-04-13 10:45:00,33.0,48.5,245.6
2020-04-13 11:00:00,34.0,45.5,245.4
2020-04-13 11:15:00,34.0,46.3,245.6
2020-04-13 11:30:00,35.0,47.2,245.3
2020-04-13 11:45:00,36.0,60.6,245.5
2020-04-13 12:00:00,36.0,46.9,245.5
2020-04-13 12:15:00,36.0,49.4,245.1
2020-04-13 12:30:00,37.0,58.2,245.0
2020-04-13 12:45:00,38.0,58.7,244.6
2020-04-13 13:00:00,39.0,63.3,244.4
2020-04-13 13:15:00,40.0,60.3,244.1
2020-04-13 13:30:00,38.0,63.4,243.7
2020-04-13 13:45:00,40.0,68.6,244.0
2020-04-13 14:00:00,41.0,68.3,244.1
2020-04-13 14:15:00,41.0,69.8,243.8
2020-04-13 14:30:00,41.0,81.8,244.2
2020-04-13 14:45:00,41.0,78.9,243.8
2020-04-13 15:00:00,42.0,80.1,245.0
2020-04-13 15:15:00,41.0,66.7,245.4
2020-04-13 15:30:00,41.0,71.5,245.3
2020-04-13 15:45:00,40.0,82.0,245.4
2020-04-13 16:00:00,40.0,74.5,245.7
2020-04-13 16:15:00,38.0,72.6,246.0
2020-04-13 16:30:00,37.0,70.6,246.4
2020-04-13 16:45:00,36.0,67.6,246.6
2020-04-13 17:00:00,35.0,48.8,247.3
2020-04-13 17:15:00,35.0,67.5,246.8
2020-04-13 17:30:00,34.0,79.4,246.8
2020-04-13 17:45:00,33.0,83.4,246.5
2020-04-13 18:00:00,33.0,82.8,246.0
2020-04-13 18:15:00,33.0,81.6,245.1
2020-04-13 18:30:00,33.0,89.1,243.3
2020-04-13 18:45:00,32.0,76.2,241.9
2020-04-13 19:00:00,32.0,75.6,242.3
2020-04-13 19:15:00,32.0,74.9,242.4
2020-04-13 19:30:00,31.0,80.0,241.8
2020-04-13 19:45:00,31.0,82.2,242.3
2020-04-13 20:00:00,31.0,81.0,242.7
2020-04-13 20:15:00,31.0,81.9,243.3
2020-04-13 20:30:00,31.0,77.2,243.6
2020-04-13 20:45:00,31.0,81.8,243.8
2020-04-13 21:00:00,31.0,85.3,243.1
2020-04-13 21:15:00,31.0,81.4,243.1
2020-04-13 21:30:00,30.0,75.7,243.3
2020-04-13 21:45:00,30.0,84.4,244.2
2020-04-13 22:00:00,30.0,83.3,244.0
2020-04-13 22:15:00,30.0,83.5,244.3
2020-04-13 22:30:00,29.0,73.8,245.0
2020-04-13 22:45:00,29.0,80.2,245.1
2020-04-13 23:00:00,29.0,83.5,245.3
2020-04-13 23:15:00,28.0,77.7,245.7
2020-04-13 23:30:00,28.0,79.0,246.4
2020-04-13 23:45:00,28.0,77.0,246.8
2020-04-14 00:00:00,28.0,77.4,247.8
2020-04-14 00:15:00,28.0,70.1,247.7
2020-04-14 00:30:00,28.0,59.2,248.4
